Date,Portfolio Return,Portfolio P&L,Portfolio Value
2025-01-03,0.02064264091110277,20642.640911102644,1020642.6409111026
2025-01-06,0.013053909009890452,13323.376166067901,1033966.0170771705
2025-01-07,-0.016115751682672885,-16663.139579538023,1017302.8774976325
2025-01-08,-0.0008310132801922373,-845.3922011782415,1016457.4852964543
2025-01-10,-0.010910458350299558,-11090.017058177153,1005367.4682382771
2025-01-13,0.004901861967196729,4928.172555614146,1010295.6407938913
2025-01-14,-0.0048656359850879,-4915.730825424194,1005379.9099684671
2025-01-15,0.028432496964491922,28585.461238339543,1033965.3712068066
2025-01-16,-0.01909300592015272,-19741.50695368438,1014223.8642531222
2025-01-17,0.014694345887402439,14903.35626859346,1029127.2205217157
2025-01-21,0.005698316653706831,5864.292779481853,1034991.5133011976
2025-01-22,0.00708747500657862,7335.476482543279,1042326.9897837408
2025-01-23,0.005169639987049031,5388.455285966629,1047715.4450697075
2025-01-24,-0.004246998036964749,-4449.645438508596,1043265.7996311989
2025-01-27,-0.018316368925839262,-19108.84127375565,1024156.9583574432
2025-01-28,0.01870503117538103,19156.88783455966,1043313.8461920029
2025-01-29,-0.007623611092584981,-7953.8190108770505,1035360.0271811258
2025-01-30,0.0025631192230461,2653.751188441529,1038013.7783695674
2025-01-31,-0.0036104662727657303,-3747.7137374695158,1034266.0646320978
2025-02-03,-0.01182598749791345,-12231.217549855355,1022034.8470822425
2025-02-04,0.014312519316026038,14627.893490516348,1036662.7405727588
2025-02-05,-0.00861281868611072,-8928.58822319971,1027734.1523495591
2025-02-06,0.00442221569282558,4544.862096572877,1032279.014446132
2025-02-07,-0.014099700023959752,-14554.824444719357,1017724.1900014126
2025-02-10,0.0045775476123472904,4658.680935968994,1022382.8709373816
2025-02-11,-0.0034249055605451513,-3501.56477967964,1018881.306157702
2025-02-12,-0.00355357021731063,-3620.6662645365577,1015260.6398931654
2025-02-13,0.01522966832842124,15462.082812473644,1030722.7227056391
2025-02-14,0.0019424876970141195,2002.1662078885129,1032724.8889135276
2025-02-18,-0.005827990814453221,-6018.7111664450495,1026706.1777470825
2025-02-19,0.004053583683634884,4161.839410002693,1030868.0171570852
2025-02-20,-0.00823614677434115,-8490.380294279777,1022377.6368628055
2025-02-21,-0.02774327927654509,-28364.10830557905,994013.5285572264
2025-02-24,-0.011669135640022539,-11599.278692751774,982414.2498644746
2025-02-25,-0.01788239387745354,-17567.91856689949,964846.3312975751
2025-02-26,-0.0022672047325699614,-2187.504168520565,962658.8271290546
2025-02-27,-0.020706479967693606,-19933.27571967116,942725.5514093834
2025-02-28,0.01955088380785904,18431.11771830474,961156.6691276882
2025-03-03,-0.029611270738650983,-28461.070351800066,932695.5987758881
2025-03-04,-0.006974376312161771,-6504.970090560149,926190.628685328
2025-03-05,0.011549324182425573,10696.875825411524,936887.5045107395
2025-03-06,-0.018987722463079042,-17789.359914776636,919098.1445959628
2025-03-07,0.00278192698291921,2556.863928402541,921655.0085243654
2025-03-10,-0.04584974119158941,-42257.64360877441,879397.364915591
2025-03-11,0.001189909974587831,1046.4036961392267,880443.7686117302
2025-03-12,0.01621256874436261,14274.255124163348,894718.0237358935
2025-03-13,-0.019271403972782934,-17242.47247714433,877475.5512587492
2025-03-14,0.027502128211422817,24132.44511310698,901607.9963718562
2025-03-17,-0.00431507025388492,-3890.5018458089326,897717.4945260473
2025-03-18,-0.017166636182946504,-15410.789623595076,882306.7049024522
2025-03-19,0.01552682583094113,13699.422536491998,896006.1274389442
2025-03-20,0.00158196665025432,1417.4518120319117,897423.5792509761
2025-03-21,0.01242855589999572,11153.679120694986,908577.2583716711
2025-03-24,0.028255288469599356,25672.112532209256,934249.3709038803
2025-03-25,0.01014737657052057,9480.180177333765,943729.5510812141
2025-03-26,-0.019667036345621915,-18560.363381551695,925169.1876996624
2025-03-27,-0.005439650066425261,-5032.596633324982,920136.5910663374
2025-03-28,-0.02690646166175652,-24757.61991110572,895378.9711552317
2025-03-31,0.0005063854639092201,453.4068956829142,895832.3780509146
2025-04-01,0.01093496492370004,9795.895631501568,905628.2736824162
2025-04-02,0.0079266802140344,7178.625718268449,912806.8994006846
2025-04-03,-0.05813487029013333,-53065.91069659765,859740.988704087
2025-04-04,-0.060859220886386164,-52323.16673662211,807417.8219674649
2025-04-07,0.00262341574392746,2118.192626077216,809536.0145935421
2025-04-08,-0.01337459713233222,-10827.218059302424,798708.7965342397
2025-04-09,0.11295485426192543,90218.03571024293,888926.8322444826
2025-04-10,-0.04254581667431896,-37820.11804155691,851106.7142029257
2025-04-11,0.021082111658963835,17943.126782519976,869049.8409854457
2025-04-14,-0.0031717697204585705,-2756.425971206976,866293.4150142387
2025-04-15,-0.0052881509220668,-4581.090321387979,861712.3246928507
2025-04-16,-0.02876077413596688,-24783.513540670043,836928.8111521807
2025-04-17,-0.02694991134873557,-22555.15726575395,814373.6538864267
2025-04-21,-0.03305249688629294,-26917.082659360138,787456.5712270666
2025-04-22,0.027185464024596033,21407.372288025217,808863.9435150918
2025-04-23,0.02564728897593836,20745.16730154853,829609.1108166403
2025-04-24,0.02223642391705923,18447.539873573347,848056.6506902137
2025-04-25,0.01892333374134614,16048.059032579069,864104.7097227927
2025-04-28,-0.00234328089953502,-2024.8400614917045,862079.869661301
2025-04-29,0.0017691276492066694,1525.1293332423083,863604.9989945433
2025-04-30,-0.00806146247392068,-6961.91929168487,856643.0797028585
2025-05-01,0.016794940955292385,14387.269943369203,871030.3496462277
2025-05-02,0.011675179554507122,10169.435729544959,881199.7853757726
2025-05-05,-0.009052785486791413,-7977.3126280135475,873222.4727477591
2025-05-06,-0.008710926965574722,-7606.57718480425,865615.8955629548
2025-05-07,-0.00263683531359473,-2282.486561429221,863333.4090015256
2025-05-08,0.010524685434084871,9086.312554477016,872419.7215560026
2025-05-09,0.0029599586228650897,2582.326277577202,875002.0478335798
2025-05-12,0.04330716560635904,37893.8585914321,912895.9064250119
2025-05-13,-0.0023689916445529813,-2162.6427746674744,910733.2636503445
2025-05-14,0.011210827037896621,10210.073096443084,920943.3367467875
2025-05-15,-0.01752286234614167,-16137.563318410306,904805.7734283772
2025-05-16,0.00952481090173456,8618.103894702974,913423.8773230802
2025-05-19,0.00345881101411955,3159.3605674449354,916583.2378905251
2025-05-20,-0.0038943025791547915,-3569.4524673271226,913013.785423198
2025-05-21,-0.016123004587139212,-14720.525450499612,898293.2599726984
2025-05-22,0.0024163886994647706,2170.625682203332,900463.8856549017
2025-05-23,-0.010033159749628111,-9034.498013546458,891429.3876413553
2025-05-27,0.024166889773393,21543.07575189194,912972.4633932472
2025-05-28,-0.004548899721198791,-4153.020184191759,908819.4432090555
2025-05-29,0.0050136985661399,4556.546739297453,913375.9899483529
2025-05-30,-0.00484445808589874,-4424.811699970975,908951.1782483819
2025-06-02,0.0059931106231561,5447.444962290581,914398.6232106725
2025-06-03,0.00162292479660394,1484.0001995891798,915882.6234102617
2025-06-04,-0.0006844725687519904,-626.8965319208801,915255.7268783408
2025-06-05,-0.019930573529489418,-18241.57156283513,897014.1553155057
2025-06-06,0.02107637443840358,18905.806213977863,915919.9615294836
2025-06-09,0.007974294104378691,7303.815149307367,923223.7766787909
2025-06-10,0.012576484329114871,11610.909359667217,934834.6860384581
2025-06-11,-0.00222036356871492,-2075.6728796508396,932759.0131588073
2025-06-12,0.0026778993826637103,2497.83478551195,935256.8479443192
2025-06-13,-0.005698143598431931,-5329.227821003529,929927.6201233157
2025-06-16,0.012018840794581381,11176.652016746113,941104.2721400618
2025-06-17,-0.006330200675809781,-5957.378899508505,935146.8932405533
2025-06-18,0.0012501358331496201,1169.0606404985301,936315.9538810519
2025-06-20,-0.00668055290925519,-6255.108269682154,930060.8456113697
2025-06-23,0.00917893277773356,8536.965981068905,938597.8115924386
2025-06-24,0.004956345379613351,4652.014926801319,943249.8265192399
2025-06-25,0.00272902793303801,2574.155124404351,945823.9816436443
2025-06-26,0.010485470820852171,9917.409761186573,955741.3914048309
2025-06-27,0.00849014577916179,8114.3837402059,963855.7751450368
2025-06-30,-0.0014209584839800899,-1369.5990410255035,962486.1761040112
2025-07-01,-0.00468074192495961,-4505.149396684137,957981.0267073271
2025-07-02,0.006265811407079911,6002.528444908909,963983.555152236
2025-07-03,0.00933590763143597,8999.661429124419,972983.2165813604
2025-07-07,-0.01517953684677426,-14769.434587389813,958213.7819939706
2025-07-08,0.0001448405576658597,138.78821854712442,958352.5702125177
2025-07-09,0.0056650589495075504,5429.1238046659855,963781.6940171837
2025-07-10,0.00686168993721344,6613.1711515081115,970394.8651686918
2025-07-11,0.0042584390723945905,4132.367409485509,974527.2325781774
2025-07-14,-0.0010238770554145504,-997.7960733134532,973529.4365048639
2025-07-15,-0.0027696775616768803,-2696.362635919475,970833.0738689444
2025-07-16,0.0017721196312205402,1720.4323488413356,972553.5062177858
2025-07-17,0.0011836809936277596,1151.1931005960796,973704.6993183818
2025-07-18,0.00027922938045891,271.88695994066074,973976.5862783225
2025-07-21,0.004945216237922655,4816.524829820148,978793.1111081426
2025-07-22,-0.001156593178644721,-1132.0654356121086,977661.0456725305
2025-07-23,0.009012595443212111,8811.26348523423,986472.3091577648
2025-07-24,-0.0073051930594332315,-7206.370666182367,979265.9384915824
2025-07-25,0.00504972490567722,4945.023598882253,984210.9620904647
2025-07-28,0.00683299128356061,6725.104925148888,990936.0670156135
2025-07-29,-0.0118645343557537,-11756.995011462248,979179.0720041513
2025-07-30,0.0017567341650959194,1720.1573295366252,980899.2293336879
2025-07-31,0.0011457192602029702,1123.8351393657504,982023.0644730537
2025-08-01,-0.030670603953435918,-30119.240483592497,951903.8239894612
2025-08-04,0.01437439854727425,13683.044944698806,965586.86893416
2025-08-05,-0.0007554814830589996,-729.4829997647321,964857.3859343952
2025-08-06,0.011613540865272217,11205.410680708825,976062.7966151041
2025-08-07,0.0005877559116561197,573.6866788580082,976636.4832939621
2025-08-08,0.014887800526602001,14539.969150282559,991176.4524442446
2025-08-11,0.00023653633205594955,234.44924248137977,991410.901686726
2025-08-12,0.012967441264974119,12856.062637077528,1004266.9643238035
2025-08-13,0.00251108005798362,2521.794747005333,1006788.7590708089
2025-08-14,0.0037233864416829905,3748.663615163183,1010537.4226859721
2025-08-15,0.007712024994830731,7793.289861966157,1018330.7125479382
2025-08-18,0.00108590687486561,1105.8123216426466,1019436.5248695809
2025-08-19,-0.012486495817168021,-12729.189903652295,1006707.3349659286
2025-08-20,-0.007954038533768968,-8007.388934546849,998699.9460313817
2025-08-21,-0.0022735788688267302,-2270.623093595379,996429.3229377863
2025-08-22,0.02268928602318164,22608.26991002052,1019037.5928478069
2025-08-25,0.00177505525048451,1808.848029625602,1020846.4408774325
2025-08-26,0.0023798914936766,2429.5037609942956,1023275.9446384268
2025-08-27,0.0027123027575699796,2775.4341663976666,1026051.3788048244
2025-08-28,0.0037953442344485794,3894.218184794765,1029945.5969896192
2025-08-29,-0.006483424692634609,-6677.574715592782,1023268.0222740264
2025-09-02,-0.00809215688940432,-8280.44537615194,1014987.5768978745
2025-09-03,0.01159490133227972,11768.680807620636,1026756.2577054951
2025-09-04,0.01213575624287338,12460.463664358831,1039216.7213698539
2025-09-05,-0.005978171097870238,-6212.615368116763,1033004.1060017372
2025-09-08,0.0021363341516236903,2206.8419504188932,1035210.9479521561
2025-09-09,0.01598024753952786,16542.92720390472,1051753.8751560608
2025-09-10,-0.00202302073208421,-2127.7198944904376,1049626.1552615704
2025-09-11,0.01080804076913882,11344.40227842168,1060970.557539992
2025-09-12,0.011126851002271948,11805.261311544804,1072775.8188515368
2025-09-15,0.01278470958943908,13715.127298589563,1086490.9461501264
2025-09-16,0.003121152964656301,3391.1044376487844,1089882.0505877752
2025-09-17,-0.0013391852146304897,-1459.5539278383367,1088422.4966599368
2025-09-18,-0.0007879087974977808,-857.5776605128776,1087564.918999424
2025-09-19,0.008433090332017288,9171.533203855157,1096736.4522032791
2025-09-22,0.005006559615049759,5490.876429953845,1102227.328633233
2025-09-23,-0.007529042919306961,-8298.716864112765,1093928.6117691202
2025-09-24,0.003006801023488391,3289.225669490872,1097217.837438611
2025-09-25,-0.0068286914921104475,-7492.5621115088,1089725.2753271023
2025-09-26,0.00669744039390778,7298.3700772379525,1097023.6454043402
2025-09-29,0.0005061048707473403,555.2090102641378,1097578.8544146044
2025-09-30,-0.0004955623608438601,-543.91876830603,1097034.9356462983
2025-10-01,0.00182723930924238,2004.5453580250032,1099039.4810043233
2025-10-02,-0.00210988652398162,-2318.8485902948305,1096720.6324140285
2025-10-03,-0.00081461896377753,-893.4094251303468,1095827.2229888982
2025-10-06,0.00985432132332899,10798.633570184,1106625.8565590822
2025-10-07,-0.00669644703279821,-7410.4614335729275,1099215.3951255092
2025-10-08,0.006279855869667041,6902.914251107257,1106118.3093766165
2025-10-09,-3.533124484393006e-05,-39.080536814872175,1106079.2288398016
2025-10-10,-0.03418409129131805,-37810.3133340904,1068268.9155057112
2025-10-13,0.0207889397598541,22208.178131772904,1090477.0936374841
2025-10-14,-0.009768864057582961,-10652.722485652659,1079824.3711518315
2025-10-15,0.0058959654996385506,6366.6072379800025,1086190.9783898115
2025-10-16,-0.007097620389383731,-7709.37123498437,1078481.607154827
2025-10-17,0.0073532770351804905,7930.374034756329,1086411.9811895834
2025-10-20,0.01518210404003087,16494.019728756044,1102906.0009183395
2025-10-21,-0.0027553239608309947,-3038.863330874592,1099867.1375874649
2025-10-22,-0.0040759329533409305,-4482.984710389515,1095384.1528770754
2025-10-23,0.006752926108689938,7397.048245008802,1102781.2011220842
2025-10-24,0.007293356845339202,8042.976822115248,1110824.1779441994
2025-10-27,0.01983251834085331,22030.440882541705,1132854.6188267411
2025-10-28,0.009206323399208391,10429.425985205919,1143284.044811947
2025-10-29,0.004221588369762223,4826.474626912735,1148110.5194388598
2025-10-30,-0.02518206872867494,-28911.798008623766,1119198.721430236
2025-10-31,0.007187282661094143,8043.9975648541,1127242.71899509
2025-11-03,0.00382834200341261,4315.470649169991,1131558.18964426
2025-11-04,-0.015774724152327873,-17850.01830394566,1113708.1713403144
2025-11-05,0.00436595819891674,4862.403321863851,1118570.5746621783
2025-11-06,-0.01550954785470851,-17348.523856591666,1101222.0508055866
2025-11-07,-0.0019191310404260797,-2113.389420102816,1099108.6613854838
2025-11-10,0.019578179109256952,21518.546233140863,1120627.2076186247
2025-11-11,0.0010659892818037802,1194.5765922188293,1121821.7842108435
2025-11-12,-0.004816144101062991,-5402.855368471006,1116418.9288423725
2025-11-13,-0.02259693872762954,-25227.650129416957,1091191.2787129555
2025-11-14,-0.00245235845550675,-2675.9921589270234,1088515.2865540285
2025-11-17,-0.004923695932203731,-5359.518288547639,1083155.7682654809
2025-11-18,-0.014367435215984102,-15562.170329373796,1067593.597936107
2025-11-19,0.0027397533572344297,2924.9431441074703,1070518.5410802145
2025-11-20,-0.0128663620523102,-13773.679133248981,1056744.8619469656
2025-11-21,0.007139834946596941,7544.983894965611,1064289.8458419312
2025-11-24,0.02113993289560164,22499.01592256874,1086788.8617645
2025-11-25,0.00811902262377956,8823.66335593746,1095612.5251204374
2025-11-26,0.0061119496077244794,6696.328543127747,1102308.8536635651
2025-11-28,0.00764636097387709,8428.651399812195,1110737.5050633773
2025-12-01,-0.0031534093258345636,-3502.6100070208777,1107234.8950563564
2025-12-02,0.00288158504422868,3190.5915140425786,1110425.486570399
2025-12-03,0.006886384384832821,7646.816731238738,1118072.3033016378
2025-12-04,0.003427339308165909,3832.0131544773467,1121904.316456115
2025-12-05,0.0008490388774571799,952.5403814583551,1122856.8568375735
2025-12-08,-0.00688982492696138,-7736.287161648972,1115120.5696759245
2025-12-09,-0.001913896343562635,-2134.2251809341833,1112986.3444949903
2025-12-10,0.00586670260640655,6529.559888143558,1119515.9043831339
2025-12-11,0.0002916912066106901,326.5529449696187,1119842.4573281035
2025-12-12,-0.00444239755974997,-4974.785399738932,1114867.6719283646
2025-12-15,-9.177353511183005e-05,-102.31534743472002,1114765.3565809298
2025-12-16,-0.0008109131422419117,-903.977878167294,1113861.3787027625
2025-12-17,-0.01330575454778199,-14820.766105272807,1099040.6125974897
2025-12-18,0.01122061452023352,12331.91105603776,1111372.5236535275
2025-12-19,0.006538943755191192,7267.2024232354015,1118639.726076763
2025-12-22,0.00596030070870401,6667.429152119672,1125307.1552288826
2025-12-23,0.00864670438439684,9730.198312910507,1135037.353541793
2025-12-24,0.00250658572535073,2845.0684281277936,1137882.4219699209
2025-12-26,-0.0012779830835768305,-1454.1944863770623,1136428.2274835438
2025-12-29,-0.006380555214269241,-7251.0430525129195,1129177.1844310309
2025-12-30,0.0009670774693768401,1092.0018139975145,1130269.1862450284
