Date,EWMA Scaled Return
2020-01-03,-0.00675846808971709
2020-01-06,0.0070623920287916616
2020-01-07,-0.0007124496926296578
2020-01-08,0.007833858909764709
2020-01-09,0.007619163146236544
2020-01-10,-0.0011934696689263806
2020-01-13,0.014744652105110759
2020-01-14,-0.005719355100379851
2020-01-15,-0.0019998553315669115
2020-01-16,0.008508588747347393
2020-01-17,0.004092794950607815
2020-01-21,0.0008272656183356212
2020-01-22,0.0026702952388662263
2020-01-23,0.002702390040274562
2020-01-24,-0.01138647835720682
2020-01-27,-0.02475562700190469
2020-01-28,0.018683604168306705
2020-01-29,0.006548816924624639
2020-01-30,0.0073345100617759245
2020-01-31,-0.018334683819638545
2020-02-03,0.017193218578459634
2020-02-04,0.02304396538959368
2020-02-05,0.00030717821582579893
2020-02-06,0.008849692814121499
2020-02-07,-0.0030758836208257066
2020-02-10,0.016037441775558853
2020-02-11,-0.0007848423711536909
2020-02-12,0.010969334985617933
2020-02-13,-0.001625927316825829
2020-02-14,0.00990571811462904
2020-02-18,0.005209534298278957
2020-02-19,0.019107834835021032
2020-02-20,-0.010957367810990121
2020-02-21,-0.024266939272862623
2020-02-24,-0.04724920319574934
2020-02-25,-0.022296478873556604
2020-02-26,0.004393743125041716
2020-02-27,-0.04133017875470713
2020-02-28,0.006746803297054464
2020-03-02,0.03004455667081974
2020-03-03,-0.01782443775545323
2020-03-04,0.019740308062395344
2020-03-05,-0.016319450798859658
2020-03-06,-0.010647975631674956
2020-03-09,-0.0380087657193291
2020-03-10,0.02180332415606979
2020-03-11,-0.014649484489698116
2020-03-12,-0.03585518500436882
2020-03-13,0.029144094044233508
2020-03-16,-0.0388597376493924
2020-03-17,0.012667888658685887
2020-03-18,-0.011722796922860278
2020-03-19,0.005923851359222443
2020-03-20,-0.008535212298302279
2020-03-23,-0.002086268707302318
2020-03-24,0.02301398782611659
2020-03-25,0.0002452816029058862
2020-03-26,0.011063979773702201
2020-03-27,-0.009166216485509089
2020-03-30,0.008335178277744533
2020-03-31,-0.0010313842056709239
2020-04-01,-0.012427609527922186
2020-04-02,0.004905942604474994
2020-04-03,-0.0047917302524024576
2020-04-06,0.018575926876023458
2020-04-07,-0.0006645977729458515
2020-04-08,0.006927959303423197
2020-04-09,0.0022243229044633444
2020-04-13,0.004144392582198101
2020-04-14,0.010319871875599977
2020-04-15,-0.0024786701039336144
2020-04-16,0.0044659630293757396
2020-04-17,0.003309430503540702
2020-04-20,-0.00569899882966966
2020-04-21,-0.012260425134021362
2020-04-22,0.0103974003564791
2020-04-23,0.0002498725307748215
2020-04-24,0.005702623119941778
2020-04-27,0.00354389472003274
2020-04-28,-0.006051535766312625
2020-04-29,0.013187545321604195
2020-04-30,0.002124519092994334
2020-05-01,-0.012893521386394956
2020-05-04,0.006703172010331135
2020-05-05,0.0034764826962180883
2020-05-06,0.0016662712941264036
2020-05-07,0.0039038175805082656
2020-05-08,0.0070700522023466415
2020-05-11,0.0035433525750738957
2020-05-12,-0.00843260900861441
2020-05-13,-0.007155978368784401
2020-05-14,0.006992114138785386
2020-05-15,0.0044282867231047315
2020-05-18,0.010513981794899617
2020-05-19,-0.0022509139298009535
2020-05-20,0.009953561012789698
2020-05-21,-0.004895275202620393
2020-05-22,0.0027323007655741726
2020-05-26,0.00024312334984791134
2020-05-27,0.0021304620260211423
2020-05-28,-0.003209889872076834
2020-05-29,0.005872398156684973
2020-06-01,0.0055323949888787215
2020-06-02,0.002490495112340691
2020-06-03,0.004318405612828926
2020-06-04,-0.004562607210737441
2020-06-05,0.017269913707411984
2020-06-08,0.0056661529195432304
2020-06-09,0.007619605964316296
2020-06-10,0.009631673718825782
2020-06-11,-0.03794848530567511
2020-06-12,0.004574501141578106
2020-06-15,0.00797606740818901
2020-06-16,0.007867662998047678
2020-06-17,0.00032470058831557413
2020-06-18,0.0005190274581621181
2020-06-19,-0.0016939133536438757
2020-06-22,0.01024482401695722
2020-06-23,0.006486577233058824
2020-06-24,-0.01597873864931812
2020-06-25,0.01092347219615516
2020-06-26,-0.024190988489834486
2020-06-29,0.008612929598529065
2020-06-30,0.013448863062137377
2020-07-01,0.005804945642857153
2020-07-02,0.005357652491205363
2020-07-06,0.01993954566497141
2020-07-07,-0.005456747837604594
2020-07-08,0.011092624451058611
2020-07-09,0.0038843824407522047
2020-07-10,0.008830583549332461
2020-07-13,-0.011085944657439778
2020-07-14,0.008972249102699179
2020-07-15,-0.0008545119932212089
2020-07-16,-0.005792267040762346
2020-07-17,-0.0028347732521580753
2020-07-20,0.021012413867229726
2020-07-21,-0.005648686277737966
2020-07-22,0.0017108145223317102
2020-07-23,-0.0236504219495879
2020-07-24,-0.0037333660438652375
2020-07-27,0.011848299256494103
2020-07-28,-0.010045363777576604
2020-07-29,0.012285622580505366
2020-07-30,0.00028344022434244695
2020-07-31,0.016943166671868817
2020-08-03,0.013226297447054959
2020-08-04,0.002101968153583032
2020-08-05,0.0052936294054905615
2020-08-06,0.012117727266248072
2020-08-07,-0.007486657855178507
2020-08-10,-0.0005717348254778517
2020-08-11,-0.013935887611228383
2020-08-12,0.024639000576829696
2020-08-13,0.00319325136070702
2020-08-14,0.001424377134073407
2020-08-17,0.01083807550163868
2020-08-18,0.006110112563591449
2020-08-19,-0.004306067880490864
2020-08-20,0.011167192598709762
2020-08-21,0.013385822661213182
2020-08-24,0.006750844238815023
2020-08-25,0.0038626891312743407
2020-08-26,0.01382374127359216
2020-08-27,0.0007717283601085032
2020-08-28,0.00877145854197912
2020-08-31,0.009293617592687242
2020-09-01,0.013525161027769017
2020-09-02,0.008936967003269809
2020-09-03,-0.05637793094373344
2020-09-04,-0.006931521964142323
2020-09-08,-0.03963317212152273
2020-09-09,0.019863172562774943
2020-09-10,-0.012589844769191888
2020-09-11,-0.0038418104693451363
2020-09-14,0.01225105754837213
2020-09-15,0.004501066584720067
2020-09-16,-0.01033316905141093
2020-09-17,-0.008227084423707192
2020-09-18,-0.008468869781552084
2020-09-21,0.0026922412802344886
2020-09-22,0.006608011162024178
2020-09-23,-0.023270554628650405
2020-09-24,0.005371590352061307
2020-09-25,0.01603581141191691
2020-09-28,0.01024082676844136
2020-09-29,-0.0016465605871032421
2020-09-30,0.007380800402780357
2020-10-01,0.006277714942631125
2020-10-02,-0.017137468367536296
2020-10-05,0.016190597203875313
2020-10-06,-0.010943079534931927
2020-10-07,0.010268119175857815
2020-10-08,0.003784894284207468
2020-10-09,0.00742930885391649
2020-10-12,0.021904146854698586
2020-10-13,-0.003337801311742599
2020-10-14,-0.004241689169026843
2020-10-15,-0.0027166828203296594
2020-10-16,-0.004576064351735958
2020-10-19,-0.015339810596398662
2020-10-20,0.004900351019787132
2020-10-21,-0.0006093697516943845
2020-10-22,0.002892300425534514
2020-10-23,0.004412609724325965
2020-10-26,-0.014123629421984706
2020-10-27,0.007324701441637561
2020-10-28,-0.03652475051053696
2020-10-29,0.014856551072306618
2020-10-30,-0.016792384657622703
2020-11-02,0.0040021763450639285
2020-11-03,0.013640317749690687
2020-11-04,0.026199944423775646
2020-11-05,0.015315342620813945
2020-11-06,-0.00016885938243616525
2020-11-09,-0.0043031314272852575
2020-11-10,-0.013218340548101252
2020-11-11,0.012470777091231252
2020-11-12,-0.003320007857621701
2020-11-13,0.002040487114456034
2020-11-16,0.007079358321030899
2020-11-17,-0.0018708428818323486
2020-11-18,-0.003986615335609357
2020-11-19,0.0030813103353066022
2020-11-20,-0.00930460007289127
2020-11-23,0.0020808910512586432
2020-11-24,0.013711466228325801
2020-11-25,0.004011024068341592
2020-11-27,0.003495313264364563
2020-11-30,-0.004097097455555971
2020-12-01,0.014184364983154667
2020-12-02,0.0051165467053861675
2020-12-03,-0.001973552533089879
2020-12-04,0.002795802627724008
2020-12-07,0.00467800147308632
2020-12-08,0.0014621826935271227
2020-12-09,-0.02003960303349847
2020-12-10,0.0027267341729562944
2020-12-11,-0.0011998890971128002
2020-12-14,0.0023665313670102697
2020-12-15,0.013746415976149244
2020-12-16,0.004366960302878058
2020-12-17,0.0031444792739678974
2020-12-18,-0.005221452554601306
2020-12-21,0.005199152781988252
2020-12-22,0.0008195908022693303
2020-12-23,-0.0025085848873160855
2020-12-24,0.003908969469894738
2020-12-28,0.019792965120820464
2020-12-29,-0.003407753391442651
2020-12-30,-0.0021340272352625804
2020-12-31,0.000846576696990984
2021-01-04,-0.013936009590263084
2021-01-05,0.013248546251002956
2021-01-06,-0.01928447171377778
2021-01-07,0.038621411743067144
2021-01-08,0.007667576825611917
2021-01-11,-0.010327735611165479
2021-01-12,-0.0010874647350199126
2021-01-13,0.007749608263141447
2021-01-14,-0.011831303473063541
2021-01-15,-0.012812514546138043
2021-01-19,0.013952637814240675
2021-01-20,0.027487649470575422
2021-01-21,0.013107986139407267
2021-01-22,1.84957413972578e-06
2021-01-25,0.008049273334846183
2021-01-26,8.132714951104696e-05
2021-01-27,-0.02335844782983946
2021-01-28,0.000527726867385611
2021-01-29,-0.022184794758160806
2021-02-01,0.021894557068224983
2021-02-02,0.013102168682604989
2021-02-03,0.006386547181398976
2021-02-04,0.0072154114780701595
2021-02-05,0.0020305935587883257
2021-02-08,0.01192298546867368
2021-02-09,-0.0036649435501923708
2021-02-10,0.002494109544929549
2021-02-11,0.0035049148491116504
2021-02-12,0.00022814725473802773
2021-02-16,0.0030465777483307736
2021-02-17,-0.00454540486915949
2021-02-18,-0.005112442834835767
2021-02-19,-0.004915381381392213
2021-02-22,-0.0257790945526818
2021-02-23,-0.0009323072702940538
2021-02-24,0.011618163298262384
2021-02-25,-0.04487697430707671
2021-02-26,0.004678697729377995
2021-03-01,0.025338371251847056
2021-03-02,-0.014236104899421705
2021-03-03,-0.018902280868169544
2021-03-04,-0.008303377973269207
2021-03-05,0.011206636824089863
2021-03-08,-0.025758003131221355
2021-03-09,0.029480493137777335
2021-03-10,-0.0006522291250650753
2021-03-11,0.014651593501722114
2021-03-12,-0.004389968787723058
2021-03-15,0.0056641696537345606
2021-03-16,0.002800757352916139
2021-03-17,0.0027951053680034766
2021-03-18,-0.021857642776198595
2021-03-19,0.0021026492385790895
2021-03-22,0.009916543728913473
2021-03-23,-0.002144512017345123
2021-03-24,-0.011260034427830424
2021-03-25,-0.00190092637537342
2021-03-26,0.00802495756303121
2021-03-29,0.0015352120575268403
2021-03-30,-0.004188194093851625
2021-03-31,0.013124088971771595
2021-04-01,0.01572903199340756
2021-04-05,0.018050896740215913
2021-04-06,-0.0034926984504787895
2021-04-07,0.009949924668116035
2021-04-08,0.008042136006660068
2021-04-09,0.009877020667716993
2021-04-12,0.0051888319040801194
2021-04-13,0.013445742659788821
2021-04-14,-0.014039709648893778
2021-04-15,0.019248647466743714
2021-04-16,-0.0009040996704088445
2021-04-19,-0.008248411367012692
2021-04-20,-0.007798074212851061
2021-04-21,0.007447381575543373
2021-04-22,-0.01708575415933903
2021-04-23,0.01617025009647101
2021-04-26,0.005612544348909088
2021-04-27,-0.002905744669519778
2021-04-28,-0.00042826435045780327
2021-04-29,0.006720459293788665
2021-04-30,-0.009459278688892632
2021-05-03,-0.0034430269948265636
2021-05-04,-0.01890856179995237
2021-05-05,0.0020742836417953674
2021-05-06,0.010973822411798432
2021-05-07,0.008331166642699174
2021-05-10,-0.027133052182726748
2021-05-11,-0.0067950126286006225
2021-05-12,-0.025393097058201756
2021-05-13,0.007369249170228507
2021-05-14,0.022636862489764327
2021-05-17,-0.0021056328473755357
2021-05-18,-0.010162224544806727
2021-05-19,-0.0016359410914549048
2021-05-20,0.015922796313684734
2021-05-21,-0.0011343944816241823
2021-05-24,0.020481678125213454
2021-05-25,-0.00046151028113182257
2021-05-26,0.0028680233746400364
2021-05-27,-0.00478906693403946
2021-05-28,0.004576528121435574
2021-06-01,0.0014160229492322153
2021-06-02,0.005060294304470411
2021-06-03,-0.007635765153748815
2021-06-04,0.020089710930350946
2021-06-07,0.0024433279588476813
2021-06-08,0.0013460824092154408
2021-06-09,-0.0005994736263550618
2021-06-10,0.004929350130187303
2021-06-11,0.00523979843795825
2021-06-14,0.011738965498505506
2021-06-15,-0.007684599268703658
2021-06-16,0.0007200076175535256
2021-06-17,0.015472850476591353
2021-06-18,-0.012615480319629169
2021-06-21,0.010694615914624119
2021-06-22,0.015718881277546178
2021-06-23,0.005156030674610188
2021-06-24,0.005233285580611552
2021-06-25,-0.004292896352055578
2021-06-28,0.021036399648629016
2021-06-29,0.002728154746401968
2021-06-30,0.0013417543645872611
2021-07-01,0.0071074112778039215
2021-07-02,0.02072563274573628
2021-07-06,0.007021577921968975
2021-07-07,0.0017217914881790613
2021-07-08,-0.013365156209503393
2021-07-09,0.013644759485342817
2021-07-12,0.011265929389893467
2021-07-13,-0.003035881188136604
2021-07-14,-0.0005479059890846485
2021-07-15,-0.017254031104896414
2021-07-16,-0.024025798428143362
2021-07-19,-0.016698675387622954
2021-07-20,0.01611184342704965
2021-07-21,0.016182928068127166
2021-07-22,0.008717491149736297
2021-07-23,0.013669488798164453
2021-07-26,0.004085686723139304
2021-07-27,-0.01487022147632804
2021-07-28,0.004936930351844658
2021-07-29,0.004600290533032624
2021-07-30,-0.01729456120129923
2021-08-02,0.003706128526099047
2021-08-03,0.011853293395896077
2021-08-04,0.001019030028165509
2021-08-05,0.010526473560989808
2021-08-06,-0.002197336255866183
2021-08-09,-0.0013002882818669325
2021-08-10,-0.005171249974341756
2021-08-11,-0.0031453864896031527
2021-08-12,0.016406290649743114
2021-08-13,0.004361736940993387
2021-08-16,0.0002597617680948903
2021-08-17,-0.021898133175611793
2021-08-18,-0.021344073839122443
2021-08-19,0.010893653982240934
2021-08-20,0.026692496708526626
2021-08-23,0.028343661695549714
2021-08-24,0.001416929484009635
2021-08-25,0.004794779610109414
2021-08-26,-0.007346209899503787
2021-08-27,0.0174400526965065
2021-08-30,0.015227602685775742
2021-08-31,-0.005490567746795563
2021-09-01,0.001928114452169983
2021-09-02,0.0006785027520431533
2021-09-03,0.005777701496817374
2021-09-07,0.006275801948410959
2021-09-08,-0.009828782622747789
2021-09-09,-0.007489735940734416
2021-09-10,-0.018368943060011328
2021-09-13,0.006639845099987403
2021-09-14,-0.004145664158557115
2021-09-15,0.016189735102159677
2021-09-16,-0.0027611187378098973
2021-09-17,-0.02141707438555452
2021-09-20,-0.040846061449237546
2021-09-21,0.003237498256838137
2021-09-22,0.018028171565536093
2021-09-23,0.01606086996195539
2021-09-24,0.0026710301636996814
2021-09-27,-0.005424462555912997
2021-09-28,-0.03593431289002273
2021-09-29,-0.001243455129982608
2021-09-30,-0.007340622818012242
2021-10-01,0.014275392263187154
2021-10-04,-0.02654980910062568
2021-10-05,0.018202979915524577
2021-10-06,0.007540481096013453
2021-10-07,0.010398216741952206
2021-10-08,-0.000975321335123315
2021-10-11,-0.007305126824385654
2021-10-12,-0.005679365216869733
2021-10-13,0.002815721534539012
2021-10-14,0.02506934957473399
2021-10-15,0.01154229889798722
2021-10-18,0.012152687340380788
2021-10-19,0.007047352260496936
2021-10-20,0.00021550186949970175
2021-10-21,0.008555165161881281
2021-10-22,-0.008116257093401287
2021-10-25,0.010597482233938825
2021-10-26,0.017228235365016657
2021-10-27,0.007170020691890925
2021-10-28,0.017136307849653167
2021-10-29,0.006842659215668944
2021-11-01,-0.00020887970734355415
2021-11-02,0.006585099792055144
2021-11-03,0.010897731077115475
2021-11-04,0.027559332031423894
2021-11-05,0.0029825788938931137
2021-11-08,0.0033388530058156155
2021-11-09,-0.006438988580203177
2021-11-10,-0.021948172107577334
2021-11-11,0.005452834939216076
2021-11-12,0.009889915402718445
2021-11-15,-0.002858872142692211
2021-11-16,0.0053202067805079535
2021-11-17,-0.0011896730523399258
2021-11-18,0.03005142014966729
2021-11-19,0.008507416759571292
2021-11-22,-0.009073422275109183
2021-11-23,0.0005852148506869556
2021-11-24,0.007626381687315646
2021-11-26,-0.037720982409253756
2021-11-29,0.026118086358522728
2021-11-30,-0.009058612377338902
2021-12-01,-0.01400693985663909
2021-12-02,0.005836830469488935
2021-12-03,-0.019976626089981183
2021-12-06,0.00852351187343523
2021-12-07,0.032937421901153605
2021-12-08,0.003214001092253668
2021-12-09,-0.010684265074801387
2021-12-10,0.007493021874105022
2021-12-13,-0.020959902207730547
2021-12-14,-0.0059750498354023416
2021-12-15,0.023047238383369893
2021-12-16,-0.024042968944801648
2021-12-17,-0.007714713784607476
2021-12-20,-0.009148657601138246
2021-12-21,0.0190770637935708
2021-12-22,0.011018984876470543
2021-12-23,0.005426485350440586
2021-12-27,0.014967308351421528
2021-12-28,-0.003723852282781196
2021-12-29,-0.0023264726726156134
2021-12-30,-0.00515858562061515
2021-12-31,-0.005811804347548459
2022-01-03,0.018175625016767262
2022-01-04,-0.008049255086000563
2022-01-05,-0.028324275589363127
2022-01-06,-0.0014469216746821549
2022-01-07,-0.005963121896756918
2022-01-10,0.0024119825665815777
2022-01-11,0.010934028468735138
2022-01-12,0.0058419812723371324
2022-01-13,-0.02476959835307758
2022-01-14,0.002655417602076113
2022-01-18,-0.021076887246155075
2022-01-19,-0.011132209004370635
2022-01-20,-0.011221845203626369
2022-01-21,-0.02112379380012635
2022-01-24,0.0011310053669075942
2022-01-25,-0.015424563525858246
2022-01-26,0.006848339590219228
2022-01-27,-0.008874937976920795
2022-01-28,0.027297960620168676
2022-01-31,0.023233013612745188
2022-02-01,0.005117093418506136
2022-02-02,0.009655552112001134
2022-02-03,-0.03245782670859056
2022-02-04,0.01354920941454903
2022-02-07,-0.0037408552333913253
2022-02-08,0.007218496540992565
2022-02-09,0.012583920154425247
2022-02-10,-0.014317692665355847
2022-02-11,-0.020198867036327454
2022-02-14,0.0017097881800113859
2022-02-15,0.01703450366368672
2022-02-16,0.0006881441831988899
2022-02-17,-0.022298711738965374
2022-02-18,-0.008200937912325658
2022-02-22,-0.00727702624051337
2022-02-23,-0.017558873745668717
2022-02-24,0.017610381091634316
2022-02-25,0.009850924355068501
2022-02-28,0.0015961862438942742
2022-03-01,-0.011099855486375536
2022-03-02,0.01147330597180474
2022-03-03,-0.00813150783510608
2022-03-04,-0.009924906653608937
2022-03-07,-0.026077456745079733
2022-03-08,-0.001857225810645302
2022-03-09,0.022987008833709053
2022-03-10,-0.003442603211413256
2022-03-11,-0.013209271664508412
2022-03-14,-0.012282913565374705
2022-03-15,0.019359832519833788
2022-03-16,0.02032106257923838
2022-03-17,0.006975422927775986
2022-03-18,0.013700880540966059
2022-03-21,0.0025077211818634775
2022-03-22,0.009668069329897788
2022-03-23,-0.005650537682532033
2022-03-24,0.016254343768640978
2022-03-25,0.0006373187606329644
2022-03-28,0.007088328637111425
2022-03-29,0.006614618676018777
2022-03-30,-0.005504658128121087
2022-03-31,-0.01247958196509276
2022-04-01,-0.000751547970136445
2022-04-04,0.013841520413250426
2022-04-05,-0.01436277651458156
2022-04-06,-0.01852353521395136
2022-04-07,0.00028603142242205134
2022-04-08,-0.008911158205596351
2022-04-11,-0.021065755810273666
2022-04-12,-0.0023772621333596473
2022-04-13,0.010130962566767085
2022-04-14,-0.016727384993460766
2022-04-18,0.005517596687351524
2022-04-19,0.012009767170452127
2022-04-20,-0.009404623098185759
2022-04-21,-0.015759608487466565
2022-04-22,-0.018744328096519942
2022-04-25,0.00704220424567626
2022-04-26,-0.02794895975752772
2022-04-27,-0.0012896093681854486
2022-04-28,0.026390387257106258
2022-04-29,-0.028062846077145726
2022-05-02,0.009823289057499874
2022-05-03,0.002561839019098195
2022-05-04,0.018033797252032236
2022-05-05,-0.02797930089821553
2022-05-06,-0.0020051344585712014
2022-05-09,-0.023185117660887187
2022-05-10,0.005572193790345225
2022-05-11,-0.01578924345432347
2022-05-12,-0.00549686809881219
2022-05-13,0.018127192201348417
2022-05-16,-0.004899552074227276
2022-05-17,0.013311474005158362
2022-05-18,-0.023624957959539807
2022-05-19,-0.002495877091551077
2022-05-20,-0.0032318494087954248
2022-05-23,0.011810671007676316
2022-05-24,-0.011364052867157875
2022-05-25,0.007595079978699292
2022-05-26,0.01303817672408263
2022-05-27,0.01612379533688079
2022-05-31,0.0004818392127159422
2022-06-01,-0.0024387475124447544
2022-06-02,0.013341316184185876
2022-06-03,-0.014946900433428112
2022-06-06,0.003139945863876511
2022-06-07,0.004565404777672164
2022-06-08,-0.0032161364538316165
2022-06-09,-0.015237896734053562
2022-06-10,-0.022257873589944285
2022-06-13,-0.02466465203958319
2022-06-14,0.0009539123017632895
2022-06-15,0.013027364154709772
2022-06-16,-0.01840928096787589
2022-06-17,0.0036327949483043864
2022-06-21,0.01564478895230231
2022-06-22,-0.002295310064878999
2022-06-23,0.004396178653948668
2022-06-24,0.01730747587907232
2022-06-27,-0.0035294272895948246
2022-06-28,-0.015443279795819094
2022-06-29,9.800110855159627e-05
2022-06-30,-0.009949856907293868
2022-07-01,0.002131840680407897
2022-07-05,0.00946482298281743
2022-07-06,0.0036439828605504096
2022-07-07,0.013876266698774722
2022-07-08,0.0006366198345301903
2022-07-11,-0.014030966199693762
2022-07-12,-0.005665904157200063
2022-07-13,-0.0015079587741321163
2022-07-14,0.0002022421746350518
2022-07-15,0.013085884817278633
2022-07-18,-0.002977439133709931
2022-07-19,0.020385900101083192
2022-07-20,0.009886082936790828
2022-07-21,0.00786339519404752
2022-07-22,-0.013846022636208466
2022-07-25,-0.0030449470057199403
2022-07-26,-0.014701769878056558
2022-07-27,0.030278475439788857
2022-07-28,0.004314812333188793
2022-07-29,0.015166416375569376
2022-08-01,-0.002216474083148115
2022-08-02,-0.0026975878531891144
2022-08-03,0.014464679403001847
2022-08-04,0.001079891863890226
2022-08-05,-0.002965397556630695
2022-08-08,-0.007626725134861581
2022-08-09,-0.004129948951067016
2022-08-10,0.020279976512240273
2022-08-11,-0.0028480857047694587
2022-08-12,0.015122969260043398
2022-08-15,0.0036532337496133966
2022-08-16,-0.0007845569685955714
2022-08-17,-0.005995716424926994
2022-08-18,0.002275757822529932
2022-08-19,-0.016592231834079377
2022-08-22,-0.01875529588644213
2022-08-23,0.0006248496329200387
2022-08-24,0.0011866414223387655
2022-08-25,0.014404321118775133
2022-08-26,-0.03329202520475983
2022-08-29,-0.006496305011469502
2022-08-30,-0.008280559999838556
2022-08-31,-0.005541746571678012
2022-09-01,-0.005309411380070582
2022-09-02,-0.009155169029940303
2022-09-06,-0.0049749696996953165
2022-09-07,0.011544688893100126
2022-09-08,0.003726136181586557
2022-09-09,0.015152341632888729
2022-09-12,0.011132224405052663
2022-09-13,-0.04446811935997592
2022-09-14,0.003205929317157742
2022-09-15,-0.007506031376550067
2022-09-16,-0.00272862413328037
2022-09-19,0.006427398506039317
2022-09-20,-0.004631865394307187
2022-09-21,-0.011096131771067604
2022-09-22,-0.006954287294335957
2022-09-23,-0.01174667368811257
2022-09-26,-0.005062528929655498
2022-09-27,0.001493920259589192
2022-09-28,0.012182537182024179
2022-09-29,-0.021820429236339693
2022-09-30,-0.01109731970805843
2022-10-03,0.016026223301997763
2022-10-04,0.022131775259337256
2022-10-05,-0.00021871553320594464
2022-10-06,-0.0038559995990136483
2022-10-07,-0.028991026436532504
2022-10-10,-0.006974717391062322
2022-10-11,-0.008529148716040063
2022-10-12,0.00047727995366892903
2022-10-13,0.018293849486384926
2022-10-14,-0.019325217655767415
2022-10-17,0.024182674379481926
2022-10-18,0.00480294341663229
2022-10-19,-0.0013561284896649374
2022-10-20,-0.0016488004677285711
2022-10-21,0.014963242462807202
2022-10-24,0.005711394484952298
2022-10-25,0.01277907859218439
2022-10-26,-0.020506832565862238
2022-10-27,-0.015144289918776309
2022-10-28,0.016886174328591776
2022-10-31,-0.008341490968224428
2022-11-01,-0.0072622400399747315
2022-11-02,-0.019058338840758988
2022-11-03,-0.009763877853652448
2022-11-04,0.011214293987442133
2022-11-07,0.006013158815595471
2022-11-08,0.0021945675623209183
2022-11-09,-0.01811988774961546
2022-11-10,0.046986649726872935
2022-11-11,0.008748510168694521
2022-11-14,-0.004932155438713688
2022-11-15,0.004535743136069708
2022-11-16,-0.006082299369315735
2022-11-17,-0.0020760046109630672
2022-11-18,-0.0011963316068049892
2022-11-21,-0.007788066621521169
2022-11-22,0.009723091606593197
2022-11-23,0.007967507893733983
2022-11-25,-0.004168754712915191
2022-11-28,-0.010357755399818574
2022-11-29,-0.004559537453708919
2022-11-30,0.029400386300574236
2022-12-01,-0.0003965211391680375
2022-12-02,-0.002416998981902707
2022-12-05,-0.010407018249818956
2022-12-06,-0.013475709149966379
2022-12-07,-0.0029657417728144037
2022-12-08,0.009442005671474851
2022-12-09,-0.0032102666825024506
2022-12-12,0.008144957403520574
2022-12-13,0.007757433739745213
2022-12-14,-0.0057352434680246174
2022-12-15,-0.021624533914047995
2022-12-16,-0.007487445363533781
2022-12-19,-0.009392941300953132
2022-12-20,-0.0012568040477808533
2022-12-21,0.010153609995940912
2022-12-22,-0.021116155986638435
2022-12-23,0.0021479964712932363
2022-12-27,-0.015719223835304077
2022-12-28,-0.006934841569545403
2022-12-29,0.017709864519957968
2022-12-30,0.000719789855789696
2023-01-03,-0.009180321855521038
2023-01-04,0.0006960527545147672
2023-01-05,-0.012035021735616713
2023-01-06,0.01644968113417661
2023-01-09,0.008712962545167933
2023-01-10,0.006708063650984276
2023-01-11,0.015153527885481202
2023-01-12,0.005728931210761042
2023-01-13,0.007824593007018562
2023-01-17,0.005045594018595135
2023-01-18,-0.010325594734420882
2023-01-19,-0.005207429176501081
2023-01-20,0.023939549539101636
2023-01-23,0.01763031522501619
2023-01-24,0.0005317122823825489
2023-01-25,-0.002180142332170826
2023-01-26,0.018171338837135207
2023-01-27,0.011982784845050417
2023-01-30,-0.018991523439654344
2023-01-31,0.012033697476933796
2023-02-01,0.014265463923050283
2023-02-02,0.02762314895285557
2023-02-03,-0.007735800817371616
2023-02-06,-0.0034889643750137507
2023-02-07,0.016993183779138443
2023-02-08,-0.009562416665278226
2023-02-09,-0.006135102682475146
2023-02-10,-0.0055257019780227
2023-02-13,0.01051391362788103
2023-02-14,0.0073567045064173425
2023-02-15,0.0031673059970686044
2023-02-16,-0.015414232351851735
2023-02-17,-0.00632152019207942
2023-02-21,-0.01763989241771477
2023-02-22,0.0004501233350716001
2023-02-23,0.01677388981865037
2023-02-24,-0.010719177627400643
2023-02-27,0.005460989837567971
2023-02-28,-0.0009920447410245888
2023-03-01,-0.008459328198609247
2023-03-02,0.004734335830799126
2023-03-03,0.019453999710102275
2023-03-06,0.001343739737011802
2023-03-07,-0.010891654530731383
2023-03-08,0.0036964626407854423
2023-03-09,-0.017890504952341246
2023-03-10,-0.008130486069628509
2023-03-13,0.00542976057185433
2023-03-14,0.02293965147612821
2023-03-15,0.0005430151811407489
2023-03-16,0.02428157531953798
2023-03-17,-0.004540790769307505
2023-03-20,0.0023006455136582926
2023-03-21,0.016604051962419045
2023-03-22,-0.008339780963852624
2023-03-23,0.0080637223967216
2023-03-24,-0.0005470945457235039
2023-03-27,-0.004021470537315656
2023-03-28,-0.004669964167186733
2023-03-29,0.013840781710053587
2023-03-30,0.007280280928833503
2023-03-31,0.014812006478996345
2023-04-03,0.0032945860102901047
2023-04-04,-0.003283768504336716
2023-04-05,-0.00907970241680381
2023-04-06,0.00994622372735465
2023-04-10,-0.003034054059353022
2023-04-11,-0.008337786513560408
2023-04-12,-0.008616608630107115
2023-04-13,0.020986168650627832
2023-04-14,0.00642945426903635
2023-04-17,-0.0001741191533733585
2023-04-18,0.0041410484601589635
2023-04-19,0.0008529529610872643
2023-04-20,-0.013393148054051061
2023-04-21,0.0012962416432440217
2023-04-24,-0.0016733596856846429
2023-04-25,-0.02224232512321105
2023-04-26,0.012498784728536673
2023-04-27,0.03325435755868652
2023-04-28,0.004179620716574693
2023-05-01,0.0023932143294401907
2023-05-02,-0.01009653772772347
2023-05-03,-0.007634555820165026
2023-05-04,-0.006192155070824355
2023-05-05,0.027146557121643197
2023-05-08,0.0041864143872458294
2023-05-09,-0.006618762323890658
2023-05-10,0.012450455687476956
2023-05-11,0.0037452630931227486
2023-05-12,-0.00669141135189738
2023-05-15,0.00404943290465191
2023-05-16,0.004601654310745169
2023-05-17,0.019076654070715186
2023-05-18,0.01933932943205355
2023-05-19,-0.0030212644956427253
2023-05-22,0.002334713229745946
2023-05-23,-0.012747116303905313
2023-05-24,-0.001528784679301438
2023-05-25,0.044732959162451395
2023-05-26,0.017188389172809345
2023-05-30,0.006827164758394807
2023-05-31,-0.010198533836997838
2023-06-01,0.017228848029952434
2023-06-02,0.0066113390634968535
2023-06-05,-0.0005974014108277768
2023-06-06,-0.0009311727774509498
2023-06-07,-0.016699422087242344
2023-06-08,0.011938745367847758
2023-06-09,0.0034085290091347285
2023-06-12,0.012468070690395966
2023-06-13,0.008283706277786854
2023-06-14,0.004252775172514358
2023-06-15,0.010762546296956653
2023-06-16,-0.006235348507358502
2023-06-20,0.0046634095241163695
2023-06-21,-0.011032635840998287
2023-06-22,0.012262175476380558
2023-06-23,-0.008968432585982
2023-06-26,-0.019592551441870353
2023-06-27,0.015748796836982513
2023-06-28,0.0005343470877387888
2023-06-29,0.0009971289148703836
2023-06-30,0.01978487883182564
2023-07-03,0.0015708068911629636
2023-07-05,0.0005180575727235711
2023-07-06,-0.00690029657868508
2023-07-07,-0.0017147305494699893
2023-07-10,-0.010509443764575048
2023-07-11,0.006101414403748477
2023-07-12,0.016454003735267574
2023-07-13,0.02114404417141644
2023-07-14,0.003132463238598797
2023-07-17,0.011681564792108266
2023-07-18,0.01132517305807424
2023-07-19,9.91024152626687e-05
2023-07-20,-0.02622929605904836
2023-07-21,-0.008842788851068276
2023-07-24,0.007671023728843065
2023-07-25,0.007991338719192687
2023-07-26,-0.00022271028800675114
2023-07-27,-0.0042100399214853555
2023-07-28,0.022178201989854263
2023-07-31,0.0025997850915501397
2023-08-01,-0.006226083613860251
2023-08-02,-0.029058149376621413
2023-08-03,0.002038998054953741
2023-08-04,-0.0031542504089624493
2023-08-07,0.007060956570682871
2023-08-08,-0.007942192321809406
2023-08-09,-0.020591270165898515
2023-08-10,0.0011423684231949456
2023-08-11,-0.007033963407011983
2023-08-14,0.0205667360923815
2023-08-15,-0.01412615181100133
2023-08-16,-0.01153212281595509
2023-08-17,-0.010318634104437062
2023-08-18,-0.00232955468162854
2023-08-21,0.026728535172172975
2023-08-22,-0.005468474685346384
2023-08-23,0.01831245662730954
2023-08-24,-0.017822522634520305
2023-08-25,0.004047656156633457
2023-08-28,0.00796224511507017
2023-08-29,0.02518098832086132
2023-08-30,0.00602865387397544
2023-08-31,0.0001271458624486129
2023-09-01,-0.0021165657795642443
2023-09-05,0.004806775860525415
2023-09-06,-0.017960966365599212
2023-09-07,-0.008780215223615299
2023-09-08,0.0016002982015253186
2023-09-11,0.013385224137479603
2023-09-12,-0.010394295360986766
2023-09-13,0.0069675503649385285
2023-09-14,0.011067647488612194
2023-09-15,-0.0200548297077299
2023-09-18,0.0029574587632092454
2023-09-19,-0.002926999837221125
2023-09-20,-0.022311510227114514
2023-09-21,-0.018795663815171136
2023-09-22,-0.0003856764526678968
2023-09-25,0.009630182123389671
2023-09-26,-0.019533757581653474
2023-09-27,0.0034517706325832755
2023-09-28,0.0092354094362172
2023-09-29,-0.00017558614959910175
2023-10-02,0.018228274890168993
2023-10-03,-0.02100736416921171
2023-10-04,0.013455873563225022
2023-10-05,0.002600800479454574
2023-10-06,0.019270249392499897
2023-10-09,0.0044350741429069925
2023-10-10,0.002901433825418358
2023-10-11,0.011124404888934635
2023-10-12,-0.0015536350912847168
2023-10-13,-0.012309642893494595
2023-10-16,0.010777737466727595
2023-10-17,-0.010572153499497269
2023-10-18,-0.0200730118526192
2023-10-19,-0.007697544112581077
2023-10-20,-0.020772363475199025
2023-10-23,0.008059599415025107
2023-10-24,0.00872186071748026
2023-10-25,-0.02804831804407217
2023-10-26,-0.025850643190496226
2023-10-27,0.00635570957751596
2023-10-30,0.014497416313235721
2023-10-31,0.0018410501122271042
2023-11-01,0.020522898833910518
2023-11-02,0.01720165016494989
2023-11-03,0.008199573010568575
2023-11-06,0.008592049005547723
2023-11-07,0.00852493245911194
2023-11-08,0.0044651916877760265
2023-11-09,-0.005600688730096707
2023-11-10,0.022312562252637277
2023-11-13,-0.0007864793730645393
2023-11-14,0.01730246017536194
2023-11-15,-0.0017726984499126458
2023-11-16,0.0069118600055522224
2023-11-17,-0.0006576928176870025
2023-11-20,0.011613066445257631
2023-11-21,-0.004500425622310978
2023-11-22,0.001717540351709476
2023-11-24,-0.006186493614108156
2023-11-27,0.00116017829794251
2023-11-28,0.004692997059682997
2023-11-29,-0.007630786656852781
2023-11-30,-0.005580653450775001
2023-12-01,-0.0008605574253041348
2023-12-04,-0.017101268124180936
2023-12-05,0.015084354533459828
2023-12-06,-0.01354806057063822
2023-12-07,0.019982678022881513
2023-12-08,0.009620954180843052
2023-12-11,-0.01410609732499313
2023-12-12,0.009733491762784551
2023-12-13,0.009322630633739105
2023-12-14,5.334593938629684e-05
2023-12-15,0.008291117933257049
2023-12-18,0.012923352432717973
2023-12-19,0.005352362206226468
2023-12-20,-0.017652930954711755
2023-12-21,0.013235708551080545
2023-12-22,-0.001521980757481296
2023-12-26,0.0035554818989830587
2023-12-27,0.0020331524001622626
2023-12-28,-0.0005365592227693869
2023-12-29,-0.0057435685893214555
2024-01-02,-0.021296597143316442
2024-01-03,-0.008997285128978428
2024-01-04,-0.009094747481356814
2024-01-05,0.00462936625795113
2024-01-08,0.035378063462885606
2024-01-09,0.003963952280115106
2024-01-10,0.015120443910213386
2024-01-11,0.0005017753490684618
2024-01-12,-0.002030873595458182
2024-01-16,-0.0015119309575262
2024-01-17,-0.007632229440160593
2024-01-18,0.01967488034781226
2024-01-19,0.023095536515585605
2024-01-22,0.001515366481204248
2024-01-23,0.007017907379837596
2024-01-24,0.011466832652562741
2024-01-25,-0.002370684520353045
2024-01-26,-0.0017974837591346075
2024-01-29,0.016158519781368015
2024-01-30,-0.005304704137613767
2024-01-31,-0.03869839162380632
2024-02-01,0.015176715226335001
2024-02-02,0.03398822390072014
2024-02-05,0.002572250637389212
2024-02-06,0.000983227171100908
2024-02-07,0.014194922577608023
2024-02-08,-0.001296394372235054
2024-02-09,0.015088846411030995
2024-02-12,-0.006875780896605553
2024-02-13,-0.015384516105590666
2024-02-14,0.011062852331673253
2024-02-15,0.001489462464064621
2024-02-16,-0.007410807531684426
2024-02-20,-0.013424697689426788
2024-02-21,-0.00019427552967101957
2024-02-22,0.04730881094083196
2024-02-23,-0.0031591385318430866
2024-02-26,-0.005275137543600223
2024-02-27,0.0005493829636146109
2024-02-28,-0.006103216093852509
2024-02-29,0.00948016485251453
2024-03-01,0.006953413169549841
2024-03-04,-0.008934254132314913
2024-03-05,-0.015255586554105286
2024-03-06,0.0026719027753044446
2024-03-07,0.01758523575793637
2024-03-08,-0.009561015413081292
2024-03-11,-0.0017439598830992914
2024-03-12,0.02269174990446915
2024-03-13,-0.00449431480004855
2024-03-14,0.0012589022058270437
2024-03-15,-0.007754737438612429
2024-03-18,0.015149225946806675
2024-03-19,0.008049869951393677
2024-03-20,0.014079178034879283
2024-03-21,-0.006083103855924959
2024-03-22,0.007466882735992531
2024-03-25,-0.0044011969848568155
2024-03-26,-0.005815116049231358
2024-03-27,0.005487550735078213
2024-03-28,-0.0036402840503511683
2024-04-01,0.0034827711114155976
2024-04-02,-0.012816079976888623
2024-04-03,0.0032683713031750362
2024-04-04,-0.016243810527988414
2024-04-05,0.018073259841678686
2024-04-08,0.00035755199104901527
2024-04-09,0.001725483807274731
2024-04-10,-0.004709170294935228
2024-04-11,0.03004348003972118
2024-04-12,-0.02245259192163369
2024-04-15,-0.022554628221479703
2024-04-16,-0.002357244496414927
2024-04-17,-0.011536848292682856
2024-04-18,-0.0031686580796804354
2024-04-19,-0.02945970444231117
2024-04-22,0.011892130879173133
2024-04-23,0.017177756353956162
2024-04-24,0.0032345351179271253
2024-04-25,-0.003540432375323523
2024-04-26,0.026449664161667732
2024-04-29,0.007067479036076
2024-04-30,-0.02338545284440076
2024-05-01,-0.0028835343639310052
2024-05-02,0.017274019915876366
2024-05-03,0.02254138773601587
2024-05-06,0.011486292576727187
2024-05-07,-0.0027782470882911337
2024-05-08,0.0008939025455310034
2024-05-09,0.0028879695540121107
2024-05-10,-0.0004182283824347311
2024-05-13,0.004167965274128008
2024-05-14,0.009877036683754234
2024-05-15,0.013771972744857516
2024-05-16,-0.00199340999653747
2024-05-17,0.001406790559563486
2024-05-20,-0.00019946176246217554
2024-05-21,0.011179343108011034
2024-05-22,-0.007276469591678473
2024-05-23,0.001416413720859151
2024-05-24,0.016879425186912694
2024-05-28,0.013999711913972866
2024-05-29,-0.0040199990268951075
2024-05-30,-0.01735626404797811
2024-05-31,0.0036509197552624137
2024-06-03,0.012081694264722798
2024-06-04,0.002977939498672733
2024-06-05,0.020373206610650625
2024-06-06,0.0007060726120554913
2024-06-07,9.468924672627372e-05
2024-06-10,0.0012704946142493509
2024-06-11,0.017626278627746295
2024-06-12,0.01948821553816496
2024-06-13,0.007309182518958333
2024-06-14,0.0007857653209647841
2024-06-17,0.011066408086697899
2024-06-18,-0.0005152821582034246
2024-06-20,-0.008702799687521584
2024-06-21,-0.006472348058997104
2024-06-24,-0.013381112800412683
2024-06-25,0.02516957898712648
2024-06-26,0.015119092091251035
2024-06-27,0.004683581286533698
2024-06-28,-0.010550935885199012
2024-07-01,0.022274032715848477
2024-07-02,0.01594687576315511
2024-07-03,0.013425042719067264
2024-07-05,0.012142243357244316
2024-07-08,0.0021195114388946304
2024-07-09,0.006994643232082732
2024-07-10,0.018760478047071132
2024-07-11,-0.038469790986694515
2024-07-12,0.0038184056547849463
2024-07-15,0.0077082825868146024
2024-07-16,0.0005849521243849809
2024-07-17,-0.026446727677943645
2024-07-18,-0.008118992740048849
2024-07-19,-0.009520632099903602
2024-07-22,0.015377661116033805
2024-07-23,0.0006195679051454048
2024-07-24,-0.04562469686777424
2024-07-25,-0.00871464084801404
2024-07-26,0.008129209378109334
2024-07-29,0.001817097650233955
2024-07-30,-0.010212758196615242
2024-07-31,0.024368729335336535
2024-08-01,-0.018312084678735966
2024-08-02,-0.01912093747864757
2024-08-05,-0.03475482539857775
2024-08-06,0.007039642224174901
2024-08-07,-0.005225985652913079
2024-08-08,0.018007787682857893
2024-08-09,0.005062204052108445
2024-08-12,0.005037220867278538
2024-08-13,0.017953905440125643
2024-08-14,0.0013254098427797512
2024-08-15,0.015448333148675986
2024-08-16,0.0025090045389350585
2024-08-19,0.00995321179263435
2024-08-20,-0.0026607051179512032
2024-08-21,0.0014518875856462591
2024-08-22,-0.013053982035359565
2024-08-23,0.012141306187179297
2024-08-26,-0.0045593476041374216
2024-08-27,-0.0003079822687963233
2024-08-28,-0.008055905427814342
2024-08-29,-0.003909904401242552
2024-08-30,0.009949577624620985
2024-09-03,-0.030370234305718488
2024-09-04,-0.004250440184354506
2024-09-05,0.005608694364150969
2024-09-06,-0.023115590005677616
2024-09-09,0.010086963848962039
2024-09-10,0.0020069261557726786
2024-09-11,0.018972994827334565
2024-09-12,0.008180781021218013
2024-09-13,0.001531301664683054
2024-09-16,-0.0056564258505753745
2024-09-17,0.0026207752127623747
2024-09-18,-0.0010885597271630984
2024-09-19,0.024726814341853587
2024-09-20,-0.003084719661884636
2024-09-23,0.0017247763875714304
2024-09-24,0.005797409476876343
2024-09-25,0.001493163323687293
2024-09-26,-0.0003432997570157938
2024-09-27,-0.001642851489824798
2024-09-30,0.007606554580184368
2024-10-01,-0.016934837790629376
2024-10-02,0.00016017102009287528
2024-10-03,0.0009307468856994103
2024-10-04,0.015223733380904384
2024-10-07,-0.013684544175987834
2024-10-08,0.014328299340586763
2024-10-09,0.005380313277558738
2024-10-10,0.002195073218320826
2024-10-11,0.0013790193645580279
2024-10-14,0.010570516803538576
2024-10-15,-0.012255665666844474
2024-10-16,0.003438985469897727
2024-10-17,0.0006267467876109452
2024-10-18,0.0071828818902812995
2024-10-21,0.00847010970349424
2024-10-22,0.005790568586764537
2024-10-23,-0.023182695384117095
2024-10-24,0.01505309137284768
2024-10-25,0.008286174231956756
2024-10-28,0.0020930376627490686
2024-10-29,0.005883571901609961
2024-10-30,-0.0015457613501179072
2024-10-31,-0.04137073018043029
2024-11-01,0.008319161330855909
2024-11-04,-0.006290490746423209
2024-11-05,0.015167928196514677
2024-11-06,0.04205885785240725
2024-11-07,0.011358810657534501
2024-11-08,5.7927270902860416e-05
2024-11-11,-0.0007100494642149903
2024-11-12,0.0026449092672084706
2024-11-13,0.0006857988213551135
2024-11-14,-0.0032654703353285084
2024-11-15,-0.018645159707746547
2024-11-18,0.005069014257195052
2024-11-19,0.010629698125684098
2024-11-20,-0.0019276873369414587
2024-11-21,-0.006360585129298994
2024-11-22,-0.0023917924980844498
2024-11-25,0.0005138372090234546
2024-11-26,0.011661556222245406
2024-11-27,-0.006876285956538074
2024-11-29,0.010585373963017473
2024-12-02,0.011560483679977645
2024-12-03,0.006815280086237552
2024-12-04,0.013594904758161629
2024-12-05,0.0017512173317549833
2024-12-06,0.00378902150942394
2024-12-09,-0.0014347842283249851
2024-12-10,0.0035296304652481245
2024-12-11,0.019889853981198947
2024-12-12,-0.008882431570958265
2024-12-13,-0.007086051451208427
2024-12-16,0.009915604819198006
2024-12-17,-0.0014100788839493791
2024-12-18,-0.04228335702268113
2024-12-19,0.004229161366588658
2024-12-20,0.013014397311290027
2024-12-23,0.012799981565214358
2024-12-24,0.014960285257332577
2024-12-26,-0.0018756025472648353
2024-12-27,-0.018255813262595046
2024-12-30,-0.011418030403844228
2024-12-31,-0.010986981751663532
2025-01-02,-0.004271716723427242
2025-01-03,0.021579365903594983
2025-01-06,0.015941990971668908
2025-01-07,-0.02113051075082887
2025-01-08,-1.7099552575827357e-05
2025-01-10,-0.01716920353286821
2025-01-13,-0.0010937683129840874
2025-01-14,-0.005033141336528834
2025-01-15,0.030897503815124336
2025-01-16,-0.019310979914648273
2025-01-17,0.015155392378248738
2025-01-21,0.0023248435654677074
2025-01-22,0.013631434792307124
2025-01-23,0.0032353000261849682
2025-01-24,-0.0063814101091739794
2025-01-27,-0.028245365010646936
2025-01-28,0.026197682678127016
2025-01-29,-0.007493314617633541
2025-01-30,-0.003754004684624781
2025-01-31,-0.004778362913077397
2025-02-03,-0.014649777621036258
2025-02-04,0.013559717219039117
2025-02-05,-0.0034535258580147706
2025-02-06,0.007678841179161835
2025-02-07,-0.01458602226242313
2025-02-10,0.005896041632152637
2025-02-11,0.001064517308610446
2025-02-12,-0.002124342013142664
2025-02-13,0.015718068152430653
2025-02-14,0.004471848424643009
2025-02-18,-0.0026625255126566903
2025-02-19,0.003963394231512401
2025-02-20,-0.006305173853821682
2025-02-21,-0.026543718305885734
2025-02-24,-0.011027315778954666
2025-02-25,-0.015845532318232488
2025-02-26,-0.001358684968383911
2025-02-27,-0.027011907520795908
2025-02-28,0.019368119929348025
2025-03-03,-0.029658983374650616
2025-03-04,-0.0035359903591392072
2025-03-05,0.010111356772526493
2025-03-06,-0.016997777075255863
2025-03-07,0.003321383981561895
2025-03-10,-0.038577022697565105
2025-03-11,-0.0020000759377670958
2025-03-12,0.009988584699522126
2025-03-13,-0.014256820056216507
2025-03-14,0.020254178944219707
2025-03-17,-0.002912092240359131
2025-03-18,-0.011563792843398915
2025-03-19,0.010932485751370865
2025-03-20,6.710447301564793e-05
2025-03-21,0.008149192209126709
2025-03-24,0.018153407223233917
2025-03-25,0.006811726124814802
2025-03-26,-0.016316248283662512
2025-03-27,-0.0033437405942753993
2025-03-28,-0.021549328858850417
2025-03-31,0.0007393944606917205
2025-04-01,0.007961285690770984
2025-04-02,0.004683304968854241
2025-04-03,-0.05098345162614371
2025-04-04,-0.034873947512941095
2025-04-07,0.0005937594192935671
2025-04-08,-0.009106147581719652
2025-04-09,0.060583749390886496
2025-04-10,-0.014259406568825808
2025-04-11,0.008618204838926023
2025-04-14,0.0002955260745996852
2025-04-15,-0.001416507250443351
2025-04-16,-0.012430009173054033
2025-04-17,-0.005807599589666781
2025-04-21,-0.01106435195622277
2025-04-22,0.010154039706377765
2025-04-23,0.010101987912455703
2025-04-24,0.009342499610388914
2025-04-25,0.006496101277630188
2025-04-28,-0.0014420234290010438
2025-04-29,0.001108018595789832
2025-04-30,-0.001738973457579338
2025-05-01,0.009363916672808599
2025-05-02,0.003034083001891215
2025-05-05,-0.004814853618112021
2025-05-06,-0.0031986404065476137
2025-05-07,-0.0013061395032425871
2025-05-08,0.005054544349298942
2025-05-09,0.0007404888197895436
2025-05-12,0.023855422186266118
2025-05-13,0.0035812424318190194
2025-05-14,0.006092883328298133
2025-05-15,-0.005574288947683418
2025-05-16,0.0032111815512231865
2025-05-19,0.0004511624288161054
2025-05-20,-0.0030784060796404194
2025-05-21,-0.008620010369152395
2025-05-22,0.0017855744723752952
2025-05-23,-0.007877281286153214
2025-05-27,0.015199339680779493
2025-05-28,-0.0025323307523084488
2025-05-29,0.0036942785807718404
2025-05-30,-0.002973087774670422
2025-06-02,0.003553409927548696
2025-06-03,0.002846957206647691
2025-06-04,0.00039004650125523725
2025-06-05,-0.008960600131729128
2025-06-06,0.01357188271607356
2025-06-09,0.003689597706862799
2025-06-10,0.006737409715318498
2025-06-11,-0.004546167740740515
2025-06-12,0.003196422679260133
2025-06-13,-0.0073738880150949265
2025-06-16,0.010668902785079993
2025-06-17,-0.00553442592647447
2025-06-18,0.0019526684703965016
2025-06-20,-0.0037007601546429785
2025-06-23,0.006235775455058581
2025-06-24,0.006549271413068035
2025-06-25,0.008083003156187318
2025-06-26,0.008931595553042982
2025-06-27,0.008187627783676424
2025-06-30,0.0017226713076467504
2025-07-01,-0.004454655170248574
2025-07-02,0.010361238245861028
2025-07-03,0.01108496596118366
2025-07-07,-0.013561632059045398
2025-07-08,-0.0023986452785056947
2025-07-09,0.0091648392188742
2025-07-10,0.00652345764343828
2025-07-11,0.0037139639364969033
2025-07-14,-0.00244545923297189
2025-07-15,0.0041369344593576215
2025-07-16,0.0017944137303392354
2025-07-17,0.004755322052034273
2025-07-18,0.0019174127883684932
2025-07-21,0.0065726896211267885
2025-07-22,-0.0038503704065588912
2025-07-23,0.010788944173801851
2025-07-24,0.0001535942088112197
2025-07-25,0.005206266696351823
2025-07-28,0.008073941058715313
2025-07-29,-0.013133330856705702
2025-07-30,0.0031355575391146424
2025-07-31,0.0027091599309189245
2025-08-01,-0.049030834416714957
2025-08-04,0.01880608554124971
2025-08-05,-0.0038606000527043253
2025-08-06,0.0191984433244276
2025-08-07,0.0052903709745628445
2025-08-08,0.01985266011043898
2025-08-11,-0.002113155254820498
2025-08-12,0.013539450436026165
2025-08-13,0.0012927304969237129
2025-08-14,0.005386296904264673
2025-08-15,0.0017614983729820875
2025-08-18,0.0006988922152764863
2025-08-19,-0.017200965491011147
2025-08-20,-0.011938296363449456
2025-08-21,-0.0035279524003763137
2025-08-22,0.026278218946679914
2025-08-25,0.0013323103702104894
2025-08-26,0.004729035813718888
2025-08-27,0.004262553265972008
2025-08-28,0.006525519077226745
2025-08-29,-0.010577073463695422
2025-09-02,-0.013009214688882368
2025-09-03,0.021992569289024155
2025-09-04,0.014681968671210695
2025-09-05,-0.01311890311100981
2025-09-08,0.0021867040878263792
2025-09-09,0.01305302075895885
2025-09-10,-0.004137536486187337
2025-09-11,0.011770245065548156
2025-09-12,0.014093916841994859
2025-09-15,0.01689316792511308
2025-09-16,0.0001812801634983554
2025-09-17,-0.004208707625059771
2025-09-18,0.00381563166915813
2025-09-19,0.01734834335256225
2025-09-22,0.014782787824674369
2025-09-23,-0.01451532517298014
2025-09-24,-0.0018242610738133953
2025-09-25,-0.0024143520136436516
2025-09-26,0.0068543378535867
2025-09-29,0.003442569247069927
2025-09-30,0.0035347531739887555
2025-10-01,0.003125756989508757
2025-10-02,0.0001498771804108998
2025-10-03,-0.0009831487746184517
2025-10-06,0.011669255633988641
2025-10-07,-0.00990243030363701
2025-10-08,0.01135605813479017
2025-10-09,-0.0015510272253924581
2025-10-10,-0.06307094681200702
2025-10-13,0.02254076101403847
2025-10-14,-0.012361430592398236
2025-10-15,0.005974050169476808
2025-10-16,-0.0061407392398611154
2025-10-17,0.009015005941063138
2025-10-20,0.01918367396901278
2025-10-21,-0.002942047943360192
2025-10-22,-0.0067437677836064795
2025-10-23,0.007496477692930559
2025-10-24,0.014139188953249407
2025-10-27,0.025452019732895362
2025-10-28,0.013570024338668378
2025-10-29,0.007853339289857892
2025-10-30,-0.018978259517184307
2025-10-31,0.0068162302929106605
2025-11-03,0.006055777140179704
2025-11-04,-0.016319058720568227
2025-11-05,0.0009648936641089319
2025-11-06,-0.017505107183390493
2025-11-07,-0.0027087213400825093
2025-11-10,0.025139444509866698
2025-11-11,0.0015490793514407436
2025-11-12,-0.0040784432748839725
2025-11-13,-0.024813092214092322
2025-11-14,-0.0003944927253239773
2025-11-17,-0.007807391494613306
2025-11-18,-0.017365367872543516
2025-11-19,0.0061764206591147265
2025-11-20,-0.0171836081805332
2025-11-21,0.007364793405163089
2025-11-24,0.022238878386116736
2025-11-25,0.00528192224690719
2025-11-26,0.007210146253431215
2025-11-28,0.0064864979407964875
2025-12-01,-0.00012416291528976917
2025-12-02,0.005504092759868359
2025-12-03,-0.0004244165710075781
2025-12-04,0.0027752531923229775
2025-12-05,-0.00020374710036661606
2025-12-08,-0.003053316992758335
2025-12-09,-0.0041866972089794905
2025-12-10,0.004585213662299244
2025-12-11,-0.0017173710744809625
2025-12-12,-0.01133063074209874
2025-12-15,-0.004643601184726516
2025-12-16,5.924266947768531e-05
2025-12-17,-0.0223008394331637
2025-12-18,0.016619951668239038
2025-12-19,0.014455162705604459
2025-12-22,0.006288463556012958
2025-12-23,0.015432242818610933
2025-12-24,0.003617245355849387
2025-12-26,-0.0002531669386836892
2025-12-29,-0.007848617597680109
2025-12-30,-0.0001251577803913035
2025-12-31,-0.009520691223218112
2026-01-02,-0.004048764174163795
2026-01-05,0.011177372595680355
2026-01-06,-0.0035818056405714704
2026-01-07,-0.0024077014348244676
2026-01-08,0.0014742420763322606
2026-01-09,0.006627545323254046
2026-01-12,-0.0035941529892249474
2026-01-13,-0.01257425389081952
2026-01-14,-0.021094043258332425
2026-01-15,0.0030760280162070415
2026-01-16,-0.004180638351233928
2026-01-20,-0.05290291286263494
2026-01-21,0.011610545355614432
2026-01-22,0.01758388705221803
2026-01-23,0.010664778806816969
2026-01-26,0.01038387015361455
2026-01-27,-0.0010953814733273652
2026-01-28,0.004594425198225573
2026-01-29,-0.011403460138582892
2026-01-30,-0.00450111775992084
2026-02-02,0.003121373609032852
2026-02-03,-0.014752513313775995
2026-02-04,-0.009961089553073683
2026-02-05,-0.03220580812442978
2026-02-06,0.020651808054385355
2026-02-09,0.010582270248561997
2026-02-10,-0.007590075613337616
2026-02-11,-0.00599454164836522
2026-02-12,-0.03132933739072054
2026-02-13,-0.01141845384312978
2026-02-17,0.00670109020044526
2026-02-18,0.010450506060713523
2026-02-19,-0.00357795951858695
2026-02-20,0.014456873710548003
2026-02-23,-0.017034015493931888
2026-02-24,0.009878299402023187
2026-02-25,0.019866755309777513
2026-02-26,-0.014308881449084621
2026-02-27,-0.018033883973644756
2026-03-02,0.005923145613148579
2026-03-03,-0.004422553338279927
2026-03-04,0.009759640080358858
2026-03-05,-0.0025398292493471353
2026-03-06,-0.019239523868518668
2026-03-09,0.011718809110204165
2026-03-10,0.0007958358137295447
2026-03-11,0.0036460606928273
2026-03-12,-0.021213887944029723
2026-03-13,-0.014030370000515425
2026-03-16,0.016283738183196436
2026-03-17,0.005469801772184263
2026-03-18,-0.01672337774059811
2026-03-19,-0.008563401784355823
2026-03-20,-0.020062959211825823
2026-03-23,0.013985883941102168
2026-03-24,-0.009199539382849828
2026-03-25,0.007288817298387656
2026-03-26,-0.02596742477823348
2026-03-27,-0.026758696249061863
2026-03-30,-0.001426090238509131
2026-03-31,0.04017611056053259
2026-04-01,0.006056507668262756
2026-04-02,-0.0004924216426474797
2026-04-06,0.0057438928254811015
2026-04-07,0.002663031313264998
2026-04-08,0.01847791916818505
2026-04-09,0.009585781513783425
2026-04-10,0.0035405443940560973
2026-04-13,0.010141215460247096
2026-04-14,0.017834514011027466
2026-04-15,0.017289445620829357
2026-04-16,0.003198037408256373
2026-04-17,0.012003493103756365
2026-04-20,-0.0013931141361966176
2026-04-21,-0.004048319165542848
2026-04-22,0.016981837431252467
2026-04-23,-0.011231667604142459
2026-04-24,0.012927620907363194
2026-04-27,0.005465446275727152
2026-04-28,0.002358620646415458
2026-04-29,-0.003167773490525166
2026-04-30,-0.004567947798703463
2026-05-01,0.010556245873460211
2026-05-04,-0.0028684905303948947
2026-05-05,0.004679769188765375
2026-05-06,0.020128096637954437
2026-05-07,0.002758239428421108
2026-05-08,0.007830583987427907
2026-05-11,-2.769632238686714e-05
2026-05-12,0.0019294545185827316
2026-05-13,0.016143505588073093
2026-05-14,0.007653163602203865
2026-05-15,-0.006858699282012774
2026-05-18,-0.003970391181648279
2026-05-19,-0.013289309287563075
2026-05-20,0.012297745767634764
2026-05-21,-0.00014956178551190597
2026-05-22,0.0005309048264624057
2026-05-26,-0.0035252951269770755
2026-05-27,0.002532998039885034
2026-05-28,0.011175012304875902
2026-05-29,0.001158681792772764
2026-06-01,-0.0005006609458770677
2026-06-02,-0.009020740047809535
2026-06-03,-0.023289457219166268
2026-06-04,0.02222712295950113
2026-06-05,-0.038784513220090404
2026-06-08,-0.0024628222925010567
2026-06-09,-0.015166523691427836
2026-06-10,-0.020094639039997864
2026-06-11,0.00830732690722538
2026-06-12,0.00021514610669037912
2026-06-15,0.023378468616226174
2026-06-16,0.00044936835072616004
2026-06-17,-0.024572176162535427
2026-06-18,0.008777382883751449
2026-06-22,-0.016510121772499223
2026-06-23,-0.008252581776520147
2026-06-24,-0.009062142149397504
2026-06-25,-0.026687709868739185
2026-06-26,0.013682331520207178
2026-06-29,0.011018987303620569
2026-06-30,0.012015481846693096
2026-07-01,0.017151027629940658
2026-07-02,0.003744512516924205
2026-07-06,0.009575643711704006
2026-07-07,0.004491071378130548
2026-07-08,-0.0028122238665419428
2026-07-09,0.007274000114499244
2026-07-10,0.008633722844567973
2026-07-13,-0.003488563375104877
2026-07-14,0.008214276191650804
2026-07-15,0.024511238935086853
2026-07-16,-0.007194660366211879
2026-07-17,-0.013460978592925561
2026-07-20,-0.0006416334431139432
2026-07-21,0.006382214185509577
2026-07-22,-0.0047462132450622595
2026-07-23,-0.03709566236913286
2026-07-24,0.004414302186227223
2026-07-27,-0.0017407288425838367
2026-07-28,0.0072279197468061345
2026-07-29,-0.015852196865200115
2026-07-30,0.02785888707749637
2026-07-31,0.0152118330726815
