Date,EWMA VaR
2020-01-03,
2020-01-06,
2020-01-07,
2020-01-08,
2020-01-09,
2020-01-10,
2020-01-13,
2020-01-14,
2020-01-15,
2020-01-16,
2020-01-17,
2020-01-21,
2020-01-22,
2020-01-23,
2020-01-24,
2020-01-27,
2020-01-28,
2020-01-29,
2020-01-30,
2020-01-31,
2020-02-03,
2020-02-04,
2020-02-05,
2020-02-06,
2020-02-07,
2020-02-10,
2020-02-11,
2020-02-12,
2020-02-13,
2020-02-14,
2020-02-18,
2020-02-19,
2020-02-20,
2020-02-21,
2020-02-24,
2020-02-25,
2020-02-26,
2020-02-27,
2020-02-28,
2020-03-02,
2020-03-03,
2020-03-04,
2020-03-05,
2020-03-06,
2020-03-09,
2020-03-10,
2020-03-11,
2020-03-12,
2020-03-13,
2020-03-16,
2020-03-17,
2020-03-18,
2020-03-19,
2020-03-20,
2020-03-23,
2020-03-24,
2020-03-25,
2020-03-26,
2020-03-27,
2020-03-30,
2020-03-31,
2020-04-01,
2020-04-02,
2020-04-03,
2020-04-06,
2020-04-07,
2020-04-08,
2020-04-09,
2020-04-13,
2020-04-14,
2020-04-15,
2020-04-16,
2020-04-17,
2020-04-20,
2020-04-21,
2020-04-22,
2020-04-23,
2020-04-24,
2020-04-27,
2020-04-28,
2020-04-29,
2020-04-30,
2020-05-01,
2020-05-04,
2020-05-05,
2020-05-06,
2020-05-07,
2020-05-08,
2020-05-11,
2020-05-12,
2020-05-13,
2020-05-14,
2020-05-15,
2020-05-18,
2020-05-19,
2020-05-20,
2020-05-21,
2020-05-22,
2020-05-26,
2020-05-27,
2020-05-28,
2020-05-29,
2020-06-01,
2020-06-02,
2020-06-03,
2020-06-04,
2020-06-05,
2020-06-08,
2020-06-09,
2020-06-10,
2020-06-11,
2020-06-12,
2020-06-15,
2020-06-16,
2020-06-17,
2020-06-18,
2020-06-19,
2020-06-22,
2020-06-23,
2020-06-24,
2020-06-25,
2020-06-26,
2020-06-29,
2020-06-30,
2020-07-01,
2020-07-02,
2020-07-06,
2020-07-07,
2020-07-08,
2020-07-09,
2020-07-10,
2020-07-13,
2020-07-14,
2020-07-15,
2020-07-16,
2020-07-17,
2020-07-20,
2020-07-21,
2020-07-22,
2020-07-23,
2020-07-24,
2020-07-27,
2020-07-28,
2020-07-29,
2020-07-30,
2020-07-31,
2020-08-03,
2020-08-04,
2020-08-05,
2020-08-06,
2020-08-07,
2020-08-10,
2020-08-11,
2020-08-12,
2020-08-13,
2020-08-14,
2020-08-17,
2020-08-18,
2020-08-19,
2020-08-20,
2020-08-21,
2020-08-24,
2020-08-25,
2020-08-26,
2020-08-27,
2020-08-28,
2020-08-31,
2020-09-01,
2020-09-02,
2020-09-03,
2020-09-04,
2020-09-08,
2020-09-09,
2020-09-10,
2020-09-11,
2020-09-14,
2020-09-15,
2020-09-16,
2020-09-17,
2020-09-18,
2020-09-21,
2020-09-22,
2020-09-23,
2020-09-24,
2020-09-25,
2020-09-28,
2020-09-29,
2020-09-30,
2020-10-01,
2020-10-02,
2020-10-05,
2020-10-06,
2020-10-07,
2020-10-08,
2020-10-09,
2020-10-12,
2020-10-13,
2020-10-14,
2020-10-15,
2020-10-16,
2020-10-19,
2020-10-20,
2020-10-21,
2020-10-22,
2020-10-23,
2020-10-26,
2020-10-27,
2020-10-28,
2020-10-29,
2020-10-30,
2020-11-02,
2020-11-03,
2020-11-04,
2020-11-05,
2020-11-06,
2020-11-09,
2020-11-10,
2020-11-11,
2020-11-12,
2020-11-13,
2020-11-16,
2020-11-17,
2020-11-18,
2020-11-19,
2020-11-20,
2020-11-23,
2020-11-24,
2020-11-25,
2020-11-27,
2020-11-30,
2020-12-01,
2020-12-02,
2020-12-03,
2020-12-04,
2020-12-07,
2020-12-08,
2020-12-09,
2020-12-10,
2020-12-11,
2020-12-14,
2020-12-15,
2020-12-16,
2020-12-17,
2020-12-18,
2020-12-21,
2020-12-22,
2020-12-23,
2020-12-24,
2020-12-28,
2020-12-29,
2020-12-30,0.01995366279717795
2020-12-31,0.019363050140042873
2021-01-04,0.01877580992681828
2021-01-05,0.018883897912804405
2021-01-06,0.018927864972321563
2021-01-07,0.0196430968975193
2021-01-08,0.0239734441515771
2021-01-11,0.023509363680777336
2021-01-12,0.023264694422302758
2021-01-13,0.022561184428947324
2021-01-14,0.02212980142301244
2021-01-15,0.022036301365029983
2021-01-19,0.02204154273958055
2021-01-20,0.022170302709522808
2021-01-21,0.024471312645387298
2021-01-22,0.024511622924848892
2021-01-25,0.02310977088545049
2021-01-26,0.022688435179689884
2021-01-27,0.021997282553166807
2021-01-28,0.023997836185282936
2021-01-29,0.023268035108275763
2021-02-01,0.024638978169299317
2021-02-02,0.0260358072436069
2021-02-03,0.026077964589308385
2021-02-04,0.025484804145694526
2021-02-05,0.024959232100240435
2021-02-08,0.024218417661333643
2021-02-09,0.024125847554024252
2021-02-10,0.023452361514027298
2021-02-11,0.02276560759900329
2021-02-12,0.022125143280311923
2021-02-16,0.02145134107729204
2021-02-17,0.0208356391042751
2021-02-18,0.02028252114524972
2021-02-19,0.01935258706120622
2021-02-22,0.018367816157009668
2021-02-23,0.020474754632858198
2021-02-24,0.01985439191652284
2021-02-25,0.01839743771952826
2021-02-26,0.025616360903547044
2021-03-01,0.024942289314614348
2021-03-02,0.02705429255526351
2021-03-03,0.027251895084102366
2021-03-04,0.02821098749301575
2021-03-05,0.02771863146122492
2021-03-08,0.02563964480531645
2021-03-09,0.029958615195521777
2021-03-10,0.0336307448829383
2021-03-11,0.030372446325962872
2021-03-12,0.030660873254683627
2021-03-15,0.027701911613564653
2021-03-16,0.02702632228114528
2021-03-17,0.026243237672352246
2021-03-18,0.02548268540222826
2021-03-19,0.02875094033165561
2021-03-22,0.027899209704820627
2021-03-23,0.02756559208564326
2021-03-24,0.02674990705525657
2021-03-25,0.026571533550138013
2021-03-26,0.025780292864715632
2021-03-29,0.025308377807205986
2021-03-30,0.02454871239169776
2021-03-31,0.023882528582574454
2021-04-01,0.023923724084779708
2021-04-05,0.024293379597761924
2021-04-06,0.025011985415599444
2021-04-07,0.024307918553286526
2021-04-08,0.02402025046564658
2021-04-09,0.023581797370837113
2021-04-12,0.02329636772981782
2021-04-13,0.02270551809741211
2021-04-14,0.022780336884819927
2021-04-15,0.02292357828301485
2021-04-16,0.02378418002647907
2021-04-19,0.02306331130383087
2021-04-20,0.022656861797408175
2021-04-21,0.022226855194529632
2021-04-22,0.021782685737025638
2021-04-23,0.02229447713287695
2021-04-26,0.02269580579340261
2021-04-27,0.022139809773031607
2021-04-28,0.021500827288766722
2021-04-29,0.020846574659510845
2021-04-30,0.02038959507667873
2021-05-03,0.0201120711121098
2021-05-04,0.019544619548734803
2021-05-05,0.020233291038538978
2021-05-06,0.019633435982855565
2021-05-07,0.019479334762687976
2021-05-10,0.01914105703012617
2021-05-11,0.022065004104166282
2021-05-12,0.021585501894565696
2021-05-13,0.024214639972298318
2021-05-14,0.023725478360192002
2021-05-17,0.02520685813289668
2021-05-18,0.024460179048230127
2021-05-19,0.024190169196050597
2021-05-20,0.023465535622492175
2021-05-21,0.023854202358943553
2021-05-24,0.023133338445912595
2021-05-25,0.02420217100821148
2021-05-26,0.02346585470511911
2021-05-27,0.022787631535266254
2021-05-28,0.02219249958956961
2021-06-01,0.021604553587176202
2021-06-02,0.020954620323773696
2021-06-03,0.020417944956890925
2021-06-04,0.02002082507463785
2021-06-07,0.0208897190883841
2021-06-08,0.020277012961836347
2021-06-09,0.01966627239115429
2021-06-10,0.01844544986876084
2021-06-11,0.017968475910609325
2021-06-14,0.01751455875464833
2021-06-15,0.017433505774463766
2021-06-16,0.017096881855534606
2021-06-17,0.016577725748291423
2021-06-18,0.016809821150296313
2021-06-21,0.016798302794506757
2021-06-22,0.016647575719262616
2021-06-23,0.016903840410370338
2021-06-24,0.01647403595742452
2021-06-25,0.015330429545934792
2021-06-28,0.014916981550609332
2021-06-29,0.015666562656785944
2021-06-30,0.015211432804360039
2021-07-01,0.01475323313664174
2021-07-02,0.014444685059732877
2021-07-06,0.015137618799230717
2021-07-07,0.014817577590359024
2021-07-08,0.014374517650471227
2021-07-09,0.01441618124494477
2021-07-12,0.014477947708840503
2021-07-13,0.014381762475445288
2021-07-14,0.013968795939990217
2021-07-15,0.013544046809383715
2021-07-16,0.013876346855077194
2021-07-19,0.015604578428951986
2021-07-20,0.015934445585181103
2021-07-21,0.01621584855904904
2021-07-22,0.015761289741605348
2021-07-23,0.015507026495331084
2021-07-26,0.015575387717750445
2021-07-27,0.01515021366978635
2021-07-28,0.015311916857175185
2021-07-29,0.014916188284039868
2021-07-30,0.014521629057962823
2021-08-02,0.014881569181320617
2021-08-03,0.014466998175487744
2021-08-04,0.014407267729056074
2021-08-05,0.01397120635343005
2021-08-06,0.013836577376749095
2021-08-09,0.013427745792205086
2021-08-10,0.013022995061934464
2021-08-11,0.012692253542423685
2021-08-12,0.01232942971793212
2021-08-13,0.012568517407569074
2021-08-16,0.012230973167475944
2021-08-17,0.011858525245333693
2021-08-18,0.013031665055508745
2021-08-19,0.013716278362165183
2021-08-20,0.013604155497181776
2021-08-23,0.01491797749425868
2021-08-24,0.01658483427438682
2021-08-25,0.016085918123908357
2021-08-26,0.015665977684495402
2021-08-27,0.015348509661852961
2021-08-30,0.015742880767248797
2021-08-31,0.01594174172244886
2021-09-01,0.015547127769938026
2021-09-02,0.014909793823268904
2021-09-03,0.014456885428120004
2021-09-07,0.013540665329468226
2021-09-08,0.013229094574022288
2021-09-09,0.013066627201525021
2021-09-10,0.012807064431179113
2021-09-13,0.01321241474041112
2021-09-14,0.012920104064518805
2021-09-15,0.01256862129062592
2021-09-16,0.012796306158640875
2021-09-17,0.01242499948290015
2021-09-20,0.013479868872511217
2021-09-21,0.017023611404381633
2021-09-22,0.01632875676689638
2021-09-23,0.01680937118359528
2021-09-24,0.017101235081331732
2021-09-27,0.016603425870464022
2021-09-28,0.016190170062179262
2021-09-29,0.019511442398805916
2021-09-30,0.018922775892994542
2021-10-01,0.018539017553770406
2021-10-04,0.018678222124395478
2021-10-05,0.02066651887023349
2021-10-06,0.021298216935166432
2021-10-07,0.02087818986085933
2021-10-08,0.020666580102511052
2021-10-11,0.020040727401204946
2021-10-12,0.01963233786741419
2021-10-13,0.01915418677929063
2021-10-14,0.018599501771858817
2021-10-15,0.020131548123091557
2021-10-18,0.02002131976282191
2021-10-19,0.019965254732923154
2021-10-20,0.019544509407193884
2021-10-21,0.018949277357466668
2021-10-22,0.01863363555916285
2021-10-25,0.018297693609489258
2021-10-26,0.01812647783670618
2021-10-27,0.01838115961662792
2021-10-28,0.01799982825639889
2021-10-29,0.01842834364971287
2021-11-01,0.01803012548997509
2021-11-02,0.017481004687067717
2021-11-03,0.01709187181712727
2021-11-04,0.016952437386140468
2021-11-05,0.01872305540408095
2021-11-08,0.01818429129694778
2021-11-09,0.017668795758166725
2021-11-10,0.017269147157000765
2021-11-11,0.018441107703002516
2021-11-12,0.01798318740495977
2021-11-15,0.017766376918474578
2021-11-16,0.01725270661033381
2021-11-17,0.016819639217011545
2021-11-18,0.016311767246461738
2021-11-19,0.018401901590627538
2021-11-22,0.01809256901606136
2021-11-23,0.017822133511030226
2021-11-24,0.01728035909084064
2021-11-26,0.01694379895794454
2021-11-29,0.020545403678057874
2021-11-30,0.022424643434673028
2021-12-01,0.022088328954596892
2021-12-02,0.022223502719069414
2021-12-03,0.021689850218016095
2021-12-06,0.022613823527312324
2021-12-07,0.02223485060962064
2021-12-08,0.02573544471359868
2021-12-09,0.025001894310750596
2021-12-10,0.02477653006247991
2021-12-13,0.02428458448815889
2021-12-14,0.025491202807731008
2021-12-15,0.024886936322833366
2021-12-16,0.02652160270365447
2021-12-17,0.028676053325558403
2021-12-20,0.028124844454381327
2021-12-21,0.02771166229506987
2021-12-22,0.028719648730368242
2021-12-23,0.02849952601322384
2021-12-27,0.02779029691655691
2021-12-28,0.028101579985849664
2021-12-29,0.027319426862642354
2021-12-30,0.026515244408957157
2021-12-31,0.025841188254470685
2022-01-03,0.025219242568881077
2022-01-04,0.025985614362532196
2022-01-05,0.02551184504993194
2022-01-06,0.029323629140857527
2022-01-07,0.028441974308982005
2022-01-10,0.027766995936869515
2022-01-11,0.02695177383747372
2022-01-12,0.02673586899771483
2022-01-13,0.026094164672196187
2022-01-14,0.029281968005680708
2022-01-18,0.028429121188916336
2022-01-19,0.029866190100607752
2022-01-20,0.029651180427243008
2022-01-21,0.02944873962647749
2022-01-24,0.03094756855556579
2022-01-25,0.029344208872204375
2022-01-26,0.02974708677511982
2022-01-27,0.028971121243369133
2022-01-28,0.028518774751799363
2022-01-31,0.03142918262528128
2022-02-01,0.03354024132111765
2022-02-02,0.032684896626461006
2022-02-03,0.032262911310557224
2022-02-04,0.03870154983601162
2022-02-07,0.03884891903438868
2022-02-08,0.03776856874387732
2022-02-09,0.03698998544444022
2022-02-10,0.03695921649296664
2022-02-11,0.03724490519395645
2022-02-14,0.03889022048321394
2022-02-15,0.03772706101428666
2022-02-16,0.03860159595808485
2022-02-17,0.03595847061254734
2022-02-18,0.03836914836867391
2022-02-22,0.03768734245240691
2022-02-23,0.03515762530171424
2022-02-24,0.0360872268817173
2022-02-25,0.037053137153358465
2022-02-28,0.03660109599379591
2022-03-01,0.0355037913213264
2022-03-02,0.03524345766206407
2022-03-03,0.035040118880861504
2022-03-04,0.034075389338261965
2022-03-07,0.033668971291418597
2022-03-08,0.037097301385301255
2022-03-09,0.035991470233026734
2022-03-10,0.038338271521963715
2022-03-11,0.03725655604563444
2022-03-14,0.0373361847319411
2022-03-15,0.037253572824782866
2022-03-16,0.03868053433861911
2022-03-17,0.04042304038814108
2022-03-18,0.03956349757921003
2022-03-21,0.03974414287830783
2022-03-22,0.03858083128379173
2022-03-23,0.03808446659063837
2022-03-24,0.03715456026236457
2022-03-25,0.037841715610852575
2022-03-28,0.036691824525924926
2022-03-29,0.03592258430846684
2022-03-30,0.03512557264514739
2022-03-31,0.03425711948319838
2022-04-01,0.03421210474377465
2022-04-04,0.03317353723849039
2022-04-05,0.033348559594732485
2022-04-06,0.03361421933681557
2022-04-07,0.03471233946245347
2022-04-08,0.03365540130681215
2022-04-11,0.03313397259494123
2022-04-12,0.03480614251523879
2022-04-13,0.03378315701069985
2022-04-14,0.0334062410639715
2022-04-18,0.03411820212106649
2022-04-19,0.033275574381399456
2022-04-20,0.03316116148460564
2022-04-21,0.03270341781411476
2022-04-22,0.03321444317811628
2022-04-25,0.03434821798218973
2022-04-26,0.03362389906714798
2022-04-27,0.039120712029918805
2022-04-28,0.03794129619300446
2022-04-29,0.04150314719831067
2022-05-02,0.04758894729637152
2022-05-03,0.04700354620820077
2022-05-04,0.045630198667598196
2022-05-05,0.0469749169384608
2022-05-06,0.052063681531535615
2022-05-09,0.05051736502158314
2022-05-10,0.05302176121232082
2022-05-11,0.05171832913734401
2022-05-12,0.05253525142516442
2022-05-13,0.051235506792550664
2022-05-16,0.05277636415393382
2022-05-17,0.051408717139316294
2022-05-18,0.05154419868882463
2022-05-19,0.055631275771724074
2022-05-20,0.05400232199452279
2022-05-23,0.052464244434232116
2022-05-24,0.05223784497563757
2022-05-25,0.05191230381601602
2022-05-26,0.050896589535989176
2022-05-27,0.05096334232946849
2022-05-31,0.05186691091002806
2022-06-01,0.05028912358008575
2022-06-02,0.04881390450729019
2022-06-03,0.04894967995653678
2022-06-06,0.04949252857514475
2022-06-07,0.04807740228279197
2022-06-08,0.04680276238056599
2022-06-09,0.04546884140610479
2022-06-10,0.04604578855946287
2022-06-13,0.048784794199823324
2022-06-14,0.053054855912227444
2022-06-15,0.05144776238073254
2022-06-16,0.05151257066666655
2022-06-17,0.05315661361139077
2022-06-21,0.05167035491043972
2022-06-22,0.05244395712347415
2022-06-23,0.05089876830056701
2022-06-24,0.049534720160573344
2022-06-27,0.05076649027055137
2022-06-28,0.049339936794421016
2022-06-29,0.050022522913206025
2022-06-30,0.048498726622435866
2022-07-01,0.04792476418184983
2022-07-05,0.04650614416695187
2022-07-06,0.045874057508928735
2022-07-07,0.044592126748915564
2022-07-08,0.04483526152295226
2022-07-11,0.04347285092223669
2022-07-12,0.04374425251624589
2022-07-13,0.042677587710156215
2022-07-14,0.04139588966158348
2022-07-15,0.03983392214459568
2022-07-18,0.03989529748823412
2022-07-19,0.03874706107595863
2022-07-20,0.04051058524991909
2022-07-21,0.04002160551560347
2022-07-22,0.03926971861974342
2022-07-25,0.03947780113985487
2022-07-26,0.03834462465029566
2022-07-27,0.038719061483319606
2022-07-28,0.04376690299592579
2022-07-29,0.042588111644371755
2022-08-01,0.043111667227176326
2022-08-02,0.04183853104185707
2022-08-03,0.04062176205605508
2022-08-04,0.04096716205409522
2022-08-05,0.03972821265477069
2022-08-08,0.038584245958715735
2022-08-09,0.037832799607099135
2022-08-10,0.03680265198858162
2022-08-11,0.03844973970225834
2022-08-12,0.0373376127875854
2022-08-15,0.037787679720038284
2022-08-16,0.03673220267111074
2022-08-17,0.03561748705121826
2022-08-18,0.03477484041938521
2022-08-19,0.03374965786960805
2022-08-22,0.03444151632292987
2022-08-23,0.03561970026689325
2022-08-24,0.03453722276634964
2022-08-25,0.03349431798088321
2022-08-26,0.0337684531338906
2022-08-29,0.04008209735886593
2022-08-30,0.03918108475684863
2022-08-31,0.038494492012083895
2022-09-01,0.037545723361726444
2022-09-02,0.03660245844221752
2022-09-06,0.03606554715313341
2022-09-07,0.0351360228485579
2022-09-08,0.034943997998653845
2022-09-09,0.03397151205892139
2022-09-12,0.03438650184390399
2022-09-13,0.034138952184217954
2022-09-14,0.04470728657425673
2022-09-15,0.04343253290349236
2022-09-16,0.042571759356123944
2022-09-19,0.040770774055029824
2022-09-20,0.03984743845729893
2022-09-21,0.03879560177667826
2022-09-22,0.03851053572353843
2022-09-23,0.03768952595102528
2022-09-26,0.03751637088671498
2022-09-27,0.03576111245613892
2022-09-28,0.034686844571034006
2022-09-29,0.03459436602517881
2022-09-30,0.036536037954369716
2022-10-03,0.035617295791791515
2022-10-04,0.036228555080717095
2022-10-05,0.038348316609541085
2022-10-06,0.037180420914357665
2022-10-07,0.03615263139497867
2022-10-10,0.04115190514199698
2022-10-11,0.04027678775592081
2022-10-12,0.03960253598396829
2022-10-13,0.03839779707033807
2022-10-14,0.03959422809820711
2022-10-17,0.04110143923691759
2022-10-18,0.04418046212344562
2022-10-19,0.043027737691761304
2022-10-20,0.0417319705590467
2022-10-21,0.04048219467593554
2022-10-24,0.04093474410179898
2022-10-25,0.03994058641185577
2022-10-26,0.039943792175571445
2022-10-27,0.04179657054168624
2022-10-28,0.04230529439105376
2022-10-31,0.043247619222604755
2022-11-01,0.04249797738794403
2022-11-02,0.04162696191692721
2022-11-03,0.0431358212456293
2022-11-04,0.04259583661734725
2022-11-07,0.042303678892288775
2022-11-08,0.04130452050926999
2022-11-09,0.04008399384555623
2022-11-10,0.041287582624321195
2022-11-11,0.054670125728447344
2022-11-14,0.053793724823217745
2022-11-15,0.052402974497513334
2022-11-16,0.051010977193527235
2022-11-17,0.04981421088360715
2022-11-18,0.04833743977195689
2022-11-21,0.046878028117512176
2022-11-22,0.04598695290682604
2022-11-23,0.04540445878143501
2022-11-25,0.04376621346544334
2022-11-28,0.04257717390959927
2022-11-29,0.04213898099443097
2022-11-30,0.04102135509377676
2022-12-01,0.046017723215119766
2022-12-02,0.0446172125621176
2022-12-05,0.043307483463264164
2022-12-06,0.04287001849828416
2022-12-07,0.04301763202641956
2022-12-08,0.04177896375129707
2022-12-09,0.0412077606340112
2022-12-12,0.04003300753943026
2022-12-13,0.039314765221344486
2022-12-14,0.03856393987405663
2022-12-15,0.03660007988324851
2022-12-16,0.03859996139168488
2022-12-19,0.037832941367639365
2022-12-20,0.03730915857299591
2022-12-21,0.036183765734515615
2022-12-22,0.0357831626331376
2022-12-23,0.03760236610846607
2022-12-27,0.03648979271324428
2022-12-28,0.037051570137718225
2022-12-29,0.03625978072204778
2022-12-30,0.03725315910995841
2023-01-03,0.0361219444730297
2023-01-04,0.03559519580418546
2023-01-05,0.033747816285614116
2023-01-06,0.03363556722697526
2023-01-09,0.034296479083521826
2023-01-10,0.03374269682851538
2023-01-11,0.033001962452234
2023-01-12,0.033405324295914016
2023-01-13,0.0322744506293573
2023-01-17,0.03166442141875151
2023-01-18,0.030852564710688205
2023-01-19,0.0305312185532336
2023-01-20,0.029757991995338656
2023-01-23,0.03192752936929591
2023-01-24,0.03278612461372093
2023-01-25,0.031789088141052434
2023-01-26,0.03084935668533787
2023-01-27,0.03178595934033088
2023-01-30,0.0316728646465535
2023-01-31,0.032806599869421124
2023-02-01,0.032697288153910785
2023-02-02,0.032941109478060046
2023-02-03,0.0358585876704103
2023-02-06,0.035171510748658055
2023-02-07,0.0341812877991427
2023-02-08,0.03496497673716862
2023-02-09,0.03450187362433668
2023-02-10,0.03369662473291123
2023-02-13,0.032864978450250944
2023-02-14,0.03254667042269647
2023-02-15,0.03188806256636309
2023-02-16,0.03097733936429603
2023-02-17,0.030914620755222427
2023-02-21,0.030206631829652105
2023-02-22,0.03102077886968357
2023-02-23,0.0300769550366346
2023-02-24,0.030726411644131483
2023-02-27,0.030453714627468424
2023-02-28,0.029698015283576067
2023-03-01,0.028798846320099006
2023-03-02,0.028310340572661175
2023-03-03,0.027568184036413836
2023-03-06,0.02864202592817997
2023-03-07,0.02738682107781403
2023-03-08,0.027162727664346277
2023-03-09,0.026405659677738776
2023-03-10,0.027159500686698788
2023-03-13,0.026671025387064645
2023-03-14,0.026007478845606846
2023-03-15,0.02769349711545289
2023-03-16,0.026851392972738367
2023-03-17,0.02888495146949441
2023-03-20,0.02811792149257173
2023-03-21,0.027289596596935643
2023-03-22,0.02785095831430522
2023-03-23,0.0273680488693813
2023-03-24,0.026870271970130765
2023-03-27,0.026053223166152547
2023-03-28,0.025339458490978243
2023-03-29,0.02467228195490181
2023-03-30,0.024802359558320695
2023-03-31,0.024295247508929706
2023-04-03,0.024546906331239113
2023-04-04,0.023849674375287983
2023-04-05,0.023171924885965395
2023-04-06,0.022826060570044764
2023-04-10,0.022555615982954004
2023-04-11,0.02190789308575236
2023-04-12,0.021271198812372615
2023-04-13,0.020921083873069388
2023-04-14,0.021964625751063324
2023-04-17,0.0214673023487076
2023-04-18,0.020813445486021685
2023-04-19,0.020247078908509936
2023-04-20,0.019633069657809928
2023-04-21,0.019692675506101456
2023-04-24,0.019099042546726355
2023-04-25,0.018527366338719653
2023-04-26,0.019627226597368475
2023-04-27,0.019603172200319305
2023-04-28,0.022754794465498933
2023-05-01,0.02121626659380349
2023-05-02,0.020593006816122583
2023-05-03,0.020360581037997354
2023-05-04,0.019964506226858844
2023-05-05,0.018749481141474237
2023-05-08,0.02063706141522593
2023-05-09,0.01989209201137594
2023-05-10,0.019450953144006706
2023-05-11,0.019422788946349984
2023-05-12,0.01888278168793467
2023-05-15,0.018467465116844252
2023-05-16,0.01796231224495448
2023-05-17,0.01748722037022606
2023-05-18,0.017987006355753673
2023-05-19,0.018673448945504784
2023-05-22,0.018136934824614988
2023-05-23,0.017603183042688965
2023-05-24,0.01760195050702285
2023-05-25,0.017073538172019277
2023-05-26,0.022111189978643555
2023-05-30,0.0226446935250927
2023-05-31,0.02215446124843984
2023-06-01,0.021912953967739277
2023-06-02,0.022447161821679797
2023-06-05,0.021948944921675317
2023-06-06,0.021281779797653555
2023-06-07,0.020636956553404105
2023-06-08,0.021073296621662366
2023-06-09,0.02099421338971683
2023-06-12,0.020092375617382103
2023-06-13,0.019719121770437536
2023-06-14,0.01937376489768573
2023-06-15,0.018850014268977963
2023-06-16,0.018417753901507062
2023-06-20,0.01799220379005356
2023-06-21,0.017518268932113296
2023-06-22,0.017384978397703657
2023-06-23,0.017344877825245738
2023-06-26,0.017079473608358316
2023-06-27,0.01820740704541455
2023-06-28,0.018490792028469795
2023-06-29,0.017928491031285985
2023-06-30,0.017385703248181564
2023-07-03,0.018102889611610475
2023-07-05,0.017559886794331923
2023-07-06,0.01702583723615334
2023-07-07,0.016660464651316164
2023-07-10,0.01616222384086688
2023-07-11,0.016005404940496196
2023-07-12,0.01563060591349038
2023-07-13,0.015938136352614565
2023-07-14,0.016751717881351
2023-07-17,0.016272591523464622
2023-07-18,0.016193237295764797
2023-07-19,0.01608967466287909
2023-07-20,0.015599548376735195
2023-07-21,0.017425435072960824
2023-07-24,0.017151502117219906
2023-07-25,0.016819651851153382
2023-07-26,0.016510064310325954
2023-07-27,0.01600725681753929
2023-07-28,0.015573420395510018
2023-07-31,0.016490207597718305
2023-08-01,0.016009010257741332
2023-08-02,0.01563876669447017
2023-08-03,0.017624604688044245
2023-08-04,0.017101603602152803
2023-08-07,0.01661291410533354
2023-08-08,0.01626341555374387
2023-08-09,0.015961676259437275
2023-08-10,0.01686712132039344
2023-08-11,0.01635746220529763
2023-08-14,0.016012166768774476
2023-08-15,0.01676181905859531
2023-08-16,0.01687468488660649
2023-08-17,0.016781555290864718
2023-08-18,0.01660631744684779
2023-08-21,0.016117534367645858
2023-08-22,0.01767929749016613
2023-08-23,0.017240864460777213
2023-08-24,0.017780167509483403
2023-08-25,0.018280031680734273
2023-08-28,0.017616229354464163
2023-08-29,0.01729044536904679
2023-08-30,0.018731164042185253
2023-08-31,0.018289417417987813
2023-09-01,0.017732304256526343
2023-09-05,0.017207192236047178
2023-09-06,0.016758354567756015
2023-09-07,0.01724435954073877
2023-09-08,0.01696971414588937
2023-09-11,0.016461002701472778
2023-09-12,0.01651033674063748
2023-09-13,0.015974306145048234
2023-09-14,0.015634303525775373
2023-09-15,0.015517592652577128
2023-09-18,0.016560563221833767
2023-09-19,0.016083557115552507
2023-09-20,0.015619743820677854
2023-09-21,0.016709232090949797
2023-09-22,0.017285336227236374
2023-09-25,0.016759243719830057
2023-09-26,0.016541339704640837
2023-09-27,0.017404993347838328
2023-09-28,0.016914119449953576
2023-09-29,0.016469330237913207
2023-10-02,0.01596770455779112
2023-10-03,0.0164584072717449
2023-10-04,0.017493201484801026
2023-10-05,0.017551720010200483
2023-10-06,0.017039564481116223
2023-10-09,0.017468226295492974
2023-10-10,0.017001226791869828
2023-10-11,0.016510469486947926
2023-10-12,0.016391076903676517
2023-10-13,0.015899253540474532
2023-10-16,0.0157199012818052
2023-10-17,0.015584064397333779
2023-10-18,0.015436686884382055
2023-10-19,0.016351558217984674
2023-10-20,0.01603643717255119
2023-10-23,0.017025491762980887
2023-10-24,0.016715615536569747
2023-10-25,0.016446195448259676
2023-10-26,0.01823836798860966
2023-10-27,0.020148744360410406
2023-10-30,0.019688955592424576
2023-10-31,0.01985977671187897
2023-11-01,0.01926755230039293
2023-11-02,0.020163506419813796
2023-11-03,0.020651669648579243
2023-11-06,0.020284610240612747
2023-11-07,0.019949128510324248
2023-11-08,0.019614902294828738
2023-11-09,0.01909150812891431
2023-11-10,0.018623330024493734
2023-11-13,0.019739017916509578
2023-11-14,0.019140007402151528
2023-11-15,0.019615361020679355
2023-11-16,0.019029505249701557
2023-11-17,0.01862170627198327
2023-11-20,0.018055944343587402
2023-11-21,0.017962559822148068
2023-11-22,0.017484329733227073
2023-11-24,0.01696148277858224
2023-11-27,0.016567639469319745
2023-11-28,0.016067158579909674
2023-11-29,0.015644773011075103
2023-11-30,0.015340265815096042
2023-12-01,0.01496342991748063
2023-12-04,0.014509688687448055
2023-12-05,0.014851983516234218
2023-12-06,0.015027855701821696
2023-12-07,0.015084993483356103
2023-12-08,0.015728248739216393
2023-12-11,0.015523228287871196
2023-12-12,0.01562614589528245
2023-12-13,0.015428807073891354
2023-12-14,0.015211408366790663
2023-12-15,0.014539422046369333
2023-12-18,0.014285116288898595
2023-12-19,0.014296016013969693
2023-12-20,0.013938092676099178
2023-12-21,0.014314910767853283
2023-12-22,0.014144710573527583
2023-12-26,0.013720029176207732
2023-12-27,0.013334972260104123
2023-12-28,0.012939203553765193
2023-12-29,0.0125457309878813
2024-01-02,0.012241913162353655
2024-01-03,0.013065226226612119
2024-01-04,0.012866574272712176
2024-01-05,0.01267518553415274
2024-01-08,0.01234054829679889
2024-01-09,0.01460718906773943
2024-01-10,0.014205733907223182
2024-01-11,0.014376772107096439
2024-01-12,0.01393948539417499
2024-01-16,0.013525750833291982
2024-01-17,0.013119574794829472
2024-01-18,0.012864271899064703
2024-01-19,0.013385061143435687
2024-01-22,0.014269396675180632
2024-01-23,0.013840917258654016
2024-01-24,0.013548156838807472
2024-01-25,0.013469617373795012
2024-01-26,0.013073652727275176
2024-01-29,0.012683399068690723
2024-01-30,0.012910845893292056
2024-01-31,0.012586363553525316
2024-02-01,0.015592890352743
2024-02-02,0.015785467674096422
2024-02-05,0.018446509832223876
2024-02-06,0.017907727612986358
2024-02-07,0.01736547479972046
2024-02-08,0.017488592509908356
2024-02-09,0.016961402640566763
2024-02-12,0.017162672337879138
2024-02-13,0.01679327216682097
2024-02-14,0.017020068164697595
2024-02-15,0.016892677293634403
2024-02-16,0.016385176683068683
2024-02-20,0.016056070531585472
2024-02-21,0.016107311175059827
2024-02-22,0.015616733086587804
2024-02-23,0.02074447367757768
2024-02-26,0.020151808177180527
2024-02-27,0.01964415097912155
2024-02-28,0.019046837395274508
2024-02-29,0.018600896052251816
2024-03-01,0.0183490921461979
2024-03-04,0.017957864122029866
2024-03-05,0.01768102468106304
2024-03-06,0.017907111187003454
2024-03-07,0.017385859126937363
2024-03-08,0.017848448324625107
2024-03-11,0.01761196043181235
2024-03-12,0.017085602657783378
2024-03-13,0.018159767814961
2024-03-14,0.01767609842918288
2024-03-15,0.017142934610443118
2024-03-18,0.01681540770725503
2024-03-19,0.01702053276120865
2024-03-20,0.016710246285757104
2024-03-21,0.016818713590352443
2024-03-22,0.0164241615325333
2024-03-25,0.01609684777416442
2024-03-26,0.015665599043234033
2024-03-27,0.015288673273380045
2024-03-28,0.014910129411679093
2024-04-01,0.014493396149202914
2024-04-02,0.014085228719495498
2024-04-03,0.01408881593217431
2024-04-04,0.013688176729778746
2024-04-05,0.0139404854080762
2024-04-08,0.014354864005593626
2024-04-09,0.013917905670012968
2024-04-10,0.013501780429866843
2024-04-11,0.013147223838977238
2024-04-12,0.014830840043874383
2024-04-15,0.01590833583586888
2024-04-16,0.017138220932814596
2024-04-17,0.0166342041378576
2024-04-18,0.016542737589276664
2024-04-19,0.016070303804958358
2024-04-22,0.018331734823106956
2024-04-23,0.018259174523414665
2024-04-24,0.018397765384029523
2024-04-25,0.01787382645534014
2024-04-26,0.017371830175785093
2024-04-29,0.019011822100909997
2024-04-30,0.01861218553308029
2024-05-01,0.02021024589642297
2024-05-02,0.019626460130461508
2024-05-03,0.020110425953006498
2024-05-06,0.021351043544418486
2024-05-07,0.021229037101477874
2024-05-08,0.020613422432844933
2024-05-09,0.019988583612920073
2024-05-10,0.019411297752293253
2024-05-13,0.01882059647316612
2024-05-14,0.018309255456130297
2024-05-15,0.018087644751063326
2024-05-16,0.018176708604079647
2024-05-17,0.017636689805003807
2024-05-20,0.017106035136877036
2024-05-21,0.01658504569082358
2024-05-22,0.016468883931784147
2024-05-23,0.016131987319422343
2024-05-24,0.015646689538943385
2024-05-28,0.015994567585493755
2024-05-29,0.016091856634523827
2024-05-30,0.015650961537328797
2024-05-31,0.016044907345947698
2024-06-03,0.01559669318226043
2024-06-04,0.015548060929499037
2024-06-05,0.015100577134021565
2024-06-06,0.015786484590849827
2024-06-07,0.015307059813271606
2024-06-10,0.014840771180836742
2024-06-11,0.014393211931140147
2024-06-12,0.014779906810792887
2024-06-13,0.015359108008729723
2024-06-14,0.015046291590697295
2024-06-17,0.014589685783760102
2024-06-18,0.014480698757830805
2024-06-20,0.01404028878222746
2024-06-21,0.013813116206242513
2024-06-24,0.013501800007536167
2024-06-25,0.013541992374785186
2024-06-26,0.01466905007900912
2024-06-27,0.01484555750399951
2024-06-28,0.01445503836086571
2024-07-01,0.014317133215281915
2024-07-02,0.015170570199449906
2024-07-03,0.015423954254380557
2024-07-05,0.015473203825107371
2024-07-08,0.015429149506725321
2024-07-09,0.014972278040331842
2024-07-10,0.014654668807665288
2024-07-11,0.015156486778370061
2024-07-12,0.01865913003997632
2024-07-15,0.018142310296352014
2024-07-16,0.017793242253026025
2024-07-17,0.017252345057996707
2024-07-18,0.01911982771887559
2024-07-19,0.018540368693379057
2024-07-22,0.018292045888609807
2024-07-23,0.01853838202738229
2024-07-24,0.017974980151751398
2024-07-25,0.023781247288651483
2024-07-26,0.02339738378868367
2024-07-29,0.02297648067664536
2024-07-30,0.022290932997963593
2024-07-31,0.02204914323875432
2024-08-01,0.023438046178014135
2024-08-02,0.024171143209682906
2024-08-05,0.025057545052706503
2024-08-06,0.0298626738542703
2024-08-07,0.029232741237556845
2024-08-08,0.028493469178216647
2024-08-09,0.02932838986805556
2024-08-12,0.028577358434573333
2024-08-13,0.027844196064344854
2024-08-14,0.028650434835531303
2024-08-15,0.02778718756019637
2024-08-16,0.02817239341817735
2024-08-19,0.027347821502586907
2024-08-20,0.027024511691848798
2024-08-21,0.02623755814201486
2024-08-22,0.025448761963037404
2024-08-23,0.025484069502953198
2024-08-26,0.025411405754265426
2024-08-27,0.024737426570587223
2024-08-28,0.023984270682111446
2024-08-29,0.023547471789176645
2024-08-30,0.022898409221104102
2024-09-03,0.022627392264106733
2024-09-04,0.026430330298309112
2024-09-05,0.02571571303544053
2024-09-06,0.02508552632780832
2024-09-09,0.02740082254380588
2024-09-10,0.027090572991372432
2024-09-11,0.026286006845555918
2024-09-12,0.027223630269919412
2024-09-13,0.02673819036396404
2024-09-16,0.02593554629217345
2024-09-17,0.025302605497998003
2024-09-18,0.024564781458054206
2024-09-19,0.023336029166814955
2024-09-20,0.025190395192330624
2024-09-23,0.02446849106178526
2024-09-24,0.02373690724555248
2024-09-25,0.023164858697857244
2024-09-26,0.022468973761776367
2024-09-27,0.021784981392271505
2024-09-30,0.021132490642062178
2024-10-01,0.020719705611021613
2024-10-02,0.021187368148764107
2024-10-03,0.020542018828503143
2024-10-04,0.019919606737013165
2024-10-07,0.020170800339281345
2024-10-08,0.020261244679709432
2024-10-09,0.02041898600422496
2024-10-10,0.01990892167987988
2024-10-11,0.01932063199613401
2024-10-14,0.018739026818656693
2024-10-15,0.018561692442460774
2024-10-16,0.018518330669992446
2024-10-17,0.017995748030974253
2024-10-18,0.017448867988186127
2024-10-21,0.017087483592068825
2024-10-22,0.01679821839010358
2024-10-23,0.016393137711299927
2024-10-24,0.0174876344341489
2024-10-25,0.016389107085280397
2024-10-28,0.01610219709470424
2024-10-29,0.015625055194327424
2024-10-30,0.015251466480060434
2024-10-31,0.01479376708235638
2024-11-01,0.020013139991269288
2024-11-04,0.01966484229549753
2024-11-05,0.019213038541990645
2024-11-06,0.019449393740822583
2024-11-07,0.024537626179264103
2024-11-08,0.024384168317193342
2024-11-11,0.023641343863289026
2024-11-12,0.022923397655468476
2024-11-13,0.022255504027526383
2024-11-14,0.021579500236344577
2024-11-15,0.02096577326664709
2024-11-18,0.02166758890943151
2024-11-19,0.021113015265529764
2024-11-20,0.020918140293028537
2024-11-21,0.020295651868267636
2024-11-22,0.019832747899601783
2024-11-25,0.0192501054605733
2024-11-26,0.018664635286406026
2024-11-27,0.018572002434006012
2024-11-29,0.018172292879422694
2024-12-02,0.018001383843235706
2024-12-03,0.01790421963903585
2024-12-04,0.017516066768267897
2024-12-05,0.017586751370303782
2024-12-06,0.017061231706702228
2024-12-09,0.016587947955447192
2024-12-10,0.016089098534745737
2024-12-11,0.015636994453842177
2024-12-12,0.01629356063079661
2024-12-13,0.016039563501194683
2024-12-16,0.015703198345239665
2024-12-17,0.015515365624028329
2024-12-18,0.01504856488496212
2024-12-19,0.019527008862153514
2024-12-20,0.018998374993539634
2024-12-23,0.01902112683628935
2024-12-24,0.019024526610248362
2024-12-26,0.019236894643530827
2024-12-27,0.018663713778558137
2024-12-30,0.01924061814320246
2024-12-31,0.019125097522870765
2025-01-02,0.018976012284219232
2025-01-03,0.018463594557415957
2025-01-06,0.01946617829823723
2025-01-07,0.019790759705088486
2025-01-08,0.020799018666017487
2025-01-10,0.02016539792365221
2025-01-13,0.020649562093057017
2025-01-14,0.020025186014888143
2025-01-15,0.019511277166216413
2025-01-16,0.02217505778770438
2025-01-17,0.02301701859730783
2025-01-21,0.02329857756191701
2025-01-22,0.022612720471593975
2025-01-23,0.0227080977792701
2025-01-24,0.022061428785417107
2025-01-27,0.02155935434865459
2025-01-28,0.024325522259685733
2025-01-29,0.0265676096954706
2025-01-30,0.02604012359201566
2025-01-31,0.02492398092883882
2025-02-03,0.024272572360651744
2025-02-04,0.02450283719008147
2025-02-05,0.02459742074450092
2025-02-06,0.023903754965209776
2025-02-07,0.023441799692786973
2025-02-10,0.023656209262822882
2025-02-11,0.02309125464326242
2025-02-12,0.022392772770771716
2025-02-13,0.021729789080232327
2025-02-14,0.022064186130907226
2025-02-18,0.021475684919638072
2025-02-19,0.020850352640542812
2025-02-20,0.020277296673477274
2025-02-21,0.01981212865432147
2025-02-24,0.022040807867951446
2025-02-25,0.021872626753290273
2025-02-26,0.022225179596670076
2025-02-27,0.02155590441978911
2025-02-28,0.02399962423340696
2025-03-03,0.02492027271605488
2025-03-04,0.028189460463774678
2025-03-05,0.02739757597727748
2025-03-06,0.027089877959363733
2025-03-07,0.02771174072449085
2025-03-10,0.026925546029094388
2025-03-11,0.035350253249446566
2025-03-12,0.03430019767655575
2025-03-13,0.03389920561903854
2025-03-14,0.03415046146949808
2025-03-17,0.035672554919257755
2025-03-18,0.03464325041923853
2025-03-19,0.034456751083756176
2025-03-20,0.03418050965932542
2025-03-21,0.033139262879867896
2025-03-24,0.03254513187340636
2025-03-25,0.03352942926873323
2025-03-26,0.032802225380230594
2025-03-27,0.03342084550384672
2025-03-28,0.0324736249844656
2025-03-31,0.03422961085057992
2025-04-01,0.033190394092615004
2025-04-02,0.03257649568107666
2025-04-03,0.03171954019341535
2025-04-04,0.04618844103770437
2025-04-07,0.05503532249798167
2025-04-08,0.05336241095631793
2025-04-09,0.052570721771681705
2025-04-10,0.07959127497898327
2025-04-11,0.08018226698351208
2025-04-14,0.07886291387709321
2025-04-15,0.07646174033687596
2025-04-16,0.07416154941340702
2025-04-17,0.0740472067997345
2025-04-21,0.07226435591393152
2025-04-22,0.07091800039476066
2025-04-23,0.07013295772467783
2025-04-24,0.06934283087592501
2025-04-25,0.06837056414888167
2025-04-28,0.06683361596402444
2025-04-29,0.06482399270749505
2025-04-30,0.06286431081383431
2025-05-01,0.060985316718082196
2025-05-02,0.060134796311443674
2025-05-05,0.05840792530323151
2025-05-06,0.0568852536618357
2025-05-07,0.05526276208109656
2025-05-08,0.05359714416353169
2025-05-09,0.05222386158463919
2025-05-12,0.05063835240656909
2025-05-13,0.05429522707969166
2025-05-14,0.05277330622965873
2025-05-15,0.05153647669638188
2025-05-16,0.05026978459759114
2025-05-19,0.04883674682214103
2025-05-20,0.04735087129863605
2025-05-21,0.045993544797144625
2025-05-22,0.045237015549295705
2025-05-23,0.04388630639846017
2025-05-27,0.04306361397675975
2025-05-28,0.043600848258843874
2025-05-29,0.04232567700094644
2025-05-30,0.04114586428869387
2025-06-02,0.03996143294774963
2025-06-03,0.0388397912648392
2025-06-04,0.03771633508306817
2025-06-05,0.03656843369592453
2025-06-06,0.03600791789202066
2025-06-09,0.03614909299842915
2025-06-10,0.035141213558948316
2025-06-11,0.03437238958666097
2025-06-12,0.0334599603592209
2025-06-13,0.0325055192903827
2025-06-16,0.03184929097962076
2025-06-17,0.03156026308456043
2025-06-18,0.030781918171372633
2025-06-20,0.029866466895152374
2025-06-23,0.029034221337715476
2025-06-24,0.028363402337126812
2025-06-25,0.02772950911516954
2025-06-26,0.027226777428890705
2025-06-27,0.02680680596381294
2025-06-30,0.026329362102632897
2025-07-01,0.02554210379213641
2025-07-02,0.024860096868141994
2025-07-03,0.02460457725395525
2025-07-07,0.02442265457806364
2025-07-08,0.02451716134459406
2025-07-09,0.023797053895580685
2025-07-10,0.023448769618348908
2025-07-11,0.02292322253665192
2025-07-14,0.02100484008246119
2025-07-15,0.020388798929208817
2025-07-16,0.01983385617628805
2025-07-17,0.019241766269063137
2025-07-18,0.017368667603849666
2025-07-21,0.016851675205304208
2025-07-22,0.016476033009096676
2025-07-23,0.01602044569378716
2025-07-24,0.015882731193950974
2025-07-25,0.014905621614265853
2025-07-28,0.014528091198571342
2025-07-29,0.014264300111827758
2025-07-30,0.014289541402880772
2025-07-31,0.013880889846811167
2025-08-01,0.01347736366278804
2025-08-04,0.018812740990323706
2025-08-05,0.019462682955638848
2025-08-06,0.018318516284677924
2025-08-07,0.018999955535361445
2025-08-08,0.018521893226458724
2025-08-11,0.019294750085242354
2025-08-12,0.018723316056289248
2025-08-13,0.018793703119746416
2025-08-14,0.018227137111435077
2025-08-15,0.017772046797614426
2025-08-18,0.017241112080117423
2025-08-19,0.016717478215904136
2025-08-20,0.01712214147457968
2025-08-21,0.01705785207902146
2025-08-22,0.0165784877117765
2025-08-25,0.018118342323792266
2025-08-26,0.017572493659101022
2025-08-27,0.017111663426748504
2025-08-28,0.016649336210543635
2025-08-29,0.01627626626017023
2025-09-02,0.016122657569497472
2025-09-03,0.016141565488480496
2025-09-04,0.016269113095334735
2025-09-05,0.016426254829810645
2025-09-08,0.0164541777736665
2025-09-09,0.015183596489717571
2025-09-10,0.015204592077405925
2025-09-11,0.014790767515905827
2025-09-12,0.014724332154905043
2025-09-15,0.014821027654200696
2025-09-16,0.015151787940858986
2025-09-17,0.01469029803889907
2025-09-18,0.014292123275402711
2025-09-19,0.013896203351157713
2025-09-22,0.014245294304374632
2025-09-23,0.014390606246261147
2025-09-24,0.014516824313757563
2025-09-25,0.014083758715951848
2025-09-26,0.013670298696354269
2025-09-29,0.013375308830434087
2025-09-30,0.012997923499339668
2025-10-01,0.012632770663242154
2025-10-02,0.012271352355561838
2025-10-03,0.011897569897293852
2025-10-06,0.01153730660057512
2025-10-07,0.011480430426172628
2025-10-08,0.01134254923031495
2025-10-09,0.011271481686100699
2025-10-10,0.010933257290089352
2025-10-13,0.017832811975681605
2025-10-14,0.01893283553279397
2025-10-15,0.018897705616106774
2025-10-16,0.01844969475190668
2025-10-17,0.01801933292225515
2025-10-20,0.017746431358591122
2025-10-21,0.01840480268441573
2025-10-22,0.01787435822993132
2025-10-23,0.01748358924638377
2025-10-24,0.016294952344472695
2025-10-27,0.016405773131403397
2025-10-28,0.017811015935629768
2025-10-29,0.017880682188745535
2025-10-30,0.017544226859002848
2025-10-31,0.018170653901222005
2025-11-03,0.016769884061589205
2025-11-04,0.016375428194889626
2025-11-05,0.01668452540131807
2025-11-06,0.01617919842559743
2025-11-07,0.016601517484571178
2025-11-10,0.016118893462797275
2025-11-11,0.017456262743504675
2025-11-12,0.016932431031683525
2025-11-13,0.016470023048679526
2025-11-14,0.018858981539215232
2025-11-17,0.018285018569213995
2025-11-18,0.017938484752138762
2025-11-19,0.018391027932175397
2025-11-20,0.017963558888455508
2025-11-21,0.018396456554846473
2025-11-24,0.018024601414477856
2025-11-25,0.019094134990728557
2025-11-26,0.018613380744916454
2025-11-28,0.018229251880356852
2025-12-01,0.017819035922671658
2025-12-02,0.017276248494029315
2025-12-03,0.016849086035362552
2025-12-04,0.01633637159442318
2025-12-05,0.015862586383374015
2025-12-08,0.015379473204185718
2025-12-09,0.014938167458366106
2025-12-10,0.014532751664962542
2025-12-11,0.01414795421043312
2025-12-12,0.013724875819872992
2025-12-15,0.013637414008553719
2025-12-16,0.01327771357000891
2025-12-17,0.012873229778594916
2025-12-18,0.014347970831081712
2025-12-19,0.013925220263524126
2025-12-22,0.014042924060993138
2025-12-23,0.013720217511950168
2025-12-24,0.013909178366480679
2025-12-26,0.013519980653707898
2025-12-29,0.013108272206396524
2025-12-30,0.012861435410936322
2025-12-31,0.012469662551512196
2026-01-02,0.012302651148545498
2026-01-05,0.011966115921346417
2026-01-06,0.011882207387860475
2026-01-07,0.011549152589060904
2026-01-08,0.01057508946917684
2026-01-09,0.010257295281575672
2026-01-12,0.010030048194391523
2026-01-13,0.009749077291901363
2026-01-14,0.00974053075573379
2026-01-15,0.010837900444996851
2026-01-16,0.010449522754563574
2026-01-20,0.010165826652299242
2026-01-21,0.015124224067867936
2026-01-22,0.015045838313816912
2026-01-23,0.015446038038573836
2026-01-26,0.015305614780681842
2026-01-27,0.014296131801431232
2026-01-28,0.013863872528742556
2026-01-29,0.013497007428833847
2026-01-30,0.013415139744125842
2026-02-02,0.01305799469163062
2026-02-03,0.012684343097449334
2026-02-04,0.012811664028930112
2026-02-05,0.012660577366423944
2026-02-06,0.015426588716934461
2026-02-09,0.016158341130641123
2026-02-10,0.016006175761067814
2026-02-11,0.015692770979049007
2026-02-12,0.015321466121466433
2026-02-13,0.017986107684850455
2026-02-17,0.017878151371602813
2026-02-18,0.01748536756041931
2026-02-19,0.0173116923095412
2026-02-20,0.016826360293428776
2026-02-23,0.01649109875881191
2026-02-24,0.01687332252539662
2026-02-25,0.01666917047829682
2026-02-26,0.017366369439854458
2026-02-27,0.016513898751124745
2026-03-02,0.017000571256058937
2026-03-03,0.015286653478720609
2026-03-04,0.014877655773354249
2026-03-05,0.014691184077109253
2026-03-06,0.014261624704331986
2026-03-09,0.015249655244084758
2026-03-10,0.014726380935846954
2026-03-11,0.014279527928726929
2026-03-12,0.013880533663831811
2026-03-13,0.01504365786698482
2026-03-16,0.015137529554101886
2026-03-17,0.015420108906173536
2026-03-18,0.015037744301254602
2026-03-19,0.015357868419822314
2026-03-20,0.015102455038640859
2026-03-23,0.016225044260931742
2026-03-24,0.016322585623874133
2026-03-25,0.016085638979011895
2026-03-26,0.01575712623289089
2026-03-27,0.017995410166768158
2026-03-30,0.01974401083128335
2026-03-31,0.019150155859413348
2026-04-01,0.023723264816029047
2026-04-02,0.023165293340468476
2026-04-06,0.021439809020508106
2026-04-07,0.02031458228001496
2026-04-08,0.019723069546916997
2026-04-09,0.02036145036155686
2026-04-10,0.020093468025431053
2026-04-13,0.019529134908085218
2026-04-14,0.019312006026918106
2026-04-15,0.019856415000286013
2026-04-16,0.020347954276341063
2026-04-17,0.019767571331720173
2026-04-20,0.019699053130831996
2026-04-21,0.019106202591399786
2026-04-22,0.01858354527549622
2026-04-23,0.019008328108561224
2026-04-24,0.01887932792665979
2026-04-27,0.018894116520875807
2026-04-28,0.018425438740529435
2026-04-29,0.01788358893597665
2026-04-30,0.017372843602817992
2026-05-01,0.016912326853407756
2026-05-04,0.016751330989607953
2026-05-05,0.016267183229521805
2026-05-06,0.015839157732852233
2026-05-07,0.016530885567365473
2026-05-08,0.016051163856296017
2026-05-11,0.015748058561409286
2026-05-12,0.015268311551349261
2026-05-13,0.014813972218346261
2026-05-14,0.015078325717058558
2026-05-15,0.014785812465815442
2026-05-18,0.014466917531381547
2026-05-19,0.01406945749426072
2026-05-20,0.01410501183107176
2026-05-21,0.014074751675424641
2026-05-22,0.013646037852591138
2026-05-26,0.013231055278910664
2026-05-27,0.012859185590781762
2026-05-28,0.01248310794701291
2026-05-29,0.012395452006752903
2026-06-01,0.012020997805642013
2026-06-02,0.01165536223357556
2026-06-03,0.011479068010730013
2026-06-04,0.012620912315146926
2026-06-05,0.01336865769191095
2026-06-08,0.01711932813842226
2026-06-09,0.016617520204820983
2026-06-10,0.01682181699864113
2026-06-11,0.0175645929289474
2026-06-12,0.017258260511379943
2026-06-15,0.01673265613918457
2026-06-16,0.017876137947235554
2026-06-17,0.0173322445572385
2026-06-18,0.019153724208572
2026-06-22,0.018848490686306348
2026-06-23,0.0192256301830793
2026-06-24,0.018887060993140994
2026-06-25,0.01860402745330387
2026-06-26,0.021028256920410496
2026-06-29,0.021122312532539277
2026-06-30,0.020960420064853255
2026-07-01,0.020888882817325344
2026-07-02,0.021388073573446433
2026-07-06,0.020793403185666103
2026-07-07,0.02051898185792284
2026-07-08,0.019972363725826985
2026-07-09,0.019393910601850098
2026-07-10,0.018997046982472395
2026-07-13,0.018685413933686237
2026-07-14,0.01815933263031788
2026-07-15,0.017837393445391325
2026-07-16,0.019222482961967952
2026-07-17,0.018824977412500467
2026-07-20,0.01888842589499069
2026-07-21,0.018314485657397586
2026-07-22,0.017897719655105556
2026-07-23,0.017428911541771556
2026-07-24,0.021957826632045405
2026-07-27,0.021370037236705677
2026-07-28,0.020731318459540012
2026-07-29,0.020304481745342967
2026-07-30,0.020632536058099074
2026-07-31,0.022844579215465094
