Date,EWMA Volatility
2020-01-03,0.01708015109011329
2020-01-06,0.016707383460007576
2020-01-07,0.016355961215765318
2020-01-08,0.015859269927931016
2020-01-09,0.015559941041834929
2020-01-10,0.01525656686930754
2020-01-13,0.014795918361897854
2020-01-14,0.014943808836717663
2020-01-15,0.014581134181496242
2020-01-16,0.0141480089237393
2020-01-17,0.013910236360140733
2020-01-21,0.013530670438390908
2020-01-22,0.013120230841889936
2020-01-23,0.012738297090930741
2020-01-24,0.01236789826155541
2020-01-27,0.012291992241052327
2020-01-28,0.013271748872406236
2020-01-29,0.01371940622454087
2020-01-30,0.013412776048425869
2020-01-31,0.013140535584654082
2020-02-03,0.013553489921245344
2020-02-04,0.013880916196186144
2020-02-05,0.014792304367009842
2020-02-06,0.01434193635917573
2020-02-07,0.014116804742607899
2020-02-10,0.013712100869859046
2020-02-11,0.013948319280196426
2020-02-12,0.013525029505877023
2020-02-13,0.013418625410414803
2020-02-14,0.013016577798349385
2020-02-18,0.012860405351340061
2020-02-19,0.012534759005074798
2020-02-20,0.012993316840961274
2020-02-21,0.012890462827827227
2020-02-24,0.013865138338305074
2020-02-25,0.018406904478399294
2020-02-26,0.019507331530236267
2020-02-27,0.018984470893080908
2020-02-28,0.02378205425330323
2020-03-02,0.023262314694480177
2020-03-03,0.02624150186884472
2020-03-04,0.026979565401665073
2020-03-05,0.028084103855764563
2020-03-06,0.028614275151674886
2020-03-09,0.02835223169261839
2020-03-10,0.03440104268653016
2020-03-11,0.03632738672307483
2020-03-12,0.03667195414525935
2020-03-13,0.04360116877501904
2020-03-16,0.048804217444144864
2020-03-17,0.05969903317671507
2020-03-18,0.0596727055245857
2020-03-19,0.05939236612875964
2020-03-20,0.057977648993289735
2020-03-23,0.057008200544639266
2020-03-24,0.05531862176208701
2020-03-25,0.05893750840269025
2020-03-26,0.05714270812146585
2020-03-27,0.05671527407596278
2020-03-30,0.05588547940021678
2020-03-31,0.05491567370226995
2020-04-01,0.053253818182832785
2020-04-02,0.05317112518417087
2020-04-03,0.05179387836520886
2020-04-06,0.05044145630813866
2020-04-07,0.052106779047071006
2020-04-08,0.0505237689635625
2020-04-09,0.04944317232805468
2020-04-13,0.04798338674487773
2020-04-14,0.046677935084977015
2020-04-15,0.04619073257207764
2020-04-16,0.04483745953238046
2020-04-17,0.04364109781786518
2020-04-20,0.042402324256905016
2020-04-21,0.041371392116651355
2020-04-22,0.04127563610495214
2020-04-23,0.04085715874181673
2020-04-24,0.03961296973497084
2020-04-27,0.03865016449036166
2020-04-28,0.0375648329610627
2020-04-29,0.036680881055940306
2020-04-30,0.03675541250861411
2020-05-01,0.035667198836449976
2020-05-04,0.035689357173469306
2020-05-05,0.034905447913438734
2020-05-06,0.033922140548606164
2020-05-07,0.03290662404625623
2020-05-08,0.031999289330562744
2020-05-11,0.03132686971334675
2020-05-12,0.03044716010412287
2020-05-13,0.029928119508588626
2020-05-14,0.02930610504087435
2020-05-15,0.028684235045045366
2020-05-18,0.027917057644624106
2020-05-19,0.02764667928570306
2020-05-20,0.02683104897901465
2020-05-21,0.026513883294507348
2020-05-22,0.025826592334099556
2020-05-26,0.025076414029554874
2020-05-27,0.024312767038938966
2020-05-28,0.02359305817488315
2020-05-29,0.022920455159966744
2020-06-01,0.02237186822959361
2020-06-02,0.021820034209186507
2020-06-03,0.02118100502791275
2020-06-04,0.020610653000983768
2020-06-05,0.0200641187176968
2020-06-08,0.020558365082144415
2020-06-09,0.020057078522078584
2020-06-10,0.019666048507371595
2020-06-11,0.019410455605706783
2020-06-12,0.023538086116720792
2020-06-15,0.02291440887332773
2020-06-16,0.02249159088382908
2020-06-17,0.022069324272600003
2020-06-18,0.021397445796555444
2020-06-19,0.02074668848762017
2020-06-22,0.020125967267798386
2020-06-23,0.019910119254166133
2020-06-24,0.019462082311239876
2020-06-25,0.019790731106152402
2020-06-26,0.019631343907213814
2020-06-29,0.021103335278461054
2020-06-30,0.020755732776848126
2020-07-01,0.02082444645873003
2020-07-02,0.0203229305479856
2020-07-06,0.019814331430885658
2020-07-07,0.020653226934207434
2020-07-08,0.020140542936877236
2020-07-09,0.019992261469435748
2020-07-10,0.019440441402119014
2020-07-13,0.019134047176840634
2020-07-14,0.018992649851716534
2020-07-15,0.01870227536072819
2020-07-16,0.018135122999942122
2020-07-17,0.017697870871469127
2020-07-20,0.01718572062867358
2020-07-21,0.018046266099504427
2020-07-22,0.01760556013348901
2020-07-23,0.01707901085424205
2020-07-24,0.018283784505252927
2020-07-27,0.017775136501972204
2020-07-28,0.01770135845244811
2020-07-29,0.017498170194211158
2020-07-30,0.01745966786233753
2020-07-31,0.01692804252856298
2020-08-03,0.017310984172058428
2020-08-04,0.01734941509359974
2020-08-05,0.016835438883738472
2020-08-06,0.0164119481889157
2020-08-07,0.0163634179270397
2020-08-10,0.016038224104831654
2020-08-11,0.015550631167693615
2020-08-12,0.015640142864534377
2020-08-13,0.01687139249401538
2020-08-14,0.01639007336967517
2020-08-17,0.015897082014455815
2020-08-18,0.015763566030846617
2020-08-19,0.015394745958856015
2020-08-20,0.014979893477286533
2020-08-21,0.014874219713439345
2020-08-24,0.014918841892732885
2020-08-25,0.014592954649208302
2020-08-26,0.014189699967157979
2020-08-27,0.014263285402863014
2020-08-28,0.013830382040302385
2020-08-31,0.013609712090844182
2020-09-01,0.013416571819620473
2020-09-02,0.013466056902218236
2020-09-03,0.013258585551638976
2020-09-04,0.019263450934914675
2020-09-08,0.01885162546282688
2020-09-09,0.023231667053606013
2020-09-10,0.024202762063145422
2020-09-11,0.02418329520329118
2020-09-14,0.023514288745451455
2020-09-15,0.0234588669860378
2020-09-16,0.02283433038959585
2020-09-17,0.022597163539551914
2020-09-18,0.02219744023878536
2020-09-21,0.021821583860673142
2020-09-22,0.02118683839726828
2020-09-23,0.020716418914432152
2020-09-24,0.022114156325145372
2020-09-25,0.021561354983882487
2020-09-28,0.021932588362868224
2020-09-29,0.021697030203368075
2020-09-30,0.02104722398075711
2020-10-01,0.020622721705416975
2020-10-02,0.020148286180559763
2020-10-05,0.02062809331701543
2020-10-06,0.02100188245361655
2020-10-07,0.020834413083339935
2020-10-08,0.0206128207142262
2020-10-09,0.020040892732361627
2020-10-12,0.019639393605024192
2020-10-13,0.02075422488059004
2020-10-14,0.020165848213503878
2020-10-15,0.019620324878952017
2020-10-16,0.019050101647318202
2020-10-19,0.01854539190943185
2020-10-20,0.01879122049119342
2020-10-21,0.01830429251300434
2020-10-22,0.017747961295523876
2020-10-23,0.017235470623813774
2020-10-26,0.016774045315900436
2020-10-27,0.01688677477601281
2020-10-28,0.016543565691237442
2020-10-29,0.01979331542464723
2020-10-30,0.020003109951507923
2020-11-02,0.020437279261418338
2020-11-03,0.019876772060525502
2020-11-04,0.01996149272362356
2020-11-05,0.021801745797413303
2020-11-06,0.02208776606597896
2020-11-09,0.021415003382586617
2020-11-10,0.020837816528172577
2020-11-11,0.02088327126321364
2020-11-12,0.020854983929192435
2020-11-13,0.02026328241105092
2020-11-16,0.01966200328630237
2020-11-17,0.01924932133193332
2020-11-18,0.018675705034849114
2020-11-19,0.01816307057973588
2020-11-20,0.017642482494018664
2020-11-23,0.017392785048608958
2020-11-24,0.016877232932637133
2020-11-25,0.016955191647003733
2020-11-27,0.016490410888885088
2020-11-30,0.01602627646537758
2020-12-01,0.015589077504795509
2020-12-02,0.015698746611527332
2020-12-03,0.01529837988999841
2020-12-04,0.014843645684816406
2020-12-07,0.014413474663273203
2020-12-08,0.014034179226389169
2020-12-09,0.01361234084437214
2020-12-10,0.014198276891228873
2020-12-11,0.013785781386881402
2020-12-14,0.013369581207180995
2020-12-15,0.012976507392855227
2020-12-16,0.013038731046567555
2020-12-17,0.012688671116522433
2020-12-18,0.012325935970878384
2020-12-21,0.012014112840864075
2020-12-22,0.011709650651841166
2020-12-23,0.011354421787380454
2020-12-24,0.011022087044207922
2020-12-28,0.010718258948924121
2020-12-29,0.011161010017228344
2020-12-30,0.010845596729914192
2020-12-31,0.010524575633788618
2021-01-04,0.010205387592928095
2021-01-05,0.010264137643947296
2021-01-06,0.010288035461694857
2021-01-07,0.010676792007693614
2021-01-08,0.013030505232948903
2021-01-11,0.012778259332650596
2021-01-12,0.012645272014151974
2021-01-13,0.012262886796913725
2021-01-14,0.012028413248570027
2021-01-15,0.011977592307402037
2021-01-19,0.011980441199621158
2021-01-20,0.012050427283035736
2021-01-21,0.013301116246239097
2021-01-22,0.013323026460897652
2021-01-25,0.012917153411522607
2021-01-26,0.012681648785533935
2021-01-27,0.012295330610774527
2021-01-28,0.013133589239563462
2021-01-29,0.0127341820806013
2021-02-01,0.01348447485263694
2021-02-02,0.014248934579680418
2021-02-03,0.01427200654573597
2021-02-04,0.013947380376966672
2021-02-05,0.013659744137286682
2021-02-08,0.013254309561093252
2021-02-09,0.013203647586577006
2021-02-10,0.012835060646504273
2021-02-11,0.012459212434234252
2021-02-12,0.012108697695349259
2021-02-16,0.011739937724873122
2021-02-17,0.011402974977683757
2021-02-18,0.011100263349069505
2021-02-19,0.01081708413374325
2021-02-22,0.010537087939691624
2021-02-23,0.011469563709793214
2021-02-24,0.011122048448888937
2021-02-25,0.011064769552058722
2021-02-26,0.014349792642925283
2021-03-01,0.013972190704691658
2021-03-02,0.015155294295346691
2021-03-03,0.015265987431082555
2021-03-04,0.015803252550243375
2021-03-05,0.015527444171789681
2021-03-08,0.015420449602410203
2021-03-09,0.016782239973258676
2021-03-10,0.018839296390084092
2021-03-11,0.018266898056805543
2021-03-12,0.01844036664235296
2021-03-15,0.01794598846281396
2021-03-16,0.017508324862758957
2021-03-17,0.01700102314470981
2021-03-18,0.01650831843698384
2021-03-19,0.01743955717982193
2021-03-22,0.016922919991710913
2021-03-23,0.01672055640016487
2021-03-24,0.016225783513989348
2021-03-25,0.01611758688090548
2021-03-26,0.015637641285483263
2021-03-29,0.0153513901391026
2021-03-30,0.014890597264210012
2021-03-31,0.014486507850178366
2021-04-01,0.014511495948236119
2021-04-05,0.01473571916949862
2021-04-06,0.015171606382416379
2021-04-07,0.014744538113967266
2021-04-08,0.014570046288470929
2021-04-09,0.014304092280379559
2021-04-12,0.014130958237181279
2021-04-13,0.01377256453491788
2021-04-14,0.01381794762521239
2021-04-15,0.013904834054856832
2021-04-16,0.014426852226821593
2021-04-19,0.013989592395916975
2021-04-20,0.013743050914970538
2021-04-21,0.01348222032466304
2021-04-22,0.013212798922708314
2021-04-23,0.013523237997365732
2021-04-26,0.013766673309129519
2021-04-27,0.013429420882698875
2021-04-28,0.013041831070237236
2021-04-29,0.012644978793186872
2021-04-30,0.012367787109266982
2021-05-03,0.01219944843953861
2021-05-04,0.011855247384821741
2021-05-05,0.012272977228994163
2021-05-06,0.011909121076029382
2021-05-07,0.01181564736666225
2021-05-10,0.011610457074045044
2021-05-11,0.012777900755842847
2021-05-12,0.012500219790203384
2021-05-13,0.013564575539590274
2021-05-14,0.013290556613598615
2021-05-17,0.014120397067665314
2021-05-18,0.013702121806939633
2021-05-19,0.013550867481436017
2021-05-20,0.013144941691983799
2021-05-21,0.013362665321670304
2021-05-24,0.012958851223535484
2021-05-25,0.013557590665751561
2021-05-26,0.013145120435933796
2021-05-27,0.012765192861925095
2021-05-28,0.012431811393414281
2021-06-01,0.012102455352119049
2021-06-02,0.011738375239542468
2021-06-03,0.011437740022060532
2021-06-04,0.011215281102693674
2021-06-07,0.011702018815863982
2021-06-08,0.01135879262928286
2021-06-09,0.011016667509289887
2021-06-10,0.010681807567640427
2021-06-11,0.01040559071893244
2021-06-14,0.01014272612380876
2021-06-15,0.01009578813404568
2021-06-16,0.00990084835484539
2021-06-17,0.009600203714861364
2021-06-18,0.009734610760457426
2021-06-21,0.009727940450927699
2021-06-22,0.009640654013109887
2021-06-23,0.009789057556328942
2021-06-24,0.009540156689679022
2021-06-25,0.009299031599435893
2021-06-28,0.009048245020903631
2021-06-29,0.009502921021454756
2021-06-30,0.009226851334896145
2021-07-01,0.008948919579872794
2021-07-02,0.008761762507168232
2021-07-06,0.00918207771885872
2021-07-07,0.008987949217403344
2021-07-08,0.008719200819381235
2021-07-09,0.008744472849782907
2021-07-12,0.008781938747123281
2021-07-13,0.008723595337888647
2021-07-14,0.008473100800132879
2021-07-15,0.008215459252940215
2021-07-16,0.008417023639387369
2021-07-19,0.009036651593654828
2021-07-20,0.009227678514157957
2021-07-21,0.009390639701724861
2021-07-22,0.009560379956471464
2021-07-23,0.009406150620979261
2021-07-26,0.009447616723774945
2021-07-27,0.009189717432993063
2021-07-28,0.009287802293874017
2021-07-29,0.009047763846460728
2021-07-30,0.008808434693931383
2021-08-02,0.009026764817753422
2021-08-03,0.008775297050858914
2021-08-04,0.008739066147663914
2021-08-05,0.008474562892938405
2021-08-06,0.008392900529558123
2021-08-09,0.008144914143258184
2021-08-10,0.007899403094829713
2021-08-11,0.007698784068992192
2021-08-12,0.007478704768613429
2021-08-13,0.007623729014301295
2021-08-16,0.007418983638744227
2021-08-17,0.007193066616212824
2021-08-18,0.007601051178091323
2021-08-19,0.008000369358763729
2021-08-20,0.00793497083667596
2021-08-23,0.008701291041818299
2021-08-24,0.009673527792711977
2021-08-25,0.009382522216892635
2021-08-26,0.009137581239808613
2021-08-27,0.008952409914637652
2021-08-30,0.009182436925192765
2021-08-31,0.009298427651731644
2021-09-01,0.009068258994399878
2021-09-02,0.008798405801419463
2021-09-03,0.00853114041206373
2021-09-07,0.00832517651780729
2021-09-08,0.008133614177718358
2021-09-09,0.008033724731999578
2021-09-10,0.00787413834329547
2021-09-13,0.008123358953494005
2021-09-14,0.007943638244383277
2021-09-15,0.007727536888620596
2021-09-16,0.00786752385901953
2021-09-17,0.00763923421869776
2021-09-20,0.008044730469914923
2021-09-21,0.010030552708756609
2021-09-22,0.00974493508363106
2021-09-23,0.010031763796793294
2021-09-24,0.010205946974196202
2021-09-27,0.009908856478379994
2021-09-28,0.009662227106520357
2021-09-29,0.011496417931316156
2021-09-30,0.011149567296973034
2021-10-01,0.010923451453655449
2021-10-04,0.01100547275629134
2021-10-05,0.012054274487298223
2021-10-06,0.01242272850297497
2021-10-07,0.012177736993878238
2021-10-08,0.0120543102025866
2021-10-11,0.011689265644403802
2021-10-12,0.01145106202777323
2021-10-13,0.011172168204443196
2021-10-14,0.01084863401972849
2021-10-15,0.01174223914795464
2021-10-18,0.011677945644084042
2021-10-19,0.011645244284760698
2021-10-20,0.011399833837194062
2021-10-21,0.011052649555404666
2021-10-22,0.010868543422179742
2021-10-25,0.010672596707660914
2021-10-26,0.010572730739200458
2021-10-27,0.010830439323538586
2021-10-28,0.010605753490584558
2021-10-29,0.010858240823445265
2021-11-01,0.010623605049287159
2021-11-02,0.010300055302632375
2021-11-03,0.010070772709771806
2021-11-04,0.009988615970158458
2021-11-05,0.011031889159033935
2021-11-08,0.01071444172406755
2021-11-09,0.010410704458804234
2021-11-10,0.010175225848317144
2021-11-11,0.010756246637260127
2021-11-12,0.010489152938482288
2021-11-15,0.010362692689795635
2021-11-16,0.010063081375031722
2021-11-17,0.009810483767114101
2021-11-18,0.00951425448070873
2021-11-19,0.0107333786717786
2021-11-22,0.010552952554293763
2021-11-23,0.010395214145168086
2021-11-24,0.010079210389907278
2021-11-26,0.009882903104249482
2021-11-29,0.011958630277286124
2021-11-30,0.01305245806494545
2021-12-01,0.012856703306988395
2021-12-02,0.012935382368147081
2021-12-03,0.012624765304756827
2021-12-06,0.01316257197748503
2021-12-07,0.012941987506194292
2021-12-08,0.014979538643971608
2021-12-09,0.014552569274331859
2021-12-10,0.014421394060399904
2021-12-13,0.014135052875187017
2021-12-14,0.014837375525823163
2021-12-15,0.014485656981126782
2021-12-16,0.015437128715694174
2021-12-17,0.01657573484787482
2021-12-20,0.016257117359244184
2021-12-21,0.016018284007985387
2021-12-22,0.016600934475679584
2021-12-23,0.016473696053015355
2021-12-27,0.01606373749563358
2021-12-28,0.016243669704597306
2021-12-29,0.015791558577813822
2021-12-30,0.015326713748218023
2021-12-31,0.014937086348572073
2022-01-03,0.014577580573594153
2022-01-04,0.015020569554756672
2022-01-05,0.014746714766736644
2022-01-06,0.016391751188663057
2022-01-07,0.015898910873128926
2022-01-10,0.015521601588515826
2022-01-11,0.0150658968136189
2022-01-12,0.014945207167847026
2022-01-13,0.0145864978965606
2022-01-14,0.015750864212493894
2022-01-18,0.01529211518297828
2022-01-19,0.01606511914526854
2022-01-20,0.015949464754522545
2022-01-21,0.015840571200533702
2022-01-24,0.016646796073644946
2022-01-25,0.01614371265658693
2022-01-26,0.016365355881956554
2022-01-27,0.016011956443786775
2022-01-28,0.015761950506506296
2022-01-31,0.017370494536002996
2022-02-01,0.018537248822247474
2022-02-02,0.018064511095591453
2022-02-03,0.017831285379492686
2022-02-04,0.020549401728078592
2022-02-07,0.02062765050293714
2022-02-08,0.02005401579784565
2022-02-09,0.01964061062242762
2022-02-10,0.019624273200612174
2022-02-11,0.019775965624060032
2022-02-14,0.020649580375706012
2022-02-15,0.02003197639596657
2022-02-16,0.020496329114694893
2022-02-17,0.01987377224362951
2022-02-18,0.021062237563429006
2022-02-22,0.020687969204835687
2022-02-23,0.020264796162600515
2022-02-24,0.020800616951676246
2022-02-25,0.021357366009617195
2022-02-28,0.021096810244629446
2022-03-01,0.020464325674780542
2022-03-02,0.020314269790916342
2022-03-03,0.020197065659020078
2022-03-04,0.019833875694837272
2022-03-07,0.01959731654825758
2022-03-08,0.02138282219871751
2022-03-09,0.020745422980232634
2022-03-10,0.022098115300783566
2022-03-11,0.021474616317401593
2022-03-14,0.021520514158420496
2022-03-15,0.021472896793914262
2022-03-16,0.022295395013336303
2022-03-17,0.023299772573044223
2022-03-18,0.02280433354192264
2022-03-21,0.02290845718885651
2022-03-22,0.022237926340025003
2022-03-23,0.021951822564734633
2022-03-24,0.021415826119267598
2022-03-25,0.02181190130778356
2022-03-28,0.021149106018133718
2022-03-29,0.020705717249037803
2022-03-30,0.02024632106520065
2022-03-31,0.019745746121568028
2022-04-01,0.019719799701384468
2022-04-04,0.01912117113602855
2022-04-05,0.019222053728146372
2022-04-06,0.019375179557201166
2022-04-07,0.020008134152886454
2022-04-08,0.019398916775525587
2022-04-11,0.019098366141951477
2022-04-12,0.020062202074932124
2022-04-13,0.019472554948629605
2022-04-14,0.01925530123011662
2022-04-18,0.01966567438740253
2022-04-19,0.0191799851737891
2022-04-20,0.019114037772279414
2022-04-21,0.018850195089572228
2022-04-22,0.01914474925091101
2022-04-25,0.01979825514335024
2022-04-26,0.019380758937503784
2022-04-27,0.021474798515396975
2022-04-28,0.020827373758806816
2022-04-29,0.022782604855375737
2022-05-02,0.02526835229992633
2022-05-03,0.024957521281947784
2022-05-04,0.024228313525573874
2022-05-05,0.02494231996914349
2022-05-06,0.027644306539857354
2022-05-09,0.026823257271897376
2022-05-10,0.0286146467688413
2022-05-11,0.027911213922405177
2022-05-12,0.028352088426931116
2022-05-13,0.0276506456098393
2022-05-16,0.028482211519930238
2022-05-17,0.027744123321180494
2022-05-18,0.027817239652932507
2022-05-19,0.029773738368064177
2022-05-20,0.028901925832700532
2022-05-23,0.028078750051907794
2022-05-24,0.027957581551754658
2022-05-25,0.027783352627823797
2022-05-26,0.02723974454386904
2022-05-27,0.027275470494439468
2022-05-31,0.02775905844280102
2022-06-01,0.026914630079250424
2022-06-02,0.02612509602489537
2022-06-03,0.02619776275141918
2022-06-06,0.026488294156994347
2022-06-07,0.025730921628649494
2022-06-08,0.025048737112189773
2022-06-09,0.02433482549419543
2022-06-10,0.02464360636175579
2022-06-13,0.026109516251354156
2022-06-14,0.02817059142037817
2022-06-15,0.027317271314769482
2022-06-16,0.02735168263701909
2022-06-17,0.028224621810579407
2022-06-21,0.027435461499245403
2022-06-22,0.02784622186209224
2022-06-23,0.027025771363282762
2022-06-24,0.026301501319216304
2022-06-27,0.02695553556161311
2022-06-28,0.026198076994919942
2022-06-29,0.026560510448576397
2022-06-30,0.025751418764561836
2022-07-01,0.02544666133705809
2022-07-05,0.024693415208436504
2022-07-06,0.024357795505408755
2022-07-07,0.02367712741106335
2022-07-08,0.023806224932142378
2022-07-11,0.023082824373990927
2022-07-12,0.02322693075754837
2022-07-13,0.022660562648198292
2022-07-14,0.021980018116885804
2022-07-15,0.02131058901839619
2022-07-18,0.021343423965439413
2022-07-19,0.020729133607860835
2022-07-20,0.02167259427836317
2022-07-21,0.02141099698652485
2022-07-22,0.021008748054877402
2022-07-25,0.021120069281341386
2022-07-26,0.020513835770951762
2022-07-27,0.020714154218955904
2022-07-28,0.0234146785488139
2022-07-29,0.02278404172775921
2022-08-01,0.02306413661304152
2022-08-02,0.02238302663066766
2022-08-03,0.021732072308554166
2022-08-04,0.021916856457563378
2022-08-05,0.021254035925662128
2022-08-08,0.020642029806308217
2022-08-09,0.020240016559645104
2022-08-10,0.01968890204858045
2022-08-11,0.0205700708477763
2022-08-12,0.019975098564382728
2022-08-15,0.02021587805361951
2022-08-16,0.019651212652949293
2022-08-17,0.019054855448612632
2022-08-18,0.018604051332624612
2022-08-19,0.018055593063618917
2022-08-22,0.01842572762139921
2022-08-23,0.019056039487921828
2022-08-24,0.018476929224764495
2022-08-25,0.01791898980851223
2022-08-26,0.01806564826609593
2022-08-29,0.020977265910073217
2022-08-30,0.020505714215269928
2022-08-31,0.02014638075899132
2022-09-01,0.019649835578545882
2022-09-02,0.01915617081686879
2022-09-06,0.01887517427169309
2022-09-07,0.018388700763773143
2022-09-08,0.018288203120106594
2022-09-09,0.017779245318599163
2022-09-12,0.0179964333312823
2022-09-13,0.017866876362476785
2022-09-14,0.02307849554571167
2022-09-15,0.022420450757783178
2022-09-16,0.021976108011868303
2022-09-19,0.021337690017927576
2022-09-20,0.02085445541609472
2022-09-21,0.020303968809922454
2022-09-22,0.02015477735556542
2022-09-23,0.019725095740888952
2022-09-26,0.019634473740867547
2022-09-27,0.019131693023525652
2022-09-28,0.01855697478935251
2022-09-29,0.018507500065859675
2022-09-30,0.019546267283944367
2022-10-03,0.01940273896563794
2022-10-04,0.019735726188830724
2022-10-05,0.02089047920134472
2022-10-06,0.020254260903212203
2022-10-07,0.019694366298279142
2022-10-10,0.022015691415516365
2022-10-11,0.02154751590194715
2022-10-12,0.021186800671474795
2022-10-13,0.020542282269052657
2022-10-14,0.02118235606924794
2022-10-17,0.021988692864917097
2022-10-18,0.023635926875036708
2022-10-19,0.02301923549009305
2022-10-20,0.02232601826863566
2022-10-21,0.021657405719928892
2022-10-24,0.021899513308282333
2022-10-25,0.021367652903651498
2022-10-26,0.021369367942225576
2022-10-27,0.022360578352265625
2022-10-28,0.02263273846841925
2022-10-31,0.023136869021622562
2022-11-01,0.02273582116619267
2022-11-02,0.022269840119583068
2022-11-03,0.02307705867375464
2022-11-04,0.022788174479830704
2022-11-07,0.02263187419926405
2022-11-08,0.022097338494055128
2022-11-09,0.02144437386702236
2022-11-10,0.022088276963441237
2022-11-11,0.029247749612852345
2022-11-14,0.028778887434558607
2022-11-15,0.02803485553856043
2022-11-16,0.027290156526691024
2022-11-17,0.0266499033553063
2022-11-18,0.02585985154669
2022-11-21,0.025079086803925434
2022-11-22,0.02460237407826206
2022-11-23,0.02429074790028293
2022-11-25,0.023841911535015848
2022-11-28,0.023194174989919193
2022-11-29,0.022955466728649065
2022-11-30,0.022346633207474577
2022-12-01,0.025068435193828495
2022-12-02,0.02430549847966451
2022-12-05,0.02359201557042551
2022-12-06,0.02335370386445722
2022-12-07,0.023434117233595373
2022-12-08,0.02275934514119083
2022-12-09,0.02244817876163625
2022-12-12,0.021808224853386918
2022-12-13,0.02141695797301065
2022-12-14,0.02100794128888698
2022-12-15,0.02049881659163249
2022-12-16,0.021618901694648824
2022-12-19,0.02118931239197042
2022-12-20,0.020895954358996206
2022-12-21,0.020265649139359163
2022-12-22,0.020041281063459267
2022-12-23,0.021060172784531345
2022-12-27,0.020437047423982075
2022-12-28,0.020751685327132712
2022-12-29,0.020308223289268335
2022-12-30,0.02086459041865243
2023-01-03,0.020231024550978333
2023-01-04,0.019936005403835246
2023-01-05,0.019330509300976902
2023-01-06,0.019266213838014776
2023-01-09,0.019644779451919264
2023-01-10,0.019327576912338013
2023-01-11,0.01890328952647939
2023-01-12,0.0191343323235874
2023-01-13,0.01867035290817595
2023-01-17,0.01831745888754323
2023-01-18,0.017847810265960676
2023-01-19,0.017661915663624475
2023-01-20,0.01721461408505814
2023-01-23,0.018469663439249606
2023-01-24,0.018966349700552387
2023-01-25,0.018389576976492097
2023-01-26,0.01784595446472282
2023-01-27,0.01838776700567891
2023-01-30,0.018322343185793805
2023-01-31,0.0189781943715647
2023-02-01,0.018914958955755026
2023-02-02,0.019056006443152525
2023-02-03,0.021057523306596368
2023-02-06,0.020654045667538066
2023-02-07,0.020072549178334374
2023-02-08,0.02053276105921724
2023-02-09,0.020260809339270866
2023-02-10,0.01978793663567595
2023-02-13,0.019299562382319224
2023-02-14,0.019112639830585934
2023-02-15,0.018725880306978377
2023-02-16,0.01819106908603311
2023-02-17,0.018439768132381726
2023-02-21,0.018017471131516676
2023-02-22,0.018503088689717163
2023-02-23,0.017940122293427188
2023-02-24,0.01832750628720504
2023-02-27,0.01816484960131283
2023-02-28,0.017714094575414153
2023-03-01,0.017177763648710157
2023-03-02,0.016886382661525715
2023-03-03,0.016443705568551164
2023-03-06,0.01708422435905454
2023-03-07,0.01656962965392966
2023-03-08,0.016434048205520753
2023-03-09,0.0159760054072971
2023-03-10,0.01643209581300435
2023-03-13,0.016136557503281104
2023-03-14,0.015735097238182706
2023-03-15,0.01675517540796122
2023-03-16,0.01624568386328088
2023-03-17,0.017476031521196755
2023-03-20,0.017011961499526117
2023-03-21,0.016510806702668787
2023-03-22,0.016850442899665852
2023-03-23,0.016558272054570722
2023-03-24,0.016257106072311303
2023-03-27,0.015762773559142313
2023-03-28,0.01533093021762808
2023-03-29,0.014927273725873599
2023-03-30,0.015005973539510154
2023-03-31,0.014699159585908912
2023-04-03,0.014851418713500356
2023-04-04,0.01442957803107248
2023-04-05,0.01401952466984785
2023-04-06,0.013810269144753076
2023-04-10,0.013646644215913342
2023-04-11,0.013254757603936462
2023-04-12,0.01302484991954768
2023-04-13,0.012810466396585937
2023-04-14,0.013449451367086427
2023-04-17,0.013144928677307684
2023-04-18,0.012744556907927355
2023-04-19,0.012397757475671211
2023-04-20,0.012021785326187574
2023-04-21,0.012058283373860982
2023-04-24,0.011694788101621775
2023-04-25,0.011344737459081948
2023-04-26,0.012018207484337096
2023-04-27,0.012003478417384441
2023-04-28,0.013933290054667091
2023-05-01,0.01355499004010052
2023-05-02,0.013156791797185933
2023-05-03,0.013008295873380458
2023-05-04,0.012755245220176221
2023-05-05,0.012459238738679723
2023-05-08,0.013713556823091824
2023-05-09,0.013341370315922467
2023-05-10,0.013045504150264587
2023-05-11,0.013026614785064875
2023-05-12,0.012664438860899399
2023-05-15,0.012385891377302016
2023-05-16,0.01204709184198019
2023-05-17,0.01172845383089453
2023-05-18,0.012155033053151224
2023-05-19,0.012618908597668753
2023-05-22,0.012256349829193542
2023-05-23,0.011895657759419859
2023-05-24,0.011894824851960745
2023-05-25,0.011537741006509904
2023-05-26,0.014942022019631244
2023-05-30,0.015302546339954754
2023-05-31,0.014971263334401635
2023-06-01,0.01480806058006709
2023-06-02,0.01516906084845377
2023-06-05,0.014832382094501152
2023-06-06,0.014381533633450811
2023-06-07,0.013945783087069027
2023-06-08,0.01424064749347409
2023-06-09,0.014187205621089332
2023-06-12,0.013786285411027947
2023-06-13,0.013767439636212556
2023-06-14,0.013526319369604651
2023-06-15,0.013160648664331524
2023-06-16,0.01304612630503118
2023-06-20,0.012744689955472387
2023-06-21,0.012408980506312046
2023-06-22,0.012314564805218822
2023-06-23,0.01228615975995718
2023-06-26,0.012098161975106885
2023-06-27,0.012581010678508262
2023-06-28,0.012776824914387875
2023-06-29,0.012388284424659713
2023-06-30,0.012013227236210667
2023-07-03,0.012508790897432377
2023-07-05,0.012133585124001723
2023-07-06,0.011764565901355765
2023-07-07,0.011512099617716091
2023-07-10,0.011167823634810017
2023-07-11,0.01105946442390017
2023-07-12,0.01080048462796914
2023-07-13,0.011012982966087092
2023-07-14,0.01157515405806847
2023-07-17,0.01124408583897017
2023-07-18,0.011189253408213496
2023-07-19,0.011117693378442116
2023-07-20,0.010779024394746994
2023-07-21,0.011775541470781034
2023-07-24,0.011590426501367952
2023-07-25,0.011366172900020592
2023-07-26,0.011156963723286327
2023-07-27,0.010817182796248461
2023-07-28,0.010524010272420455
2023-07-31,0.011143545203645026
2023-08-01,0.010818367714026939
2023-08-02,0.010568169172909623
2023-08-03,0.011820595726204718
2023-08-04,0.011469825623265473
2023-08-07,0.011142067861897835
2023-08-08,0.010907663677613462
2023-08-09,0.01070529101304368
2023-08-10,0.01120838970312609
2023-08-11,0.010869715553030453
2023-08-14,0.010640262895297847
2023-08-15,0.011138415179054395
2023-08-16,0.011213415776991982
2023-08-17,0.011151530124891623
2023-08-18,0.011035082628655112
2023-08-21,0.010710280836581357
2023-08-22,0.01174808980046269
2023-08-23,0.011456746176451899
2023-08-24,0.011815119050113187
2023-08-25,0.012147284351090533
2023-08-28,0.011814978497672528
2023-08-29,0.0115964793679699
2023-08-30,0.012562750855574744
2023-08-31,0.012266477075227445
2023-09-01,0.011892828441856896
2023-09-05,0.011540642562234566
2023-09-06,0.011239612909798658
2023-09-07,0.01156557019554994
2023-09-08,0.01138136906094061
2023-09-11,0.011040182836785392
2023-09-12,0.01107327054245758
2023-09-13,0.010960870002030023
2023-09-14,0.010727575079774215
2023-09-15,0.010647493184677573
2023-09-18,0.011106956797524277
2023-09-19,0.01078703493595159
2023-09-20,0.0104759613233405
2023-09-21,0.011103470554214118
2023-09-22,0.01148629815985158
2023-09-25,0.011136703837803553
2023-09-26,0.0109919041963162
2023-09-27,0.011426121477354521
2023-09-28,0.011103870001861122
2023-09-29,0.010944053104830796
2023-10-02,0.01061071726161811
2023-10-03,0.010936794672333458
2023-10-04,0.011484028818545898
2023-10-05,0.011522445367551525
2023-10-06,0.01118622281499638
2023-10-09,0.011607830644198677
2023-10-10,0.011297504280360526
2023-10-11,0.010971390593339733
2023-10-12,0.010892052893945174
2023-10-13,0.010565230799341224
2023-10-16,0.010543135644575208
2023-10-17,0.010452031592911965
2023-10-18,0.010353187390130067
2023-10-19,0.010801284782551506
2023-10-20,0.010593126507521866
2023-10-23,0.01110490514059249
2023-10-24,0.010902787859780511
2023-10-25,0.010727058161907187
2023-10-26,0.011896005663290651
2023-10-27,0.012956172561432448
2023-10-30,0.012660516290586222
2023-10-31,0.012770358763208825
2023-11-01,0.012389542890365538
2023-11-02,0.012965664953889828
2023-11-03,0.013279566749301874
2023-11-06,0.01304353789584858
2023-11-07,0.01282781431967546
2023-11-08,0.012612898072535872
2023-11-09,0.012276341857918425
2023-11-10,0.011975291023094406
2023-11-13,0.012692707681675887
2023-11-14,0.012307528166202734
2023-11-15,0.012613193045322893
2023-11-16,0.01223647237582978
2023-11-17,0.011974246907523415
2023-11-20,0.011610447107304184
2023-11-21,0.01155039840388661
2023-11-22,0.011242883878648802
2023-11-24,0.01090667953527006
2023-11-27,0.010653427928832658
2023-11-28,0.010331605553655926
2023-11-29,0.010060000523615827
2023-11-30,0.009864194387673454
2023-12-01,0.009621878994241755
2023-12-04,0.009330111449357439
2023-12-05,0.009550216027057743
2023-12-06,0.009663306468053403
2023-12-07,0.009700047564376596
2023-12-08,0.01011367761232885
2023-12-11,0.009981844069814392
2023-12-12,0.010048022798244237
2023-12-13,0.009921128745826934
2023-12-14,0.00978133565929777
2023-12-15,0.009483362059182118
2023-12-18,0.009317490708578345
2023-12-19,0.009324600072270045
2023-12-20,0.00909114398360078
2023-12-21,0.009336924206718151
2023-12-22,0.009358079811098987
2023-12-26,0.00907711242122209
2023-12-27,0.008822360418062893
2023-12-28,0.008560521540455415
2023-12-29,0.008300201779518724
2024-01-02,0.008099197210033694
2024-01-03,0.008521815399328366
2024-01-04,0.0083922443340832
2024-01-05,0.008267410713047865
2024-01-08,0.00804914302192575
2024-01-09,0.00952756321086995
2024-01-10,0.009265713418934557
2024-01-11,0.009377273367478308
2024-01-12,0.009092052386267487
2024-01-16,0.008822193335148597
2024-01-17,0.008557264342770517
2024-01-18,0.008390742607066482
2024-01-19,0.008730428252420673
2024-01-22,0.009307237564550852
2024-01-23,0.009027761156969459
2024-01-24,0.008836807689276688
2024-01-25,0.008785580193419408
2024-01-26,0.0085273115983124
2024-01-29,0.008272768004524849
2024-01-30,0.008421120571774545
2024-01-31,0.008209476429386716
2024-02-01,0.010026638609728163
2024-02-02,0.010150470892387714
2024-02-05,0.01186159098886819
2024-02-06,0.011515139851238558
2024-02-07,0.011166457030367625
2024-02-08,0.011245624956171332
2024-02-09,0.010906628004418377
2024-02-12,0.011036049713440113
2024-02-13,0.01079851568775382
2024-02-14,0.010944351479412648
2024-02-15,0.010862435798776543
2024-02-16,0.010536099558269105
2024-02-20,0.010324475646953641
2024-02-21,0.010357424728401964
2024-02-22,0.010041970114684698
2024-02-23,0.013339242180812257
2024-02-26,0.012958142676197926
2024-02-27,0.012631705745813872
2024-02-28,0.012247617401290734
2024-02-29,0.011960865388900755
2024-03-01,0.01179894885454403
2024-03-04,0.0115473789452077
2024-03-05,0.011369363903435457
2024-03-06,0.011514743473118762
2024-03-07,0.011179564688901914
2024-03-08,0.011477021709701343
2024-03-11,0.011324953774689376
2024-03-12,0.010986491882107603
2024-03-13,0.011677208330087195
2024-03-14,0.011366196193909805
2024-03-15,0.011023357835571332
2024-03-18,0.01081274942244588
2024-03-19,0.010944650227188739
2024-03-20,0.010745127862543133
2024-03-21,0.01081487519222646
2024-03-22,0.010561167841826142
2024-03-25,0.010350696486425422
2024-03-26,0.01007339221004524
2024-03-27,0.009831019026400383
2024-03-28,0.009587605367140047
2024-04-01,0.009319634918751268
2024-04-02,0.009057172526125134
2024-04-03,0.009059479198225879
2024-04-04,0.008801857653763253
2024-04-05,0.008964098769948727
2024-04-08,0.009230555106838336
2024-04-09,0.008949579404498144
2024-04-10,0.008681999930459351
2024-04-11,0.008454010717226543
2024-04-12,0.009536620218230065
2024-04-15,0.010118324351932871
2024-04-16,0.010743574633219512
2024-04-17,0.010427617564265608
2024-04-18,0.010370279192040475
2024-04-19,0.010074120819419677
2024-04-22,0.01130691458704521
2024-04-23,0.011262159787843284
2024-04-24,0.011533155411092165
2024-04-25,0.011204709593659292
2024-04-26,0.010890019141474038
2024-04-29,0.011918094092458064
2024-04-30,0.011667570697440949
2024-05-01,0.012465570025919975
2024-05-02,0.012105494132582334
2024-05-03,0.012404001626355791
2024-05-06,0.013169207826240351
2024-05-07,0.01309395491413408
2024-05-08,0.01271424712630426
2024-05-09,0.012328849931999706
2024-05-10,0.01197278314500971
2024-05-13,0.011608441800668964
2024-05-14,0.011293049435447256
2024-05-15,0.011156361154826445
2024-05-16,0.01121129525618489
2024-05-17,0.010878214590581284
2024-05-20,0.010550909670145539
2024-05-21,0.010229566206249631
2024-05-22,0.010157918263465501
2024-05-23,0.009950122260665033
2024-05-24,0.009650793222463932
2024-05-28,0.009865362514296322
2024-05-29,0.009925369871933378
2024-05-30,0.009653428167891954
2024-05-31,0.00989641180544511
2024-06-03,0.009619955740898084
2024-06-04,0.009589959631230625
2024-06-05,0.009313954053833066
2024-06-06,0.009737018052075002
2024-06-07,0.009441311450201335
2024-06-10,0.00915370715138694
2024-06-11,0.008877655034236374
2024-06-12,0.009116166338140354
2024-06-13,0.009473414494792236
2024-06-14,0.0092804710252162
2024-06-17,0.008998839040638286
2024-06-18,0.008931616434312705
2024-06-20,0.008659973950637192
2024-06-21,0.008519855138207987
2024-06-24,0.00832783699577341
2024-06-25,0.00835262742984422
2024-06-26,0.009047790507387115
2024-06-27,0.009156659329547361
2024-06-28,0.008915789240675348
2024-07-01,0.00883073009503112
2024-07-02,0.00935712539686854
2024-07-03,0.009513411307311056
2024-07-05,0.009543788175350561
2024-07-08,0.009516615710772443
2024-07-09,0.009234819868883125
2024-07-10,0.009038920217242351
2024-07-11,0.009348438819150732
2024-07-12,0.011392811180509943
2024-07-15,0.01107725360945189
2024-07-16,0.0108641211483863
2024-07-17,0.010533862470846995
2024-07-18,0.011528038971496065
2024-07-19,0.01132029838948341
2024-07-22,0.011168678521864208
2024-07-23,0.0113190853795236
2024-07-24,0.01097508589112001
2024-07-25,0.01433857823225626
2024-07-26,0.014107132978019209
2024-07-29,0.01385335519559644
2024-07-30,0.013440013586411332
2024-07-31,0.013294229753624941
2024-08-01,0.014310701194219592
2024-08-02,0.014758312419442888
2024-08-05,0.015299527835487907
2024-08-06,0.018005291315739424
2024-08-07,0.017625482048539802
2024-08-08,0.017179748057840793
2024-08-09,0.01768315208386501
2024-08-12,0.017230327939144585
2024-08-13,0.0167882777020452
2024-08-14,0.01727438835697505
2024-08-15,0.016753905203129763
2024-08-16,0.016986159813796017
2024-08-19,0.016488995439854326
2024-08-20,0.016294060205454885
2024-08-21,0.015819577311328874
2024-08-22,0.01534398342912866
2024-08-23,0.015365271628066514
2024-08-26,0.015321460013286083
2024-08-27,0.014915093470153006
2024-08-28,0.014460988414311473
2024-08-29,0.014197626487912542
2024-08-30,0.013806283077830831
2024-09-03,0.01364287710534304
2024-09-04,0.015433879158579456
2024-09-05,0.015016581442082356
2024-09-06,0.014648586589836381
2024-09-09,0.015618747080941483
2024-09-10,0.015441901685746268
2024-09-11,0.014983290812977536
2024-09-12,0.015517745685596317
2024-09-13,0.01524104000999145
2024-09-16,0.014783524738934442
2024-09-17,0.014422742059303854
2024-09-18,0.014002174864589266
2024-09-19,0.013578764080108779
2024-09-20,0.014657782219769553
2024-09-23,0.01423772078570727
2024-09-24,0.013812026938033422
2024-09-25,0.013479163441163589
2024-09-26,0.0130742420508792
2024-09-27,0.012676240704904331
2024-09-30,0.012296569514994051
2024-10-01,0.01205637824199586
2024-10-02,0.012328501627843385
2024-10-03,0.011952985891792469
2024-10-04,0.011590816865925457
2024-10-07,0.011736981350004986
2024-10-08,0.01178960908509543
2024-10-09,0.011881395576103342
2024-10-10,0.011584599446973922
2024-10-11,0.011242285561040549
2024-10-14,0.01090386125430524
2024-10-15,0.010800673962223778
2024-10-16,0.010775442622554384
2024-10-17,0.010471362338935286
2024-10-18,0.010153143886770343
2024-10-21,0.009942861605152028
2024-10-22,0.009774544026098918
2024-10-23,0.009538835760071073
2024-10-24,0.0101757012987529
2024-10-25,0.010294453063101396
2024-10-28,0.010114236934428112
2024-10-29,0.009814530863053445
2024-10-30,0.009579869422139434
2024-10-31,0.009292375726347673
2024-11-01,0.01164524197758905
2024-11-04,0.011442574582604144
2024-11-05,0.011179679103020932
2024-11-06,0.011317209419815788
2024-11-07,0.01427794911432244
2024-11-08,0.014188655083602767
2024-11-11,0.013756420535882623
2024-11-12,0.013338662137120106
2024-11-13,0.012950028323732075
2024-11-14,0.012556675370146883
2024-11-15,0.01219956004124709
2024-11-18,0.012607932389986328
2024-11-19,0.012285237186712554
2024-11-20,0.012171843375889124
2024-11-21,0.011809629933233383
2024-11-22,0.01154027546262798
2024-11-25,0.011201247594344479
2024-11-26,0.01086057432409236
2024-11-27,0.010806673138084416
2024-11-29,0.010574090220765709
2024-12-02,0.010474641704269936
2024-12-03,0.01041810381616438
2024-12-04,0.010192245499760229
2024-12-05,0.01023337544214591
2024-12-06,0.0099275861632376
2024-12-09,0.00965219190677258
2024-12-10,0.009361921503578337
2024-12-11,0.009098851269548383
2024-12-12,0.009480893867974738
2024-12-13,0.009333098067959456
2024-12-16,0.009137373976905554
2024-12-17,0.009028077909883124
2024-12-18,0.008756455987280531
2024-12-19,0.011071447616511586
2024-12-20,0.010771722132389132
2024-12-23,0.010784622000308523
2024-12-24,0.01078654960834931
2024-12-26,0.010906958298308244
2024-12-27,0.010581975503138247
2024-12-30,0.010909069452753639
2024-12-31,0.0108435714286754
2025-01-02,0.01075904289582239
2025-01-03,0.010468511659823926
2025-01-06,0.011036957828206767
2025-01-07,0.011220989395387147
2025-01-08,0.011792653307080216
2025-01-10,0.011433402235533423
2025-01-13,0.011707914234641821
2025-01-14,0.011353904714225836
2025-01-15,0.011062528040107641
2025-01-16,0.012572841668829486
2025-01-17,0.01305021764916958
2025-01-21,0.0132098562988796
2025-01-22,0.01282098819821305
2025-01-23,0.012875065341988345
2025-01-24,0.012508416156687773
2025-01-27,0.012223749372059051
2025-01-28,0.013578296852065836
2025-01-29,0.01482981073309884
2025-01-30,0.014535372536804871
2025-01-31,0.014131429508561229
2025-02-03,0.01376209307354746
2025-02-04,0.013892648911103167
2025-02-05,0.01394627601167606
2025-02-06,0.013552980530888244
2025-02-07,0.013291060559636877
2025-02-10,0.01341262676262725
2025-02-11,0.01309230809424723
2025-02-12,0.012696281978985308
2025-02-13,0.01232038266679547
2025-02-14,0.01250997951984134
2025-02-18,0.012176310375795
2025-02-19,0.011821758707396083
2025-02-20,0.011496846726995835
2025-02-21,0.011233105188631418
2025-02-24,0.01230298897164395
2025-02-25,0.01220911172307341
2025-02-26,0.01240590368142673
2025-02-27,0.012032320046494075
2025-02-28,0.01322896646875692
2025-03-03,0.013736442243711264
2025-03-04,0.015443938683528894
2025-03-05,0.015010095138718359
2025-03-06,0.014841519038164391
2025-03-07,0.015182214115551018
2025-03-10,0.014751487791979774
2025-03-11,0.01799584233459891
2025-03-12,0.017461287903009205
2025-03-13,0.017257153867714304
2025-03-14,0.017385061315466077
2025-03-17,0.01815991725630236
2025-03-18,0.017635926625572465
2025-03-19,0.017540984939775617
2025-03-20,0.01740035802303864
2025-03-21,0.016870287906077884
2025-03-24,0.01656783214026111
2025-03-25,0.01706891089100347
2025-03-26,0.01669871137842132
2025-03-27,0.017013633880702973
2025-03-28,0.016531429948454017
2025-03-31,0.01742535408996981
2025-04-01,0.016896317401156203
2025-04-02,0.016583798592718028
2025-04-03,0.01614754610720115
2025-04-04,0.022243625267033367
2025-04-07,0.026206332197961917
2025-04-08,0.02540973696405096
2025-04-09,0.025032755984774037
2025-04-10,0.0378992126780953
2025-04-11,0.038180627087860755
2025-04-14,0.03755238681917706
2025-04-15,0.036409012916676586
2025-04-16,0.035313724205297194
2025-04-17,0.03525927734494863
2025-04-21,0.03441033196855882
2025-04-22,0.03415299131184496
2025-04-23,0.03377492713432273
2025-04-24,0.033394414496480444
2025-04-25,0.03292618616380511
2025-04-28,0.032186016140510684
2025-04-29,0.03121821325212861
2025-04-30,0.030274461337020758
2025-05-01,0.02936956739373395
2025-05-02,0.028959970170225405
2025-05-05,0.028128336308415273
2025-05-06,0.0273950416434514
2025-05-07,0.026613675268876924
2025-05-08,0.025811539930164683
2025-05-09,0.02515018868330848
2025-05-12,0.024386632451011227
2025-05-13,0.026147725660696366
2025-05-14,0.025414792565020276
2025-05-15,0.024819154954412205
2025-05-16,0.02420913600289113
2025-05-19,0.0235190075951236
2025-05-20,0.02280343336062364
2025-05-21,0.022149766309173636
2025-05-22,0.021785433746423465
2025-05-23,0.0211349535067589
2025-05-27,0.020738757802223347
2025-05-28,0.020997481365582583
2025-05-29,0.020383378984668542
2025-05-30,0.019815199776472156
2025-06-02,0.01924479630948813
2025-06-03,0.018704631352238814
2025-06-04,0.018163592560935003
2025-06-05,0.01761078134398383
2025-06-06,0.01734084576663646
2025-06-09,0.01740883347294204
2025-06-10,0.01692345461921848
2025-06-11,0.016553201110945454
2025-06-12,0.016113789575031134
2025-06-13,0.015654145798412365
2025-06-16,0.015338116586205548
2025-06-17,0.015198925307067259
2025-06-18,0.014824086663708026
2025-06-20,0.014383219756729106
2025-06-23,0.013982423412581707
2025-06-24,0.013659367554105784
2025-06-25,0.013354094568662957
2025-06-26,0.013111986911677488
2025-06-27,0.012909735272909012
2025-06-30,0.012679805833951221
2025-07-01,0.012300674638924597
2025-07-02,0.011972230852859807
2025-07-03,0.011849176633694733
2025-07-07,0.011761565540113858
2025-07-08,0.011807078509434162
2025-07-09,0.011460286110990203
2025-07-10,0.011292557892087576
2025-07-11,0.01103946270024276
2025-07-14,0.010732046771754829
2025-07-15,0.010417291579900227
2025-07-16,0.010133753521214175
2025-07-17,0.00983123578946874
2025-07-18,0.009573879953440173
2025-07-21,0.009288905695574919
2025-07-22,0.009081845869573042
2025-07-23,0.00883071904945262
2025-07-24,0.00875480867340354
2025-07-25,0.008488141170964084
2025-07-28,0.008273153057910095
2025-07-29,0.008122934835425595
2025-07-30,0.008137308717128745
2025-07-31,0.007904598388944032
2025-08-01,0.007674806750271912
2025-08-04,0.010369875683302372
2025-08-05,0.01072813381193689
2025-08-06,0.010431644938452911
2025-08-07,0.010819696688921462
2025-08-08,0.010547459779150479
2025-08-11,0.01098757011416829
2025-08-12,0.010662161833107102
2025-08-13,0.01070224438361692
2025-08-14,0.010379608240981074
2025-08-15,0.010120452941778324
2025-08-18,0.009818107360271862
2025-08-19,0.00951991931576348
2025-08-20,0.009750358471890519
2025-08-21,0.009713748293568815
2025-08-22,0.009440769914887123
2025-08-25,0.01031765406422313
2025-08-26,0.010006815600468816
2025-08-27,0.009744391652693791
2025-08-28,0.009481115233911638
2025-08-29,0.009268667173215983
2025-09-02,0.009181193313670975
2025-09-03,0.009191960599311948
2025-09-04,0.00971995957016962
2025-09-05,0.009813843686466666
2025-09-08,0.009830526211430908
2025-09-09,0.009539975094354572
2025-09-10,0.009553166789996237
2025-09-11,0.009293157508742177
2025-09-12,0.009251415640156488
2025-09-15,0.009312170195616481
2025-09-16,0.009519989528740789
2025-09-17,0.009230031732906633
2025-09-18,0.008979855344886297
2025-09-19,0.008731095690399043
2025-09-22,0.008950432327908424
2025-09-23,0.009041732983023201
2025-09-24,0.009121036804169187
2025-09-25,0.008848938225937993
2025-09-26,0.008589157989276447
2025-09-29,0.008403813497550042
2025-09-30,0.008166699276156342
2025-10-01,0.007937270829189755
2025-10-02,0.0077101888162918915
2025-10-03,0.007475338308706416
2025-10-06,0.007248981998432083
2025-10-07,0.007213246243228803
2025-10-08,0.007126614385265977
2025-10-09,0.007081962078924721
2025-10-10,0.006869452986205055
2025-10-13,0.01065418934703739
2025-10-14,0.01131139693043248
2025-10-15,0.011290408609317367
2025-10-16,0.01102274512566561
2025-10-17,0.010765626033786129
2025-10-20,0.0106025813644236
2025-10-21,0.010995924420782906
2025-10-22,0.010679011100333518
2025-10-23,0.010445546700700841
2025-10-24,0.010238248865164338
2025-10-27,0.010307878451802236
2025-10-28,0.011190803743113762
2025-10-29,0.011234575607052025
2025-10-30,0.011023178032815792
2025-10-31,0.011416767152840684
2025-11-03,0.011169286249520129
2025-11-04,0.010906565859099457
2025-11-05,0.011112434615546847
2025-11-06,0.01077587047349915
2025-11-07,0.011057148652941658
2025-11-10,0.010735705413960999
2025-11-11,0.0116264366952672
2025-11-12,0.011277547799290412
2025-11-13,0.010969569097275138
2025-11-14,0.011849248912195805
2025-11-17,0.011488623388289022
2025-11-18,0.011270893419866314
2025-11-19,0.011555229918771115
2025-11-20,0.011286647700226452
2025-11-21,0.011558640765806847
2025-11-24,0.011325001207469881
2025-11-25,0.0119969977062518
2025-11-26,0.011694935969122616
2025-11-28,0.011453584731726195
2025-12-01,0.011195842765106247
2025-12-02,0.010854805083139168
2025-12-03,0.01058641549443508
2025-12-04,0.010264272911128814
2025-12-05,0.009966589874271015
2025-12-08,0.009663046000437698
2025-12-09,0.00938577007131473
2025-12-10,0.009131044086298782
2025-12-11,0.008889272768477756
2025-12-12,0.008623449232424453
2025-12-15,0.008568496276959782
2025-12-16,0.008342493614977178
2025-12-17,0.00808835321426429
2025-12-18,0.008572175728010565
2025-12-19,0.008749327248480694
2025-12-22,0.008823281485681726
2025-12-23,0.008620522380305085
2025-12-24,0.008739247996284791
2025-12-26,0.00849471196102157
2025-12-29,0.008236032251234383
2025-12-30,0.008080942718747444
2025-12-31,0.007834788698250305
2026-01-02,0.007729854098213055
2026-01-05,0.007518406323766045
2026-01-06,0.007465685921178833
2026-01-07,0.007256424927727454
2026-01-08,0.007043352295205354
2026-01-09,0.006831691067452371
2026-01-12,0.006680337142952497
2026-01-13,0.006493201416421944
2026-01-14,0.0064875091463652826
2026-01-15,0.006816270348443987
2026-01-16,0.0066208610579695844
2026-01-20,0.006441110028195582
2026-01-21,0.00904289432947831
2026-01-22,0.008996026861260498
2026-01-23,0.009235309472085592
2026-01-26,0.009151349284983089
2026-01-27,0.009058088541159389
2026-01-28,0.008784207268998817
2026-01-29,0.0085517600165678
2026-01-30,0.008499888311197079
2026-02-02,0.008273599721215358
2026-02-03,0.008036852517800471
2026-02-04,0.00811752358928432
2026-02-05,0.008021794451824065
2026-02-06,0.009223680567384387
2026-02-09,0.009661201178213506
2026-02-10,0.009570220288781905
2026-02-11,0.009382833067233767
2026-02-12,0.009160826928203155
2026-02-13,0.010451330599839256
2026-02-17,0.010388599566540637
2026-02-18,0.010160361554355192
2026-02-19,0.010059442695436868
2026-02-20,0.009777426961963313
2026-02-23,0.009860159620998626
2026-02-24,0.010088694262903597
2026-02-25,0.00996663012389151
2026-02-26,0.010383490949788843
2026-02-27,0.01046327490016943
2026-03-02,0.010771632622487044
2026-03-03,0.01051503697652938
2026-03-04,0.010233704898110155
2026-03-05,0.01010543897098479
2026-03-06,0.009809963398476047
2026-03-09,0.01017763950826377
2026-03-10,0.010129649389020353
2026-03-11,0.009822278262993254
2026-03-12,0.009547827124643356
2026-03-13,0.010040156594046133
2026-03-16,0.010102806678668906
2026-03-17,0.010291400501403331
2026-03-18,0.010036209872677863
2026-03-19,0.010249861120823075
2026-03-20,0.010079397901973588
2026-03-23,0.010514927349415115
2026-03-24,0.010578140757551808
2026-03-25,0.010424583286992955
2026-03-26,0.010211684782479363
2026-03-27,0.011132191876270589
2026-03-30,0.012213898707732785
2026-03-31,0.01184653239419677
2026-04-01,0.014675516335343601
2026-04-02,0.014330348013540264
2026-04-06,0.013894448028028462
2026-04-07,0.013557978321323303
2026-04-08,0.01316320196306077
2026-04-09,0.013589258139177702
2026-04-10,0.013410406383645145
2026-04-13,0.013033769735865942
2026-04-14,0.012888857641528027
2026-04-15,0.013252196890010497
2026-04-16,0.01358025083455995
2026-04-17,0.013192902511430658
2026-04-20,0.013147173376100522
2026-04-21,0.012751504164171208
2026-04-22,0.012402681999834962
2026-04-23,0.012686182608539645
2026-04-24,0.012600087721351783
2026-04-27,0.012609957648137373
2026-04-28,0.012297161495204746
2026-04-29,0.011935530239278448
2026-04-30,0.011594658147535047
2026-05-01,0.011287308677137488
2026-05-04,0.011179859830730844
2026-05-05,0.010856738993438373
2026-05-06,0.010571074226876634
2026-05-07,0.011032734272616916
2026-05-08,0.0107125673861264
2026-05-11,0.010510274522777915
2026-05-12,0.01019009075170858
2026-05-13,0.009886864096960223
2026-05-14,0.010063293961739342
2026-05-15,0.009868070241931155
2026-05-18,0.009655239352856563
2026-05-19,0.009389974013279392
2026-05-20,0.00941370302336036
2026-05-21,0.009393507356592104
2026-05-22,0.009107383200263943
2026-05-26,0.00883042329726747
2026-05-27,0.008582236989495397
2026-05-28,0.008331242286721292
2026-05-29,0.008272740599539197
2026-06-01,0.00802282938448141
2026-06-02,0.0077788037337812995
2026-06-03,0.007661144742886571
2026-06-04,0.00817920579709331
2026-06-05,0.008663795434328804
2026-06-08,0.01059023628045377
2026-06-09,0.010279811447114864
2026-06-10,0.010406192067919642
2026-06-11,0.010858179505382608
2026-06-12,0.010668809197074268
2026-06-15,0.010343888110363192
2026-06-16,0.011050772168717575
2026-06-17,0.010714545073431683
2026-06-18,0.011552015427800863
2026-06-22,0.011367922646684344
2026-06-23,0.011595383439045778
2026-06-24,0.011391185213000792
2026-06-25,0.011220481709954615
2026-06-26,0.012303618684238375
2026-06-29,0.012358650558307876
2026-06-30,0.012263927386634722
2026-07-01,0.012222070992230053
2026-07-02,0.012514147160847202
2026-07-06,0.012166205925311141
2026-07-07,0.01200564219489094
2026-07-08,0.011685816301158862
2026-07-09,0.011347363775537963
2026-07-10,0.01111515914436235
2026-07-13,0.010932822861512868
2026-07-14,0.010625013052166813
2026-07-15,0.010436646656138707
2026-07-16,0.011247061581160567
2026-07-17,0.011014481357130228
2026-07-20,0.011051605020665817
2026-07-21,0.010715792981769116
2026-07-22,0.010471943480017098
2026-07-23,0.01019764417483122
2026-07-24,0.012266637100780542
2026-07-27,0.011938271305515674
2026-07-28,0.011581454049407495
2026-07-29,0.01134300371631745
2026-07-30,0.011526269723074797
2026-07-31,0.012762017282128467
