Window,Confidence,VaR,Expected Shortfall,VaR Amount,ES Amount
250,0.95,0.0161538498525516,0.023205626804410944,63472.06586359671,91180.06459017332
250,0.99,0.026518896034839794,0.0300972468086881,104198.63568852919,118258.77107878576
250,0.995,0.028921158061982342,0.031795571626716354,113637.65703639225,124931.86669943394
500,0.95,0.021387445044406667,0.03237972927346821,84036.02440926543,127227.15190808658
500,0.99,0.03446772803312999,0.050778834794831765,135431.36304079232,199521.32624689213
500,0.995,0.04347961685944033,0.05662764977622553,170841.07690838963,222502.62006301468
750,0.95,0.02040344302205801,0.02948840859826285,80169.66179338652,115866.51045081654
750,0.99,0.033222756640282014,0.04518436937431965,130539.59377424448,177539.428378362
750,0.995,0.04183882626235915,0.053057235341620726,164394.04602739774,208473.6683133006
