Rank,Scenario,Scenario Type,Stressed Portfolio Loss,Stressed VaR,Stressed Expected Shortfall,Worst-Case Loss
1,Equity Market Down 20%,Hypothetical,0.2,0.24940034926170476,0.2661578587876944,0.3486065285869183
2,Volatility Doubles,Hypothetical,0.2981883398083098,0.0997759811578827,0.13329100020986195,0.2981883398083098
3,Equity Market Down 10%,Hypothetical,0.1,0.14940034926170476,0.1661578587876944,0.2486065285869183
4,Equity Market Down 5%,Hypothetical,0.05,0.09940034926170478,0.11615785878769438,0.1986065285869183
5,COVID Crash 2020,Historical,0.1486065285869183,0.13812409028921976,0.1486065285869183,0.1486065285869183
6,Correlation Spikes,Hypothetical,0.1376548337193235,0.047692683881658704,0.06343196086198291,0.1376548337193235
7,Sector-Specific Shock - Technology - 20%,Hypothetical,0.1,0.1,0.09999999999999999,0.1
8,Inflation Shock 2022,Historical,0.0622555488769908,0.05165449009243876,0.05846940312025205,0.0622555488769908
9,Tech Selloff,Historical,0.0546832573635133,0.05135028773986657,0.05308916932610565,0.0546832573635133
10,Banking Stress 2023,Historical,0.0223960520926524,0.02118908665035483,0.0223960520926524,0.0223960520926524
