Date,AAPL,AMZN,GOOGL,JPM,META,MSFT,NVDA,TSLA,UNH,XOM
2025-01-02,242.3019256591797,220.22000122070312,188.4457092285156,231.7341461181641,596.292724609375,413.6726379394531,138.1037139892578,379.2799987792969,485.8110961914063,102.13241577148438
2025-01-03,241.8150329589844,224.19000244140625,190.79342651367188,234.9011688232422,601.6561279296875,418.3866882324219,144.25454711914062,410.4400024414063,493.9864501953125,102.6558837890625
2025-01-06,243.4446258544922,227.6100006103516,195.84706115722656,233.7559509277344,627.1004638671875,422.833984375,149.2071533203125,411.0499877929688,494.6315612792969,102.54167938232422
2025-01-07,240.67233276367188,222.1100006103516,194.47422790527344,236.0076141357422,614.8510131835938,417.4181823730469,139.9309844970703,394.3599853515625,495.1901245117188,103.50293731689452
2025-01-08,241.15921020507807,222.1300048828125,192.9422149658203,235.96878051757807,607.7161865234375,419.58251953125,139.90106201171875,394.9400024414063,505.0794677734375,101.77075958251952
2025-01-10,235.34637451171875,218.94000244140625,191.0421600341797,232.8048095703125,612.8309326171875,414.038330078125,135.7073211669922,394.739990234375,501.3914184570313,101.39956665039062
2025-01-13,232.9119110107422,218.4600067138672,190.0175018310547,237.01698303222656,605.3379516601562,412.2989501953125,133.0313262939453,403.30999755859375,521.08349609375,104.0168914794922
2025-01-14,231.7990264892578,217.75999450683597,188.67449951171875,240.18093872070312,591.3272094726562,410.7967834472656,131.56350708007812,396.3599853515625,523.5870971679688,104.42613983154295
2025-01-15,236.35986328125,223.3500061035156,194.53392028808597,244.917236328125,614.084716796875,421.31201171875,136.03684997558594,428.2200012207031,523.2789916992188,106.1297607421875
2025-01-16,226.81089782714844,220.66000366210935,191.9076232910156,246.7806701660156,608.2933349609375,419.6022644042969,133.3708038330078,413.8200073242188,491.665771484375,105.94894409179688
2025-01-17,228.5199737548828,225.94000244140625,194.9815826416016,251.5266571044922,609.7561645507812,424.0001220703125,137.504638671875,426.5,490.8665161132813,106.90068817138672
2025-01-21,221.2265472412109,230.7100067138672,197.0209197998047,255.28268432617188,613.4280395507812,423.4763488769531,140.6199951171875,424.0700073242188,505.5320129394531,106.0916976928711
2025-01-22,222.4090118408203,235.00999450683597,197.33924865722656,255.0982360839844,620.4332885742188,440.9688720703125,146.85069274902344,415.1099853515625,500.457275390625,104.24530792236328
2025-01-23,222.2401123046875,235.4199981689453,196.95127868652344,258.1166687011719,633.3197021484375,441.4728088378906,147.00045776367188,412.3800048828125,510.1349182128906,104.83538055419922
2025-01-24,221.36569213867188,234.8500061035156,199.1697235107422,257.0393371582031,644.3053588867188,438.85394287109375,142.40728759765625,406.5799865722656,512.7733764648438,103.4172821044922
2025-01-27,228.40074157714844,235.4199981689453,190.81332397460935,258.0196228027344,656.6343994140625,429.46527099609375,118.24339294433594,397.1499938964844,523.3753051757812,104.85441589355467
2025-01-28,236.7473907470703,238.1499938964844,194.28521728515625,259.2716064453125,671.0133666992188,441.95709228515625,128.7976531982422,398.0899963378906,522.3737182617188,102.8271942138672
2025-01-29,237.8404083251953,237.07000732421875,194.3946533203125,258.72802734375,673.1627197265625,437.1441650390625,123.51553344726562,389.1000061035156,518.1561889648438,103.42679595947266
2025-01-30,236.08164978027344,234.63999938964844,199.8262634277344,260.3294982910156,683.6210327148438,410.1246948242188,124.464111328125,400.2799987792969,525.3493041992188,104.28337860107422
2025-01-31,234.5017547607422,237.67999267578125,202.9599151611328,259.4268798828125,685.790283203125,410.1939086914063,119.89094543457033,404.6000061035156,522.3834228515625,101.67557525634766
2025-02-03,226.5624542236328,237.4199981689453,200.18438720703125,258.9512634277344,694.0296020507812,406.1024169921875,116.4860382080078,383.6799926757813,527.8624877929688,101.92302703857422
2025-02-04,231.3220672607422,242.05999755859372,205.30764770507807,260.0480041503906,700.7265014648438,407.5354309082031,118.47305297851562,392.2099914550781,525.2337646484375,104.65455627441406
2025-02-05,230.9941864013672,236.1699981689453,190.3358154296875,262.4647216796875,701.403076171875,408.4446411132813,124.6438446044922,378.1700134277344,519.802734375,104.57842254638672
2025-02-06,231.73941040039065,238.8300018310547,190.60443115234372,268.744140625,708.4880981445312,410.9450073242188,128.48809814453125,374.3200073242188,510.3948059082031,103.19837951660156
2025-02-07,226.18487548828125,229.1499938964844,184.37696838378903,267.6764831542969,711.0056762695312,404.9461669921875,129.6463623046875,361.6199951171875,507.4964904785156,103.6361846923828
2025-02-10,226.45346069335935,233.13999938964844,185.5010986328125,263.0567321777344,713.8714599609375,407.3871765136719,133.3708038330078,350.7300109863281,513.6013793945312,105.61582946777344
2025-02-11,231.39735412597656,232.75999450683597,184.3570709228516,266.8903503417969,716.2596435546875,406.6163635253906,132.60194396972656,328.5,514.1310424804688,106.28205108642578
2025-02-12,235.625,228.92999267578125,182.6559600830078,267.3368835449219,721.812255859375,404.2444763183594,130.94442749023438,336.510009765625,507.8527526855469,103.0843734741211
2025-02-13,240.26052856445312,230.3699951171875,185.1728057861328,268.18121337890625,724.9766235351562,405.7269287109375,135.08822631835938,355.94000244140625,511.49261474609375,103.83338165283205
2025-02-14,243.3143768310547,228.67999267578125,184.2675323486328,268.4432373046875,733.0466918945312,403.6416015625,138.6429443359375,355.8399963378906,504.10687255859375,103.9390106201172
2025-02-18,243.18505859375,226.6499938964844,182.81512451171875,271.70428466796875,712.8465576171875,404.8374633789063,139.19210815429688,354.1099853515625,482.1712341308594,105.76350402832033
2025-02-19,243.5829620361328,226.6300048828125,184.3073272705078,271.02490234375,700.3086547851562,409.9073181152344,139.02236938476562,360.55999755859375,492.0990905761719,105.91715240478516
2025-02-20,244.5379180908203,222.8800048828125,183.60101318359372,258.9416198730469,691.4225463867188,412.0759887695313,139.90106201171875,354.3999938964844,483.798583984375,107.5496063232422
2025-02-21,244.25938415527344,216.5800018310547,178.7264862060547,256.45703125,680.18798828125,404.233154296875,134.22950744628906,337.79998779296875,449.13287353515625,106.29166412353516
2025-02-24,245.80123901367188,212.7100067138672,178.318603515625,253.6424102783203,664.8438110351562,400.0641174316406,130.08572387695312,330.5299987792969,444.4144592285156,106.84860229492188
2025-02-25,245.74156188964844,212.8000030517578,174.50851440429688,249.81846618652344,654.2661743164062,394.0235595703125,126.44115447998048,302.79998779296875,452.9460754394531,105.36980438232422
2025-02-26,239.09664916992188,214.3500061035156,171.8324737548828,251.1675262451172,670.386474609375,395.8357543945313,131.08421325683594,290.79998779296875,446.40771484375,105.11053466796876
2025-02-27,236.05274963378903,208.7400054931641,167.62445068359375,251.4198455810547,655.0023803710938,388.7058715820313,119.97083282470705,281.95001220703125,451.1935119628906,105.77311706542967
2025-02-28,240.5688934326172,212.27999877929688,169.39520263671875,256.8548889160156,664.9135131835938,393.1224365234375,124.73371124267578,292.9800109863281,457.3563232421875,106.9062271118164
2025-03-03,236.7789001464844,205.0200042724609,166.14218139648438,252.9436187744141,651.8281860351562,384.7052307128906,113.88990020751952,284.6499938964844,449.739501953125,103.47808074951172
2025-03-04,234.68995666503903,203.8000030517578,170.03187561035156,242.87908935546875,636.8522338867188,384.8240661621094,115.81702423095705,272.0400085449219,457.0192565917969,103.2668228149414
2025-03-05,234.5009613037109,208.3600006103516,172.12098693847656,244.1213531494141,653.2411499023438,397.1131591796875,117.12506866455078,279.1000061035156,458.3385314941406,101.2502670288086
2025-03-06,234.09312438964844,200.6999969482422,171.45448303222656,239.27833557128903,624.841552734375,393.0234375,110.40510559082033,263.45001220703125,469.6434020996094,103.3436508178711
2025-03-07,237.8134613037109,199.25,172.95660400390625,235.14382934570312,622.582763671875,389.478271484375,112.52195739746094,262.6700134277344,475.1899108886719,104.6880111694336
2025-03-10,226.28436279296875,194.5399932861328,165.19815063476562,225.380126953125,595.048828125,376.4563903808594,106.82046508789062,222.1499938964844,464.3976135253906,107.35755157470705
2025-03-11,219.6792755126953,196.58999633789065,163.3755645751953,222.390869140625,602.7308349609375,376.7435607910156,108.59780883789062,230.5800018310547,470.0258483886719,104.82245635986328
2025-03-12,215.8395538330078,198.88999938964844,166.4331512451172,221.1873779296875,616.5127563476562,379.5361022949219,115.57803344726562,248.08999633789065,465.25823974609375,104.79364013671876
2025-03-13,208.5779266357422,193.88999938964844,162.10076904296875,218.55718994140625,587.7349853515625,375.0798950195313,115.41825103759766,240.67999267578125,465.6547546386719,104.35192108154295
2025-03-14,212.36790466308597,197.9499969482422,164.8197021484375,225.59364318847656,605.1494750976562,384.7745666503906,121.49972534179688,249.97999572753903,472.5498352050781,107.45358276367188
2025-03-17,212.87521362304688,195.7400054931641,163.62457275390625,227.03976440429688,602.4603271484375,384.9132080078125,119.36271667480467,238.00999450683597,482.5781555175781,109.23966979980467
2025-03-18,211.5720977783203,192.82000732421875,160.01922607421875,228.0491485595703,580.01123046875,379.78363037109375,115.26846313476562,225.30999755859372,487.20068359375,109.12442779541016
2025-03-19,214.10870361328125,195.5399932861328,163.22618103027344,232.06719970703125,581.7044067382812,384.041748046875,117.35553741455078,235.8600006103516,486.6204223632813,110.82410430908205
2025-03-20,212.9747009277344,194.9499969482422,162.14059448242188,231.97010803222656,583.6365356445312,383.0713195800781,118.36412048339844,236.25999450683597,494.45355224609375,111.2946319580078
2025-03-21,217.1227569580078,196.2100067138672,163.32579040527344,234.51296997070312,593.8452758789062,387.4482421875,117.5352783203125,248.7100067138672,499.8207092285156,110.91053009033205
2025-03-24,219.56985473632807,203.25999450683597,167.00083923339844,240.75357055664065,616.3541259765625,389.25048828125,121.24009704589844,278.3900146484375,499.4822387695313,111.1986083984375
2025-03-25,222.573974609375,205.7100067138672,169.8691864013672,243.7331695556641,623.7840576171875,391.3102722167969,120.52110290527344,288.1400146484375,496.513427734375,111.95721435546876
2025-03-26,220.36561584472656,201.1300048828125,164.39144897460938,243.63609313964844,608.5158081054688,386.17083740234375,113.60079956054688,272.0599975585937,501.1262512207031,113.57044982910156
2025-03-27,222.6734313964844,201.3600006103516,161.5828857421875,240.81179809570312,600.1497192382812,386.7748718261719,111.27406311035156,273.1300048828125,498.7279357910156,113.20555114746094
2025-03-28,216.75473022460935,192.72000122070312,153.7049102783203,235.697021484375,574.4139404296875,375.109619140625,109.51652526855467,263.54998779296875,499.0373840332031,113.05192565917967
2025-03-31,220.9624786376953,190.25999450683597,154.01365661621094,238.07485961914065,574.035400390625,371.7328796386719,108.22832489013672,259.1600036621094,506.4933471679688,114.20423126220705
2025-04-01,222.0169219970703,192.1699981689453,156.43380737304688,236.4832000732422,583.6365356445312,378.4666137695313,109.99585723876952,268.4599914550781,505.8840942382813,114.3098602294922
2025-04-02,222.71324157714844,196.00999450683597,156.4039306640625,238.5795745849609,581.574951171875,378.4171447753906,110.26546478271484,282.760009765625,505.9614868164063,113.9545669555664
2025-04-03,202.12203979492188,178.41000366210938,150.10951232910156,221.95411682128903,529.4758911132812,369.47503662109375,101.65753936767578,267.2799987792969,522.6334838867188,107.96250915527344
2025-04-04,187.38987731933597,171.0,145.01026916503906,205.34344482421875,502.6943664550781,356.3343505859375,94.17801666259766,239.42999267578125,507.7505187988281,100.1939697265625
2025-04-07,180.5062561035156,175.25999450683594,146.15560913085938,209.40577697753903,514.1679077148438,354.3736877441406,97.50334167480467,233.2899932861328,507.4120178222656,98.849609375
2025-04-08,171.51376342773438,170.66000366210938,144.11390686035156,211.7787170410156,508.3912658691406,351.10577392578125,96.1652374267578,221.8600006103516,534.8569946289062,96.76583099365234
2025-04-09,197.80484008789065,191.1000061035156,158.06719970703125,228.83859252929688,583.407470703125,386.6857604980469,114.17000579833984,272.20001220703125,559.439453125,101.59596252441406
2025-04-10,189.41915893554688,181.22000122070312,152.20101928710938,221.77833557128903,544.0867309570312,377.6347961425781,107.4194564819336,252.3999938964844,574.8156127929688,95.95921325683594
2025-04-11,197.1085205078125,184.8699951171875,156.50352478027344,230.6549224853516,541.377685546875,384.6656494140625,110.77476501464844,252.30999755859372,579.718505859375,99.04166412353516
2025-04-14,201.4555511474609,182.1199951171875,158.4257049560547,229.2096710205078,529.3364868164062,384.0318603515625,110.55506896972656,252.3500061035156,567.7174072265625,99.2817153930664
2025-04-15,201.0775451660156,179.58999633789062,155.6768798828125,227.65701293945312,519.4166259765625,381.97216796875,112.04297637939452,254.1100006103516,564.3617553710938,99.00325012207033
2025-04-16,193.24891662597656,174.3300018310547,152.70896911621094,224.2196502685547,500.2840881347656,367.9896545410156,104.3437728881836,241.5500030517578,565.7639770507812,100.04993438720705
2025-04-17,195.94467163085935,172.61000061035156,150.5477752685547,226.5144805908203,499.4574890136719,364.1969909667969,101.34796142578124,241.3699951171875,439.14788818359375,102.67145538330078
2025-04-21,192.14474487304688,167.32000732421875,147.07188415527344,223.61419677734372,482.705322265625,355.6213684082031,96.7743911743164,227.5,411.3161315917969,101.1638412475586
2025-04-22,198.69017028808597,173.17999267578125,150.8564910888672,230.0592498779297,498.2622680664063,363.246337890625,98.75159454345705,237.97000122070312,413.1051635742188,103.99662017822266
2025-04-23,203.52464294433597,180.6000061035156,154.7207794189453,235.22506713867188,518.1716918945312,370.7426452636719,102.5662612915039,250.7400054931641,413.85943603515625,103.10357666015624
2025-04-24,207.2748107910156,186.5399932861328,158.63485717773438,238.89678955078125,530.999755859375,383.52679443359375,106.2810516357422,259.510009765625,410.271728515625,104.31350708007812
2025-04-25,208.18002319335935,188.9900054931641,161.30401611328125,237.83238220214844,545.0628662109375,388.0325317382813,110.85465240478516,284.95001220703125,404.8465881347656,104.2559051513672
2025-04-28,209.03550720214844,187.6999969482422,159.95945739746094,237.5101318359375,547.5227661132812,387.3492126464844,108.57784271240234,285.8800048828125,406.1617431640625,104.31350708007812
2025-04-29,210.09988403320312,187.38999938964844,159.5113067626953,238.87725830078125,552.203857421875,390.2012023925781,108.867431640625,292.0299987792969,395.7466125488281,104.05425262451172
2025-04-30,211.3831024169922,184.4199981689453,158.1568145751953,238.87725830078125,546.7858276367188,391.4092712402344,108.76756286621094,282.1600036621094,397.8838195800781,101.4327163696289
2025-05-01,212.1988067626953,190.1999969482422,160.6466827392578,241.09397888183597,569.9022216796875,421.255615234375,111.45380401611328,280.5199890136719,387.4783020019531,101.57675170898438
2025-05-02,204.27069091796875,189.97999572753903,163.36561584472656,246.58203125,594.6121826171875,431.0393981933594,114.33976745605467,287.2099914550781,386.7433471679688,101.98967742919922
2025-05-05,197.8446502685547,186.3500061035156,163.5448760986328,246.6308441162109,596.85302734375,431.9207458496094,113.66072082519533,280.260009765625,391.4722290039063,99.16648864746094
2025-05-06,197.46661376953125,185.00999450683597,162.56884765625,243.3985595703125,584.9412841796875,429.0885925292969,113.38111114501952,275.3500061035156,381.5115966796875,100.54926300048828
2025-05-07,195.218505859375,188.7100067138672,150.766845703125,243.53526306152344,594.4030151367188,429.1282348632813,116.89617919921876,276.2200012207031,378.1752624511719,100.4532470703125
2025-05-08,196.45199584960935,192.0800018310547,153.6551055908203,247.51950073242188,595.5980834960938,433.9012451171875,117.20574951171876,284.82000732421875,372.8468017578125,101.85523223876952
2025-05-09,197.48654174804688,193.05999755859372,152.13131713867188,247.13864135742188,590.1004028320312,434.4557800292969,116.48676300048828,298.260009765625,368.0986022949219,103.04595947265624
2025-05-12,209.95704650878903,208.63999938964844,157.81817626953125,253.9449920654297,636.85107421875,444.8831787109375,122.82786560058594,318.3800048828125,366.2708435058594,104.82245635986328
2025-05-13,212.08859252929688,211.3699951171875,158.8838653564453,256.8355712890625,653.3841552734375,444.764404296875,129.74815368652344,334.07000732421875,301.1205444335937,105.11053466796876
2025-05-14,211.490966796875,210.25,164.7001953125,259.4038391113281,656.70068359375,448.5273742675781,135.15060424804688,347.67999267578125,297.86163330078125,104.16948699951172
2025-05-15,210.6144561767578,205.1699981689453,163.29591369628906,261.2103271484375,641.283203125,449.5392761230469,134.64132690429688,342.82000732421875,265.3106689453125,105.2258071899414
2025-05-16,210.4252014160156,205.58999633789065,165.51686096191406,261.2787475585937,637.7574462890625,450.6702575683594,135.2105255126953,349.9800109863281,282.2920837402344,104.84784698486328
2025-05-19,207.9550018310547,206.16000366210935,165.86544799804688,258.6616516113281,637.8471069335938,455.2337951660156,135.38027954101562,342.0899963378906,305.48199462890625,103.18097686767578
2025-05-20,206.04258728027344,204.07000732421875,163.31581115722656,259.4428405761719,634.5304565429688,454.5393371582031,134.19192504882812,343.82000732421875,310.9844970703125,101.70793151855467
2025-05-21,201.2914276123047,201.1199951171875,167.8772735595703,254.9117584228516,632.9369506835938,448.9837036132813,131.61557006835938,334.6199951171875,292.9973449707031,100.45779418945312
2025-05-22,200.56431579589844,203.1000061035156,170.1779022216797,254.55047607421875,634.0025634765625,451.2555541992188,132.64410400390625,341.0400085449219,286.895263671875,99.7891082763672
2025-05-23,194.49838256835935,200.9900054931641,167.78762817382812,254.5895233154297,624.5309448242188,446.6126708984375,131.10626220703125,339.3399963378906,285.8315124511719,99.84724426269533
2025-05-27,199.4188690185547,206.0200042724609,172.19969177246094,259.06201171875,639.7294311523438,457.0393371582031,135.3103485107422,362.8900146484375,285.2802734375,100.32210540771484
2025-05-28,199.62803649902344,204.72000122070312,171.66188049316406,257.3042297363281,640.984375,453.73577880859375,134.621337890625,356.8999938964844,288.28778076171875,98.95567321777344
2025-05-29,199.15988159179688,205.6999969482422,171.1638946533203,258.1636047363281,642.4484252929688,455.0452880859375,138.99520874023438,358.42999267578125,288.3458557128906,99.51775360107422
2025-05-30,200.05633544921875,205.00999450683597,171.04440307617188,257.80230712890625,644.8786010742188,456.71197509765625,134.94091796875,346.4599914550781,291.9626159667969,99.13980865478516
2025-06-02,200.90298461914065,206.6499938964844,168.34535217285156,258.4468078613281,668.1941528320312,458.3092346191406,137.187744140625,342.69000244140625,294.67999267578125,99.86663818359376
2025-06-03,202.46676635742188,205.7100067138672,165.50689697265625,260.0189819335937,664.1605224609375,459.3013000488281,141.02235412597656,344.2699890136719,291.2953491210937,100.5934600830078
2025-06-04,202.0185546875,207.22999572753903,167.3693389892578,258.01708984375,685.1753540039062,460.1941528320313,141.72140502929688,332.04998779296875,290.4830322265625,99.13980865478516
2025-06-05,199.8372039794922,207.91000366210935,167.5286865234375,255.8004302978516,681.85888671875,463.9739685058594,139.79409790039062,284.70001220703125,286.0926208496094,98.684326171875
2025-06-06,203.11419677734372,213.57000732421875,172.9765167236328,259.49169921875,694.89599609375,466.6525573730469,141.52166748046875,295.1400146484375,293.2294616699219,101.04893493652344
2025-06-09,200.65396118164065,216.97999572753903,175.58908081054688,260.4779663085937,691.2608032226562,469.0038146972656,142.43040466308594,308.5799865722656,293.200439453125,101.7273178100586
2025-06-10,201.8691253662109,217.6100006103516,178.0919647216797,262.2943420410156,699.567138671875,467.1883239746094,143.75852966308594,326.0899963378906,293.7806396484375,103.90782165527344
2025-06-11,197.9945068359375,213.1999969482422,176.84548950195312,261.8548889160156,691.3404541015625,468.8748474121094,142.6400146484375,326.42999267578125,300.32763671875,105.93325805664062
2025-06-12,198.4128570556641,213.2400054931641,175.2001953125,261.9427490234375,690.5635375976562,475.0753173828125,144.80714416503906,319.1099853515625,308.0060119628906,106.34027862548828
2025-06-13,195.67372131347656,212.1000061035156,174.17312622070312,258.7300109863281,680.1159057617188,471.1962890625,141.78115844726562,325.3099975585937,303.1997375488281,108.65645599365234
2025-06-16,197.63592529296875,216.1000061035156,176.26715087890625,264.0129699707031,699.8262939453125,475.3431701660156,144.49754333496094,329.1300048828125,299.6352233886719,109.00533294677734
2025-06-17,194.86692810058597,214.82000732421875,175.44947814941406,263.19268798828125,694.9522705078125,474.25189208984375,143.9282989501953,316.3500061035156,300.81365966796875,110.4783706665039
2025-06-18,195.8032073974609,212.5200042724609,172.8269805908203,267.5284423828125,693.4970703125,476.4344482421875,145.28648376464844,322.04998779296875,299.1872253417969,109.69339752197266
2025-06-20,200.20574951171875,209.69000244140625,166.16598510742188,268.5440673828125,680.120849609375,473.616943359375,143.65866088867188,322.1600036621094,294.1325988769531,111.15673828125
2025-06-23,200.70376586914065,208.47000122070312,164.7200927734375,271.7372741699219,696.248046875,482.1488037109375,143.97824096679688,348.67999267578125,292.8372802734375,108.28817749023438
2025-06-24,199.5084991455078,212.7700042724609,166.2956085205078,274.6571044921875,709.8734130859375,486.2261962890625,147.70326232910156,340.4700012207031,297.6484069824219,104.9932098388672
2025-06-25,200.76351928710935,211.9900054931641,170.19447326660156,277.391357421875,706.3648071289062,488.3691101074219,154.10476684570312,327.54998779296875,294.1423034667969,105.02228546142578
2025-06-26,200.20574951171875,217.1199951171875,173.04632568359375,281.9712219238281,723.7179565429688,493.508056640625,154.8137969970703,325.7799987792969,294.7266540527344,106.59224700927734
2025-06-27,200.28543090820312,223.3000030517578,178.0221405029297,280.3697509765625,731.2333984375,492.0100402832031,157.5401611328125,323.6300048828125,301.04736328125,106.00109100341795
2025-06-30,204.3592529296875,219.38999938964844,175.7286834716797,283.10400390625,735.6788330078125,493.4684143066406,157.7798614501953,317.6600036621094,303.8327941894531,104.46989440917967
2025-07-01,206.998779296875,220.4600067138672,175.33978271484375,283.59228515625,716.8704223632812,488.1508483886719,153.09609985351562,300.7099914550781,317.6332092285156,105.86540222167967
2025-07-02,211.60052490234372,219.9199981689453,178.13182067871094,285.1449584960937,711.2389526367188,487.198486328125,157.04083251953125,315.6499938964844,299.537841796875,107.6195068359375
2025-07-03,212.70616149902344,223.41000366210935,179.019287109375,290.443603515625,716.6611938476562,494.8870544433594,159.1280517578125,315.3500061035156,300.50201416015625,108.73397064208984
2025-07-07,209.1203765869141,223.47000122070312,176.28707885742188,286.4892272949219,716.0032348632812,493.7759399414063,158.02952575683594,293.94000244140625,295.7882385253906,107.67764282226562
2025-07-08,209.18014526367188,219.3600006103516,173.86399841308594,277.47174072265625,718.315673828125,492.68463134765625,159.78717041015625,297.8099975585937,299.6741943359375,110.6624984741211
2025-07-09,210.3056640625,222.5399932861328,176.11758422851562,277.8446350097656,730.38623046875,499.5200805664063,162.66334533691406,295.8800048828125,295.00909423828125,110.28455352783205
2025-07-10,211.57064819335935,222.25999450683597,177.11473083496094,282.7802124023437,724.8642578125,497.5061340332031,163.88174438476562,309.8699951171875,291.69781494140625,111.37964630126952
2025-07-11,210.3255920410156,225.0200042724609,179.67742919921875,281.47515869140625,715.1660766601562,499.33154296875,164.7006378173828,313.510009765625,296.1680908203125,111.86419677734376
2025-07-14,207.79562377929688,225.69000244140625,181.0435028076172,283.2806396484375,718.5648193359375,499.033935546875,163.85177612304688,316.8999938964844,292.7398376464844,110.40084075927734
2025-07-15,208.28370666503903,226.3500061035156,181.48228454589844,281.1709899902344,708.0692749023438,501.8117370605469,170.4729461669922,310.7799987792969,284.10125732421875,109.42204284667967
2025-07-16,209.3295440673828,223.19000244140625,182.4495086669922,280.4547119140625,700.6136474609375,501.6133117675781,171.14205932617188,321.6700134277344,284.8608703613281,108.76304626464844
2025-07-17,209.1901092529297,223.8800048828125,183.05776977539065,284.4580993652344,699.1185913085938,507.6451416015625,172.7698974609375,319.4100036621094,280.5561828613281,108.21066284179688
2025-07-18,210.34552001953125,226.1300048828125,184.5335693359375,285.8023986816406,701.9793090820312,506.0082092285156,172.18067932128906,329.6499938964844,275.2775573730469,104.44082641601562
2025-07-21,211.64036560058597,229.3000030517578,189.55923461914065,285.50799560546875,710.6408081054688,506.0181274414063,171.1520538330078,328.489990234375,274.7808837890625,104.7121810913086
2025-07-22,213.55279541015625,227.47000122070312,190.7957000732422,285.9593811035156,702.507568359375,501.2660827636719,166.80783081054688,332.1099853515625,277.69287109375,105.1870346069336
2025-07-23,213.30377197265625,228.2899932861328,189.6888732910156,291.1893005371094,711.2489013671875,501.8613586425781,170.55284118652344,332.5599975585937,284.88037109375,106.53409576416016
2025-07-24,212.91531372070312,232.22999572753903,191.62335205078125,290.9832458496094,712.4649047851562,506.8316345214844,173.5089111328125,305.29998779296875,271.313720703125,107.3675308227539
2025-07-25,213.03485107421875,231.44000244140625,192.6304626464844,293.0144348144531,710.3517456054688,509.6392822265625,173.2692413330078,316.0599975585937,273.7290344238281,106.98958587646484
2025-07-28,213.2041778564453,232.7899932861328,192.0321807861328,292.6807861328125,715.28564453125,508.4388122558594,176.51490783691406,325.5899963378906,274.7613830566406,107.99745178222656
2025-07-29,210.43516540527344,231.00999450683597,195.19314575195312,291.4640808105469,697.7131958007812,508.50823974609375,175.27651977539062,321.20001220703125,254.26043701171875,109.39295959472656
2025-07-30,208.2239227294922,230.19000244140625,195.970947265625,294.0054626464844,692.9389038085938,509.1729431152344,179.03155517578125,319.0400085449219,259.100830078125,108.44324493408205
2025-07-31,206.74978637695312,234.1100006103516,191.35411071777344,290.6790771484375,770.913330078125,529.2723388671875,177.63340759277344,308.2699890136719,243.05064392089844,108.19127655029295
2025-08-01,201.58030700683597,214.75,188.59201049804688,283.9380798339844,747.5598754882812,519.956787109375,173.4889373779297,302.6300048828125,231.56817626953125,106.25305938720705
2025-08-04,202.5464630126953,211.6499938964844,194.48516845703125,288.7362670898437,773.8338012695312,531.3955078125,179.76058959960938,309.260009765625,234.6944580078125,104.0531768798828
2025-08-05,202.11813354492188,213.75,194.11622619628903,285.9004821777344,760.9660034179688,523.5679321289062,178.02288818359375,308.7200012207031,244.45309448242188,103.92718505859376
2025-08-06,212.40733337402344,222.30999755859372,195.5321807861328,285.880859375,769.468017578125,520.7802734375,179.1813507080078,319.9100036621094,239.36924743652344,103.2197494506836
2025-08-07,219.16053771972656,223.1300048828125,195.96096801757807,281.5536499023437,759.3411865234375,516.7127685546875,180.5295562744141,322.2699890136719,238.28819274902344,102.6770477294922
2025-08-08,228.4437255859375,222.69000244140625,200.84703063964844,283.33953857421875,766.786865234375,517.9031982421875,182.4569854736328,329.6499938964844,244.3459625244141,103.50078582763672
2025-08-11,226.53909301757807,221.3000030517578,200.42822265625,284.1244812011719,763.3681030273438,517.6353759765625,181.81784057617188,339.0299987792969,245.787353515625,102.56076049804688
2025-08-12,229.00210571289065,221.47000122070312,202.76156616210935,287.3527526855469,787.419189453125,525.0462036132812,182.9163818359375,340.8399963378906,254.7473907470703,102.85147857666016
2025-08-13,232.6717529296875,224.55999755859372,201.3855133056641,285.0762634277344,777.5316772460938,516.454833984375,181.34844970703125,339.3800048828125,264.7203063964844,104.2760772705078
2025-08-14,232.1233062744141,230.97999572753903,202.3627166748047,288.6381530761719,779.574951171875,518.3397216796875,181.77789306640625,335.5799865722656,264.4086303710937,104.06287384033205
2025-08-15,230.9366607666016,231.02999877929688,203.3199615478516,285.0370483398437,782.6648559570312,516.0480346679688,180.2099609375,330.5599975585937,296.0804443359375,104.16068267822266
2025-08-18,230.23863220214844,231.4900054931641,202.92112731933597,286.0575256347656,764.8631591796875,513.0023193359375,181.76788330078125,335.1600036621094,300.4435729980469,104.38565063476562
2025-08-19,229.9095764160156,228.00999450683597,200.9966278076172,285.203857421875,749.0250244140625,505.7304382324219,175.4063720703125,329.3099975585937,296.3044128417969,105.0703353881836
2025-08-20,225.3723907470703,223.80999755859372,198.7530059814453,286.754150390625,745.2772827148438,501.7125549316406,175.1667022705078,323.8999938964844,292.0191650390625,106.15605926513672
2025-08-21,224.26551818847656,221.9499969482422,199.1817626953125,285.9986572265625,736.6854858398438,501.0666198730469,174.7472381591797,320.1099853515625,295.4376220703125,106.84075164794922
2025-08-22,227.1174468994141,228.83999633789065,205.5037384033203,290.6790771484375,752.32421875,504.037841796875,177.7532501220703,340.010009765625,299.4014587402344,108.84590911865234
2025-08-25,226.5191650390625,227.94000244140625,207.8969268798828,289.3642578125,750.839111328125,501.0865173339844,179.57083129882812,346.6000061035156,296.90826416015625,109.29584503173828
2025-08-26,228.6630859375,228.7100067138672,206.55075073242188,292.9653625488281,751.6364135742188,498.8804626464844,181.5282287597656,351.6700134277344,292.5937805175781,109.0513153076172
2025-08-27,229.8397674560547,229.1199951171875,206.8897705078125,293.6620178222656,744.9384765625,503.5509033203125,181.35845947265625,349.6000061035156,295.95379638671875,110.28376007080078
2025-08-28,231.90391540527344,231.6000061035156,211.0379638671875,295.4184265136719,748.65625,506.4326477050781,179.9303436279297,345.9800109863281,294.4052734375,110.87062072753906
2025-08-29,231.485107421875,229.0,212.3043365478516,295.7618713378906,736.2868041992188,503.501220703125,173.94830322265625,333.8699951171875,301.7875671386719,111.79006958007812
2025-09-02,229.07192993164065,225.33999633789065,210.748779296875,294.0741577148437,732.70849609375,501.9410705566406,170.55284118652344,329.3599853515625,300.7454833984375,112.18132019042967
2025-09-03,237.79725646972656,225.9900054931641,230.0038604736328,293.8877258300781,734.6422119140625,502.1696472167969,170.39305114746094,334.0899963378906,299.8494567871094,109.4621353149414
2025-09-04,239.1035614013672,235.67999267578125,231.63919067382807,298.1168212890625,746.204345703125,504.7731628417969,171.4316864013672,338.5299987792969,302.2842712402344,109.94141387939452
2025-09-05,239.0137939453125,232.3300018310547,234.33151245117188,288.8540344238281,749.9918823242188,491.884765625,166.7978515625,350.8399963378906,307.1636047363281,106.84075164794922
2025-09-08,237.2089080810547,235.83999633789065,233.5829620361328,287.41162109375,749.8423461914062,495.0646362304688,168.0861358642578,346.3999938964844,311.8968200683594,107.44718170166016
2025-09-09,233.6888732910156,238.2400054931641,239.1620635986328,292.2588806152344,763.1986083984375,495.2732849121094,170.53286743164062,346.9700012207031,338.8451232910156,108.2296905517578
2025-09-10,226.15020751953125,230.3300018310547,238.70294189453125,294.8983764648437,749.5234985351562,497.2210083007813,177.09413146972656,347.7900085449219,337.7348327636719,110.03922271728516
2025-09-11,229.3810577392578,229.9499969482422,239.90060424804688,299.8241577148437,748.447021484375,497.8569641113281,176.94432067871094,368.80999755859375,344.3866577148437,109.68709564208984
2025-09-12,233.40966796875,228.1499938964844,240.3297576904297,301.1488037109375,753.1216430664062,506.6910095214844,177.59349060058594,395.9400024414063,343.3153991699219,109.7066650390625
2025-09-15,236.03224182128903,231.42999267578125,251.11865234375,303.1014404296875,762.201904296875,512.1166381835938,177.52359008789062,410.0400085449219,340.9534606933594,109.89250183105467
2025-09-16,237.4781494140625,234.0500030517578,250.66954040527344,303.385986328125,776.4552001953125,505.83642578125,174.65725708007812,421.6199951171875,333.005126953125,112.17153930664062
2025-09-17,238.3157958984375,231.6199951171875,249.04270935058597,305.89794921875,773.1858520507812,506.8102416992188,170.0730743408203,425.8599853515625,334.7986755371094,112.76819610595705
2025-09-18,237.2089080810547,231.22999572753903,251.537841796875,307.3501892089844,777.7010498046875,505.2501220703125,176.01551818847656,416.8500061035156,328.14404296875,111.4379425048828
2025-09-19,244.80740356445312,231.47999572753903,254.22259521484372,308.8710632324219,775.8372192382812,514.6705322265625,176.4449462890625,426.0700073242188,329.97674560546875,110.35222625732422
2025-09-22,255.3575592041016,227.6300048828125,252.03684997558597,306.5749816894531,763.1751098632812,511.21240234375,183.37612915039065,434.2099914550781,334.49481201171875,109.5697250366211
2025-09-23,253.71221923828125,220.7100067138672,251.16856384277344,306.8693542480469,753.4404907226562,506.0252380371094,178.2027130126953,425.8500061035156,340.7574157714844,111.4574966430664
2025-09-24,251.59820556640625,220.2100067138672,246.65737915039065,307.53662109375,758.686767578125,506.9394226074219,176.74456787109375,442.7900085449219,344.7952880859375,112.0541534423828
2025-09-25,256.1453552246094,218.1499938964844,245.3100128173828,307.5660705566406,746.96728515625,503.8390808105469,177.46365356445312,423.3900146484375,338.6698913574219,113.0616226196289
2025-09-26,254.73931884765625,219.77999877929688,246.0585479736328,310.12701416015625,741.8206176757812,508.2411804199219,177.96302795410156,440.3999938964844,337.2193603515625,114.6559829711914
2025-09-29,253.71221923828125,222.1699981689453,243.5734100341797,309.7640075683594,741.4716186523438,511.3613586425781,181.6183624267578,443.2099914550781,338.2974548339844,111.72160339355467
2025-09-30,253.9116668701172,219.57000732421875,242.6252899169922,309.50885009765625,732.4749145507812,514.6903686523438,186.3423309326172,444.7200012207031,338.4150695800781,110.28376007080078
2025-10-01,254.72935485839844,220.6300048828125,244.4217529296875,304.8774719238281,715.4791870117188,516.4392700195312,187.0015106201172,459.4599914550781,341.3552551269531,109.54037475585938
2025-10-02,256.40460205078125,222.41000366210935,245.210205078125,301.7767944335937,725.1639404296875,512.4942626953125,188.6493988037109,436.0,346.6672058105469,108.8556900024414
2025-10-03,257.2920837402344,219.50999450683597,244.8708953857422,304.2102355957031,708.7167358398438,514.0940551757812,187.38101196289065,429.8299865722656,353.0180053710937,110.78260040283205
2025-10-06,255.96585083007807,220.8999938964844,249.94094848632807,304.85113525390625,713.8035278320312,525.2435302734375,185.30364990234372,453.25,351.6164855957031,111.70203399658205
2025-10-07,255.7564392089844,221.77999877929688,245.2800750732422,303.3819885253906,711.230224609375,520.6823120117188,184.80430603027344,433.0899963378906,356.40899658203125,111.76072692871094
2025-10-08,257.3320007324219,225.22000122070312,244.14230346679688,299.7732238769531,715.9779052734375,521.546875,188.86911010742188,438.6900024414063,362.544189453125,111.52597045898438
2025-10-09,253.3233184814453,227.7400054931641,241.05833435058597,301.2522277832031,731.6072387695312,519.1123657226562,192.32470703125,435.5400085449219,360.358642578125,110.44026184082033
2025-10-10,244.57806396484372,216.3699951171875,236.1080474853516,296.6772155761719,703.4703979492188,507.7443237304688,182.92669677734372,413.489990234375,347.4316101074219,108.30794525146484
2025-10-13,246.96131896972656,220.07000732421875,243.6732177734375,303.6580810546875,713.8433837890625,510.81488037109375,188.0801239013672,435.8999938964844,351.5086975097656,109.78490447998048
2025-10-14,247.07101440429688,216.38999938964844,244.97067260742188,297.8505249023437,706.8117065429688,510.3379211425781,179.80067443847656,429.239990234375,352.7533569335937,109.83381652832033
2025-10-15,248.63658142089844,215.57000732421875,250.53977966308597,301.4100036621094,715.6885986328125,510.1987915039063,179.60093688964844,435.1499938964844,353.9490051269531,109.16868591308594
2025-10-16,246.75192260742188,214.47000122070312,250.9689483642578,294.3600769042969,710.2228393554688,508.3902587890625,181.57839965820312,428.75,349.5583801269531,108.21990203857422
2025-10-17,251.5782470703125,213.0399932861328,252.8053436279297,293.3938293457031,715.0602416992188,510.347900390625,182.98660278320312,439.30999755859375,349.4897766113281,109.78490447998048
2025-10-20,261.50018310546875,216.47999572753903,256.04901123046875,298.1265869140625,730.2706909179688,513.5376586914062,182.4073486328125,447.4299926757813,357.2126770019531,110.23484802246094
2025-10-21,262.0287170410156,222.02999877929688,249.9709014892578,292.9303894042969,731.3678588867188,514.4021606445312,180.9292449951172,442.6000061035156,358.0848999023437,110.24462890625
2025-10-22,257.72088623046875,217.9499969482422,251.1985015869141,289.9920959472656,731.5074462890625,517.2639770507812,180.0503692626953,438.9700012207031,354.2822265625,112.2008819580078
2025-10-23,258.8476867675781,221.08999633789065,252.58580017089844,290.4161376953125,732.095947265625,517.283935546875,181.92796325683597,448.9800109863281,353.26300048828125,113.44309997558594
2025-10-24,262.0785522460937,224.2100067138672,259.4124450683594,296.2335205078125,736.444580078125,520.314697265625,186.0227203369141,433.7200012207031,355.2721252441406,112.8660125732422
2025-10-27,268.0516662597656,226.97000122070312,268.744140625,299.8915405273437,748.872314453125,528.1749877929688,191.2460784912109,452.4200134277344,358.6827392578125,113.40398406982422
2025-10-28,268.2411193847656,229.25,266.9476928710937,301.0845947265625,749.49072265625,538.6585693359375,200.77392578125,460.5499877929688,360.5056457519531,112.51387786865234
2025-10-29,268.93914794921875,230.3000030517578,274.0338439941406,301.2325134277344,749.7200927734375,538.1417846679688,206.7762756347656,461.510009765625,348.1764831542969,113.90281677246094
2025-10-30,270.63433837890625,222.8600006103516,280.93035888671875,305.1075134277344,664.7410888671875,522.451171875,202.63156127929688,440.1000061035156,337.8760681152344,112.18132019042967
2025-10-31,269.6072692871094,244.22000122070312,280.640869140625,306.7639465332031,646.6680908203125,514.5512084960938,202.2320709228516,456.55999755859375,334.7496337890625,111.8585433959961
2025-11-03,268.2909545898437,254.0,283.1659545898437,305.0187683105469,636.0557861328125,513.776123046875,206.6164703369141,468.3699951171875,327.13458251953125,111.27166748046876
2025-11-04,269.2781982421875,249.32000732421875,276.9980163574219,304.920166015625,625.6926879882812,511.0931701660156,198.43690490722656,444.260009765625,324.23358154296875,111.64334106445312
2025-11-05,269.3779296875,250.1999969482422,283.7547607421875,307.3161315917969,634.30029296875,503.96826171875,194.96136474609372,462.0700073242188,321.2052001953125,111.19341278076172
2025-11-06,269.0089416503906,243.0399932861328,284.1939392089844,309.03179931640625,617.3344116210938,493.9715576171875,187.84043884277344,445.9100036621094,315.1484069824219,111.99547576904295
2025-11-07,267.7126159667969,244.41000366210935,278.2854919433594,309.8106994628906,620.0972290039062,493.6933288574219,187.9103240966797,429.5199890136719,317.7455749511719,114.6559829711914
2025-11-10,268.93035888671875,248.3999938964844,289.5334777832031,312.45318603515625,630.1211547851562,502.8155517578125,198.7964630126953,445.2300109863281,315.1679992675781,115.63410186767578
2025-11-11,274.73956298828125,249.1000061035156,290.7411499023437,311.200927734375,625.4533081054688,505.4786682128906,192.91395568847656,439.6199951171875,320.9209899902344,117.15998840332033
2025-11-12,272.9628601074219,244.1999969482422,286.15008544921875,315.92388916015625,607.43017578125,507.9232177734375,193.5531463623047,430.6000061035156,332.2994689941406,115.53629302978516
2025-11-13,272.44384765625,237.5800018310547,278.0260009765625,305.1469421386719,608.3079223632812,500.1226196289063,186.6219787597656,401.989990234375,325.889892578125,116.19163513183594
2025-11-14,271.9048156738281,234.69000244140625,275.8702392578125,299.35906982421875,607.8790283203125,506.96923828125,189.92774963378903,404.3500061035156,315.4424133300781,117.70126342773438
2025-11-17,266.9639892578125,232.8699951171875,284.46337890625,296.1644592285156,600.4483642578125,504.296142578125,186.36231994628903,408.9200134277344,314.129150390625,116.11270141601562
2025-11-18,266.9440612792969,222.5500030517578,283.724853515625,295.2179260253906,596.1395263671875,490.6824035644531,181.1289825439453,401.25,307.3275146484375,117.44471740722656
2025-11-19,268.0619506835937,222.69000244140625,292.2381896972656,299.0238647460937,588.7886352539062,484.0543518066406,186.28240966796875,403.989990234375,302.9270324707031,115.78709411621094
2025-11-20,265.7562561035156,217.13999938964844,288.884765625,294.2023620605469,587.6217651367188,476.308837890625,180.40989685058597,395.2300109863281,305.3282165527344,115.46148681640624
2025-11-21,270.98651123046875,220.69000244140625,299.0748291015625,293.8473815917969,592.7084350585938,470.0268249511719,178.6521453857422,391.0899963378906,313.59014892578125,115.52069091796876
2025-11-24,275.4083251953125,226.27999877929688,317.9578552246094,293.8276672363281,611.4596557617188,471.89849853515625,182.3174743652344,417.7799987792969,312.6885070800781,114.42547607421876
2025-11-25,276.4563903808594,229.6699981689453,322.8083801269531,298.75762939453125,634.569580078125,474.8752136230469,177.59349060058594,419.3999938964844,319.7742919921875,112.98491668701172
2025-11-26,277.0352783203125,229.16000366210935,319.3252258300781,303.33270263671875,631.9663696289062,483.3475341796875,180.03038024902344,426.5799865722656,323.13592529296875,113.241455078125
2025-11-28,278.3328857421875,233.22000122070312,319.5547790527344,308.6965026855469,646.2691650390625,489.8286743164063,176.7745361328125,430.1700134277344,323.1947326660156,114.37613677978516
2025-12-01,282.57501220703125,233.8800048828125,314.2751159667969,304.59478759765625,639.2075805664062,484.5820007324219,179.69081115722656,430.1400146484375,316.7655029296875,115.0766830444336
2025-12-02,285.6592712402344,234.4199981689453,315.1932678222656,303.5693359375,645.4213256835938,487.82757568359375,181.22886657714844,429.239990234375,318.06903076171875,113.84333038330078
2025-12-03,283.623046875,232.3800048828125,319.0057983398437,307.75982666015625,637.9408569335938,475.6119689941406,179.36123657226562,446.739990234375,332.9365234375,116.2311019897461
2025-12-04,280.179443359375,229.1100006103516,316.999755859375,311.6742858886719,659.81396484375,478.7081909179688,183.1566162109375,454.5299987792969,326.8405456542969,115.57988739013672
2025-12-05,278.26300048828125,229.52999877929688,320.642578125,310.6291198730469,671.673095703125,481.0178833007813,182.1877899169922,455.0,324.31201171875,114.9878921508789
2025-12-08,277.3746643066406,226.88999938964844,313.31219482421875,310.79669189453125,665.0702514648438,488.8430480957031,185.323974609375,439.5799865722656,319.2998046875,114.43534088134766
2025-12-09,276.6659545898437,227.9199981689453,316.66778564453125,296.30255126953125,655.2557983398438,489.8385925292969,184.7446746826172,445.1700134277344,319.28009033203125,116.67510986328124
2025-12-10,278.26300048828125,231.77999877929688,319.7937316894531,305.76806640625,648.4434814453125,476.4382934570313,183.55612182617188,451.4500122070313,323.9864196777344,117.94792938232422
2025-12-11,277.514404296875,230.27999877929688,312.0238342285156,312.9363098144531,651.016845703125,481.3265075683594,180.70957946777344,446.8900146484375,332.2348022460937,117.94792938232422
2025-12-12,277.7639465332031,226.19000244140625,308.887939453125,314.06036376953125,642.558837890625,476.4084167480469,174.80679321289062,458.9599914550781,337.276611328125,117.23751831054688
2025-12-15,273.6016540527344,222.5399932861328,307.8193054199219,315.5393371582031,646.3570556640625,472.7148742675781,176.0752410888672,475.30999755859375,336.5464782714844,116.19164276123048
2025-12-16,274.1007385253906,222.55999755859372,306.1714782714844,311.1319580078125,655.9799194335938,474.2779235839844,177.50350952148438,489.8800048828125,329.7386169433594,113.15265655517578
2025-12-17,271.3358764648437,221.2700042724609,296.3342590332031,310.5699462890625,648.343505859375,474.0090942382813,170.7317657470703,467.260009765625,327.2029113769531,115.84630584716795
2025-12-18,271.68524169921875,226.75999450683597,302.0668029785156,308.6176452636719,663.266845703125,481.8342590332031,173.9278564453125,483.3699951171875,323.759521484375,114.9878921508789
2025-12-19,273.1625061035156,227.3500061035156,306.7607116699219,312.7686767578125,657.5969848632812,483.7656555175781,180.7695159912109,481.2000122070313,323.0491027832031,115.1358871459961
2025-12-22,270.4674987792969,228.42999267578125,309.3772888183594,318.5663757324219,660.3221435546875,482.7701110839844,183.4662322998047,488.7300109863281,320.8192749023437,116.57644653320312
2025-12-23,271.8549194335937,232.13999938964844,313.9413452148437,321.3666076660156,663.7559814453125,484.6915283203125,188.97950744628903,485.55999755859375,320.46405029296875,117.82952880859376
2025-12-24,273.3022155761719,232.3800048828125,313.68170166015625,324.5612487792969,666.361328125,485.8563232421875,188.38023376464844,485.3999938964844,323.2069396972656,117.63218688964844
2025-12-26,272.8929748535156,232.5200042724609,313.1024475097656,323.31890869140625,662.1089477539062,485.5476989746094,190.2978973388672,475.1900024414063,327.40020751953125,117.5236587524414
2025-12-29,273.2523498535156,232.07000732421875,313.1523742675781,319.2171325683594,657.5171508789062,484.9404296875,187.9907073974609,459.6400146484375,324.5487976074219,118.92474365234376
2025-12-30,272.5735778808594,232.52999877929688,313.4420166015625,318.89178466796875,664.7642211914062,485.3187255859375,187.31153869628903,454.4299926757813,327.725830078125,119.3786163330078
