Date,GJR-GARCH Conditional Volatility,Standardized Residual
2020-01-03,0.020781475585338494,-0.4752916760412379
2020-01-06,0.02017060746514419,0.4171274139523918
2020-01-07,0.01927125209347819,-0.09055432892710562
2020-01-08,0.01842481238125723,0.48321094578641766
2020-01-09,0.01763953629390421,0.47946641001017853
2020-01-10,0.016903981956556614,-0.13362319717214802
2020-01-13,0.01622113649122743,1.002551067340365
2020-01-14,0.015632401629258136,-0.48163716416991176
2020-01-15,0.015275188767230448,-0.2040517193359456
2020-01-16,0.014726403675827835,0.5840281987828386
2020-01-17,0.014191107321861523,0.2557248928338994
2020-01-21,0.013675824146917067,0.003296384339649909
2020-01-22,0.01319348854061204,0.145013668437495
2020-01-23,0.012747572896076344,0.1463303166608016
2020-01-24,0.012334798395777951,-0.9620627316373547
2020-01-27,0.012751151270041639,-1.9351890425021219
2020-01-28,0.015412616552241293,1.2066634329968404
2020-01-29,0.014905094540760545,0.41650787754523233
2020-01-30,0.014346800182900583,0.4793054409851227
2020-01-31,0.013830715498341495,-1.425124889409458
2020-02-03,0.015242607280468404,1.1433407384120151
2020-02-04,0.014735891880520246,1.6444416549281977
2020-02-05,0.014349735711405258,-0.03316884693526428
2020-02-06,0.013820338449803833,0.6594093933491592
2020-02-07,0.013353510921701664,-0.31710188290925484
2020-02-10,0.012991730177655557,1.2622920249514507
2020-02-11,0.012648459934020258,-0.13359798636498493
2020-02-12,0.012258301323037783,0.8804772899904948
2020-02-13,0.011922256548820427,-0.2131804843333419
2020-02-14,0.011610470789201847,0.7985286832915888
2020-02-18,0.011315823178618883,0.3903990011247852
2020-02-19,0.01102038524537615,1.6274896776791692
2020-02-20,0.01086561846854608,-1.1032939064180853
2020-02-21,0.011510579127118406,-2.2017301371204585
2020-02-24,0.01467283185455685,-3.555232764006536
2020-02-25,0.02409963948049327,-1.3689272740315468
2020-02-26,0.026057785376446322,0.22580690988120145
2020-02-27,0.024791790104667383,-2.5134850473118315
2020-02-28,0.033181500419481376,0.35383196884115187
2020-03-02,0.03151423653295851,1.7113701393674219
2020-03-03,0.030326724027924832,-1.23597120584196
2020-03-04,0.032041905797367945,1.276454118643767
2020-03-05,0.030649999607820787,-1.1988452129570397
2020-03-06,0.03219692945728506,-0.7673496043907475
2020-03-09,0.03193670008528037,-2.6700530714443502
2020-03-10,0.04403052654609255,1.3159188703507816
2020-03-11,0.0420668191273589,-1.0110609478188233
2020-03-12,0.04294066593976461,-2.4187496509043833
2020-03-13,0.05629283147441929,1.754009927168391
2020-03-16,0.05407216054249752,-2.7636872271749406
2020-03-17,0.07585156265253365,0.7702768275450617
2020-03-18,0.07199967983474385,-0.7728579438695383
2020-03-19,0.07127322864486378,0.37512873498363186
2020-03-20,0.06751788805126221,-0.5866200898974143
2020-03-23,0.06562137128543977,-0.15469681596089593
2020-03-24,0.062247531914368354,1.589221387210599
2020-03-25,0.05963049849665405,0.005043524553033526
2020-03-26,0.05646947878402231,0.8625479136832821
2020-03-27,0.05366700236997001,-0.774541141209753
2020-03-30,0.05316340851886077,0.670915041627038
2020-03-31,0.05046400250847276,-0.10443314986402356
2020-04-01,0.04784946925081179,-1.1011699983500398
2020-04-02,0.049444884361459746,0.39656073005936804
2020-04-03,0.04688031876734029,-0.4325687188675062
2020-04-06,0.04506808058767319,1.610646209281365
2020-04-07,0.043223616379296594,-0.08202773997805632
2020-04-08,0.04099261602873896,0.6487804038936068
2020-04-09,0.03894080477045675,0.19993319251754602
2020-04-13,0.03693541301141348,0.3993544430510383
2020-04-14,0.03506226478704988,1.0528017417744424
2020-04-15,0.033439734548647154,-0.2931628391327676
2020-04-16,0.03195097911194439,0.46504019315083783
2020-04-17,0.03036633402194672,0.34528186829687435
2020-04-20,0.028858581720728818,-0.6849667001739121
2020-04-21,0.0284035085386354,-1.4286038553003586
2020-04-22,0.030975168600370074,1.0587786703095579
2020-04-23,0.02956834659872474,-0.0010840156244982257
2020-04-24,0.02809093977248066,0.6005061824045785
2020-04-27,0.026743942897023743,0.3702065950979215
2020-04-28,0.02544767169555171,-0.7326653850416227
2020-04-29,0.025198183841416224,1.4712144665876894
2020-04-30,0.024215046038174447,0.2183244980195572
2020-05-01,0.023058042922672044,-1.5988666767467208
2020-05-04,0.025942339836918557,0.6905162448391929
2020-05-05,0.024731484971950376,0.3508293906912559
2020-05-06,0.023551839912974427,0.15272817228849042
2020-05-07,0.022432080477555894,0.41163859660464225
2020-05-08,0.02139442490851697,0.7897071925606699
2020-05-11,0.020461970605103547,0.3844127158817457
2020-05-12,0.01954229975405666,-1.0720450129704042
2020-05-13,0.020248047023448925,-0.8698837372372534
2020-05-14,0.020422472570755343,0.7454707534218574
2020-05-15,0.019541554123843695,0.4667550545426496
2020-05-18,0.018684988837898472,1.1863771418254272
2020-05-19,0.01797855090269805,-0.3175018046505495
2020-05-20,0.017335563614132233,1.159148883640653
2020-05-21,0.016703275850664986,-0.6586880997787316
2020-05-22,0.01653303371566311,0.28412009936424426
2020-05-26,0.015858566326018682,-0.0223407057787324
2020-05-27,0.015224215430708555,0.21194569805981972
2020-05-28,0.014635596530687633,-0.46230526528022564
2020-05-29,0.014310903910821578,0.6788360439599295
2020-06-01,0.013811608891964988,0.6419454929810853
2020-06-02,0.0133440393018351,0.25675489056962925
2020-06-03,0.012889658926373926,0.4914953955977951
2020-06-04,0.012478485546765141,-0.657180689873779
2020-06-05,0.01246876114975353,2.1108197971040177
2020-06-08,0.01231257196972919,0.6737510950848852
2020-06-09,0.011955593724314251,0.9320437425649936
2020-06-10,0.011646662962385836,1.2029396115312232
2020-06-11,0.011389494857883667,-5.140698058808645
2020-06-12,0.024562088863786694,0.30962900158494633
2020-06-15,0.023389553024515376,0.5767167692788688
2020-06-16,0.022311195316508117,0.5841839534733859
2020-06-17,0.02129756383130745,-0.012701309149718383
2020-06-18,0.020313123042604447,0.0018813908972710749
2020-06-19,0.019389544358633503,-0.18493144055090655
2020-06-22,0.018572606794621336,0.8251017393033836
2020-06-23,0.017814126221808585,0.5213697835391538
2020-06-24,0.01707063910158813,-1.4761951557647603
2020-06-25,0.018880870200953272,0.853117020898155
2020-06-26,0.018107469611171177,-2.101018171745916
2020-06-29,0.02242748645816666,0.5979436177511992
2020-06-30,0.021408529791412473,0.9828225444548379
2020-07-01,0.020507148192671996,0.42132725541122734
2020-07-02,0.019587352368985966,0.39310092948089553
2020-07-06,0.01872253369469644,1.6090858640676655
2020-07-07,0.01810948990543105,-0.5335799187592192
2020-07-08,0.01769946214624085,0.942060161012952
2020-07-09,0.017010603465993743,0.3088100387809684
2020-07-10,0.016305707511668554,0.7739412047976837
2020-07-13,0.015683012438410266,-1.1128683576066627
2020-07-14,0.016416483905551938,0.7626871872055082
2020-07-15,0.015785437363467412,-0.13203734955776156
2020-07-16,0.015175544858976854,-0.5972080043738165
2020-07-17,0.01497674615272953,-0.31803734022379115
2020-07-20,0.014512259361556043,1.8924651269998076
2020-07-21,0.01419344063457935,-0.6213853222879516
2020-07-22,0.014067009827608501,0.10863045516412304
2020-07-23,0.013557272848932413,-2.3959564304814513
2020-07-24,0.017862649808807543,-0.34601247966856385
2020-07-27,0.017250845101435854,0.9083894068911608
2020-07-28,0.016584891511823345,-0.8902848183065625
2020-07-29,0.01683466352626592,0.9511902783953725
2020-07-30,0.016200435970408756,-0.02742132036899054
2020-07-31,0.015543325898861418,1.3923707899591578
2020-08-03,0.015060004561378994,1.136038446150717
2020-08-04,0.014563754481214546,0.13907984356048309
2020-08-05,0.014019340266097281,0.4387693035453013
2020-08-06,0.013523955210698664,1.090759356509199
2020-08-07,0.013121925014282334,-0.7949580343157
2020-08-10,0.013267897597259692,-0.11686243573120701
2020-08-11,0.012828450099372345,-1.3885553811905798
2020-08-12,0.01408706841725126,2.084439764105163
2020-08-13,0.013837312617365302,0.2449513829326981
2020-08-14,0.013346909212754316,0.07472112020597149
2020-08-17,0.012888844774184198,0.9829043620723455
2020-08-18,0.012517861253679341,0.5364465098284048
2020-08-19,0.012136730534282443,-0.4965418855215849
2020-08-20,0.01198356814045494,1.0243942009168705
2020-08-21,0.011681829696335055,1.2642932439430674
2020-08-24,0.011429646140741007,0.6176699688842953
2020-08-25,0.011136358583406798,0.3219049934601907
2020-08-26,0.010852992017605166,1.3395557464140027
2020-08-27,0.010670780964905995,0.0028582980616519513
2020-08-28,0.010420865193223527,0.8323440535167712
2020-08-31,0.010222731442788215,0.8881108912226555
2020-09-01,0.010045090426551516,1.3326754893718975
2020-09-02,0.009924131251835243,0.8663710486874305
2020-09-03,0.009769818861547373,-6.0803173401323605
2020-09-04,0.024222723555469883,-0.4662853470186828
2020-09-08,0.02344471400917744,-2.5326309491042642
2020-09-09,0.03150818315027974,1.1211826164739196
2020-09-10,0.030091996220222433,-0.8210905321189743
2020-09-11,0.030043826519441364,-0.27000630787078694
2020-09-14,0.028700002587773717,0.7575199212281833
2020-09-15,0.02734520608957529,0.2721410609345488
2020-09-16,0.026006394969491958,-0.7429151682299365
2020-09-17,0.025773488124157026,-0.5974884250871249
2020-09-18,0.025187242043136878,-0.6178613627499424
2020-09-21,0.024665120170357633,0.15290468947948446
2020-09-22,0.023478641987249423,0.4318080301118184
2020-09-23,0.022380041346737264,-1.7250550619661251
2020-09-24,0.025765166102511047,0.32896883976348
2020-09-25,0.024522893847434845,1.0708524327515005
2020-09-28,0.023465178020711307,0.7145780809350586
2020-09-29,0.022400605956212828,-0.16211036407813478
2020-09-30,0.021391503598305307,0.5301387952263873
2020-10-01,0.020427267380548536,0.45588246649539554
2020-10-02,0.019515089378276528,-1.4290545168577613
2020-10-05,0.021366483026895162,1.1858724301017896
2020-10-06,0.02050840057882855,-0.9186746930425413
2020-10-07,0.020804890417346057,0.7657349404834269
2020-10-08,0.019903893887288134,0.26533676686949326
2020-10-09,0.019012062199750705,0.5698823451709396
2020-10-12,0.018197398419072353,1.806640247167624
2020-10-13,0.017664854911726213,-0.35438212017309223
2020-10-14,0.017071657204153927,-0.4413454507501931
2020-10-15,0.016597153458402035,-0.3017769840008653
2020-10-16,0.016022722353478486,-0.47824504724059125
2020-10-19,0.015642030842681585,-1.4782848324575766
2020-10-20,0.017337878692263244,0.3681782399088251
2020-10-21,0.01661462394896759,-0.10268165273014837
2020-10-22,0.01594172185937349,0.2001208816001122
2020-10-23,0.015303934986193129,0.3350344361807784
2020-10-26,0.014714310621778788,-1.3181536191205052
2020-10-27,0.015911731507217794,0.5568266585678399
2020-10-28,0.015294604290731303,-3.1500985336744347
2020-10-29,0.023268128767050325,0.9545173400449389
2020-10-30,0.02225564982052321,-1.2200180566949437
2020-11-02,0.023522209385011605,0.2371006994499659
2020-11-03,0.022407618881367074,0.9109718211949407
2020-11-04,0.02143599293515048,1.8729334187223676
2020-11-05,0.020768720486430893,1.219702436800037
2020-11-06,0.019951239863102543,-0.056350531217690784
2020-11-09,0.019054970635718628,-0.4226078137835975
2020-11-10,0.018458556732550785,-1.214337184786824
2020-11-11,0.019545622126188666,1.0014869881169346
2020-11-12,0.018755560287129366,-0.3336282289528617
2020-11-13,0.018082752038489736,0.13315643726798593
2020-11-16,0.017302183970769675,0.5822914762159432
2020-11-17,0.01659655192436157,-0.2201576281017933
2020-11-18,0.015970747284470586,-0.41738507510130984
2020-11-19,0.015530065393891677,0.22880460519813497
2020-11-20,0.014921019061547795,-0.9178251595268583
2020-11-23,0.015238872168470037,0.13150204800870752
2020-11-24,0.014647421278293254,1.1811518347676437
2020-11-25,0.014184123051461937,0.3170377392089329
2020-11-27,0.013671488087649593,0.269498829598705
2020-11-30,0.013193753782885271,-0.45302200648651975
2020-12-01,0.012941558888626659,1.2745369382233889
2020-12-02,0.012603382484840695,0.43337009678508864
2020-12-03,0.012210473552667078,-0.26188937523731975
2020-12-04,0.011897706734976223,0.20338529529334873
2020-12-07,0.011550890125662168,0.3853679805181616
2020-12-08,0.011236622653337832,0.06905342347862992
2020-12-09,0.01094042109622086,-2.0297973255923654
2020-12-10,0.013525262509385247,0.16277648770148495
2020-12-11,0.013055400436804747,-0.16300952224232604
2020-12-14,0.012643623231241496,0.1302778817268951
2020-12-15,0.012238416668597724,1.0741127954413572
2020-12-16,0.01192365578009599,0.30440634900474156
2020-12-17,0.011577445102753103,0.19817812810142357
2020-12-18,0.011255667740934804,-0.5219632637359338
2020-12-21,0.011176280279881868,0.3634886576175095
2020-12-22,0.010891052275360897,-0.0073458642575054195
2020-12-23,0.010622882765896086,-0.2884254401854017
2020-12-24,0.010440188011599336,0.24367597124989743
2020-12-28,0.010212341488420262,1.5462891674790669
2020-12-29,0.01010470480458226,-0.37727557563578923
2020-12-30,0.010005347942890144,-0.26441657562981213
2020-12-31,0.009862192219026962,-0.01357267164017041
2021-01-04,0.009681892385541718,-1.236969286247588
2021-01-05,0.010520809209424673,0.933714165510658
2021-01-06,0.010322523935713477,-1.5866361706580117
2021-01-07,0.011817398020650578,2.663778399368951
2021-01-08,0.01182912092341203,0.5914959261378657
2021-01-11,0.011503301942513297,-0.971276811613474
2021-01-12,0.011942049068503248,-0.1598994936946802
2021-01-13,0.01161169136871799,0.569641852540539
2021-01-14,0.01130139316808458,-1.0603304121461223
2021-01-15,0.011879481425207816,-1.0822860120753612
2021-01-19,0.012496268596377931,0.9815837722547727
2021-01-20,0.012152981689688046,2.067226890227791
2021-01-21,0.012005357452238408,1.0686636261304487
2021-01-22,0.011706783609721582,-0.07090589505264745
2021-01-25,0.011377074300705203,0.6429693538591358
2021-01-26,0.011089458461018276,-0.06773963390823724
2021-01-27,0.0108086348740211,-2.159040218429034
2021-01-28,0.01369590321953862,-0.021095284446214828
2021-01-29,0.013212557025683129,-1.7383779965939379
2021-02-01,0.015390472244612496,1.4490781275836757
2021-02-02,0.014926955162692363,0.9242813695200449
2021-02-03,0.014411087372215874,0.4378702393997448
2021-02-04,0.013888157786090947,0.5078847303008394
2021-02-05,0.013405984946414547,0.10006143324295386
2021-02-08,0.012943854884288867,0.8923849591483896
2021-02-09,0.012559577557478236,-0.3681477303444813
2021-02-10,0.01228239972808415,0.13648584639563668
2021-02-11,0.011904706287590888,0.21753940789481505
2021-02-12,0.011557649150935947,-0.05325849712181732
2021-02-16,0.01123785759706219,0.17535137174583457
2021-02-17,0.010942805666637856,-0.44717692440189066
2021-02-18,0.010826463946266402,-0.48757912625642835
2021-02-19,0.010746874280113863,-0.4650922043319874
2021-02-22,0.010656205452501002,-2.0754835924611617
2021-02-23,0.013299631139617907,-0.12555988397635154
2021-02-24,0.01285991837323065,0.7226463674843209
2021-02-25,0.012466456413034533,-3.1878105454721015
2021-02-26,0.01916108787574554,0.2311342156637066
2021-03-01,0.018314513110366158,1.4692774708731098
2021-03-02,0.017689001030151242,-1.0027604284365819
2021-03-03,0.018188287772035863,-1.2889070086985632
2021-03-04,0.019487847971679625,-0.5703099745733131
2021-03-05,0.019075476807180716,0.6711766374296119
2021-03-08,0.018267307931803874,-1.74933363485064
2021-03-09,0.02117678054148708,1.7913615384697283
2021-03-10,0.02049426262688267,-0.08757728191126454
2021-03-11,0.01957092134658099,1.0290537422709354
2021-03-12,0.018784131743020748,-0.3819850941534237
2021-03-15,0.018156926387281266,0.39285075082636056
2021-03-16,0.017382371268632447,0.17318540677741742
2021-03-17,0.016648246441940136,0.17368262037731078
2021-03-18,0.015962489125017076,-1.823398797254113
2021-03-19,0.018800635179586214,0.10857623931064071
2021-03-22,0.01797351620238182,0.6853251704785278
2021-03-23,0.017235341677945736,-0.21129319407085573
2021-03-24,0.016564799824679857,-0.9144786119793186
2021-03-25,0.016864615077288734,-0.19168866807048499
2021-03-26,0.01620757024391299,0.5553691431263696
2021-03-29,0.015570788281546209,0.06516631333105137
2021-03-30,0.014955720600307577,-0.3823790918212451
2021-03-31,0.01454119861550319,0.9672857548207606
2021-04-01,0.014055922958547138,1.2132417413230525
2021-04-05,0.013635422687114476,1.46754058287564
2021-04-06,0.013282233535915207,-0.37525041711292006
2021-04-07,0.01296359648260736,0.8225795193948018
2021-04-08,0.012571253800770144,0.6641720972104944
2021-04-09,0.012194433247564505,0.839602901001779
2021-04-12,0.011859399694033984,0.41430516349674545
2021-04-13,0.011522197429048144,1.1871363287807233
2021-04-14,0.011272238542282258,-1.4223765006244509
2021-04-15,0.012507530122337742,1.6102555665978393
2021-04-16,0.012250450638306105,-0.1513456514963812
2021-04-19,0.011894495127834739,-0.8301180209061736
2021-04-20,0.012123173129636327,-0.7613133574284743
2021-04-21,0.01225402743588339,0.5741501111911786
2021-04-22,0.011894879049757424,-1.5570793255684434
2021-04-23,0.013468380737981693,1.2104463326878265
2021-04-26,0.013086022173528025,0.3990797299513394
2021-04-27,0.012655830132292687,-0.3073456709583419
2021-04-28,0.012335045341410894,-0.10293153218706136
2021-04-29,0.01196178793658205,0.48711916484218765
2021-04-30,0.011620046309229685,-0.8605029326688849
2021-05-03,0.011897264491369595,-0.3465724460843967
2021-05-04,0.01165109019822947,-1.5790004790931118
2021-05-05,0.013252079837337312,0.08774368474813213
2021-05-06,0.012801094366687842,0.7349701231205703
2021-05-07,0.012412882453265961,0.5543721620220327
2021-05-10,0.012040635793710596,-2.1192199418504982
2021-05-11,0.015089761320803636,-0.5060040591970446
2021-05-12,0.014786424653105224,-1.7383647199070458
2021-05-13,0.01717459700477629,0.4076173902889602
2021-05-14,0.016464250619503448,1.3813175290771904
2021-05-17,0.015924493835759196,-0.19854732906190106
2021-05-18,0.015330869032599823,-0.7659597178502371
2021-05-19,0.015373962273060043,-0.16710547671935627
2021-05-20,0.014803360984847615,1.0516901590334464
2021-05-21,0.014311698916737956,-0.1411290125884276
2021-05-24,0.013804572188813136,1.4463008710506349
2021-05-25,0.013437128418102118,-0.0984057941131487
2021-05-26,0.012981586703604643,0.16347059892801472
2021-05-27,0.01255165317968765,-0.44793059287508996
2021-05-28,0.01233342102362339,0.2940063145892836
2021-06-01,0.011955422689055594,0.04272786750851014
2021-06-02,0.011602088682333235,0.32945766064169585
2021-06-03,0.01128180583958282,-0.6803374445866478
2021-06-04,0.011351475788647552,1.4819975312810694
2021-06-07,0.011152041038120892,0.12628873010130293
2021-06-08,0.010863225549514618,0.03369767916123767
2021-06-09,0.01059736409688154,-0.12734295866870426
2021-06-10,0.010365922473669086,0.3177580066354405
2021-06-11,0.010146211624733852,0.3390715421796799
2021-06-14,0.009945889516413436,0.8543867097073702
2021-06-15,0.009788869481409286,-0.7060213213519638
2021-06-16,0.009957013518778568,-0.02746051202727882
2021-06-17,0.009768766076004968,1.106323152665613
2021-06-18,0.009647208200403212,-1.083717272203095
2021-06-21,0.010261779108959963,0.7133302910775179
2021-06-22,0.01006872744707087,1.096693766150931
2021-06-23,0.009921518291975837,0.31476061174242803
2021-06-24,0.009740028118894769,0.3162306224291898
2021-06-25,0.009574579362426068,-0.4135978711931507
2021-06-28,0.009535820143419837,1.4768268169186123
2021-06-29,0.009472259827054625,0.12662682761037256
2021-06-30,0.009327470249541885,0.014802340619503408
2021-07-01,0.009195321097063083,0.4515137006913181
2021-07-02,0.009083330876574362,1.4749183696924117
2021-07-06,0.009056883557106798,0.46593376817174675
2021-07-07,0.008958259269782005,0.04248605364517042
2021-07-08,0.00886076757455654,-1.1244268749054547
2021-07-09,0.009532655555776367,0.893487933242368
2021-07-12,0.009413898041532968,0.7351283732280337
2021-07-13,0.009295291614677953,-0.3127621733832952
2021-07-14,0.009230503169718842,-0.12954686013650105
2021-07-15,0.009118322357752852,-1.3093606559928008
2021-07-16,0.010053931694761814,-1.6588451509132132
2021-07-19,0.011668004607683165,-1.0846900987726593
2021-07-20,0.012287478554397413,0.8803910551827787
2021-07-21,0.011949290756345946,0.9269025544595799
2021-07-22,0.011640337520343628,0.4895478982687249
2021-07-23,0.01132358478986547,0.8162596142270965
2021-07-26,0.011052397207586839,0.19838135386050154
2021-07-27,0.010772798657362921,-1.0711990077550502
2021-07-28,0.011367412435140632,0.24288154435954065
2021-07-29,0.011063317976243754,0.21959168126315065
2021-07-30,0.01078324865409235,-1.1841366049230158
2021-08-02,0.011558864340375136,0.15480664696346194
2021-08-03,0.01123780037872407,0.6512340378631224
2021-08-04,0.010961653205261218,-0.012243417331911333
2021-08-05,0.010687747512695255,0.5761783581080833
2021-08-06,0.010451543110760604,-0.21787042393063272
2021-08-09,0.01025558720574864,-0.1620457841328436
2021-08-10,0.010060126829782173,-0.4008795241281187
2021-08-11,0.009977232891974368,-0.27357176303231157
2021-08-12,0.00983988239402204,0.8925192602369363
2021-08-13,0.009694635164391577,0.18294532989285645
2021-08-16,0.009530489917401885,-0.07145516448047881
2021-08-17,0.009383227580511676,-1.4040450470775407
2021-08-18,0.010479316510264975,-1.292501343343118
2021-08-19,0.011431759154397514,0.524600095654103
2021-08-20,0.011133107445741553,1.4159963264662327
2021-08-23,0.010940139600907187,1.6903829667477748
2021-08-24,0.010800642016355853,0.022407248669441472
2021-08-25,0.010539932705588848,0.2555109962538557
2021-08-26,0.01030393882908907,-0.5912189428208547
2021-08-27,0.010339751598511495,1.1027332302365296
2021-08-30,0.010171219272925277,0.9954014827174775
2021-08-31,0.010006549542312242,-0.48292849545916
2021-09-01,0.00997880769621777,0.05391848977503951
2021-09-02,0.00978823515250666,-0.03721167653207837
2021-09-03,0.009615329820968856,0.3151489613351993
2021-09-07,0.009460977922014393,0.3447790370014396
2021-09-08,0.009321332075632826,-0.7612846589616148
2021-09-09,0.009566068408401407,-0.5798432378264301
2021-09-10,0.009638495111295553,-1.2621898641282459
2021-09-13,0.010515608967104888,0.3227986925709774
2021-09-14,0.01028340463171904,-0.33184084756423216
2021-09-15,0.010147047487732994,0.8841040275633492
2021-09-16,0.009975368063431128,-0.25404419445947124
2021-09-17,0.009830864203528477,-1.3886966419610205
2021-09-20,0.010922868412540934,-2.4334215152403664
2021-09-21,0.014577184949451061,0.11748243026583773
2021-09-22,0.014031478799740392,0.9217917453401638
2021-09-23,0.013575010866100877,0.8687184687465036
2021-09-24,0.01314414689141262,0.0992111421785287
2021-09-27,0.012701232686201373,-0.39710671271831144
2021-09-28,0.012434978791981697,-2.2547824120074353
2021-09-29,0.015977044909285282,-0.12218489156512137
2021-09-30,0.015351506597934859,-0.4719513164025701
2021-10-01,0.014998490549385046,0.7591957665084152
2021-10-04,0.014459924217506841,-1.6409176497045548
2021-10-05,0.016514403650151496,0.9907404058853504
2021-10-06,0.01590566643195373,0.4091623793603542
2021-10-07,0.015279102813064344,0.594939834599909
2021-10-08,0.01470716985356044,-0.1192103285210482
2021-10-11,0.01416669689082559,-0.5310399624804689
2021-10-12,0.013936715764104822,-0.4253493863256212
2021-10-13,0.013617657094758588,0.11991325521553321
2021-10-14,0.013140380812442145,1.5584588062289897
2021-10-15,0.012834079574003888,0.7626549484957976
2021-10-18,0.012445765873780825,0.8266557950514669
2021-10-19,0.012091151702542238,0.463036520004687
2021-10-20,0.011738327089947199,-0.054480597314303776
2021-10-21,0.011404401947151619,0.5767299340790203
2021-10-22,0.011110706531267705,-0.6969922031241532
2021-10-25,0.01120605478701525,0.7166154867920936
2021-10-26,0.01093669515127238,1.2289609617100188
2021-10-27,0.010735076518239302,0.4893119295370457
2021-10-28,0.010490759371764809,1.2781682314233542
2021-10-29,0.010328778964093916,0.4831058286298935
2021-11-01,0.010118043586496862,-0.09941551685155993
2021-11-02,0.009922353077971175,0.45178155158616773
2021-11-03,0.00974521238051055,0.7970698450868507
2021-11-04,0.00960139248597917,2.159917341839763
2021-11-05,0.009632137242805127,0.1812914534613564
2021-11-08,0.009473568108997577,0.20806804199316362
2021-11-09,0.009329752075330511,-0.6521781682375245
2021-11-10,0.009475302665034517,-1.9346514399705264
2021-11-11,0.011582045461940273,0.3249699934041938
2021-11-12,0.011263196260116522,0.6478223341178748
2021-11-15,0.010984832904321628,-0.28706858080106007
2021-11-16,0.01077378783449293,0.31215283257851406
2021-11-17,0.010519765909223296,-0.16602484045561322
2021-11-18,0.010303310793769067,2.0936692114826636
2021-11-19,0.010274976147891947,0.615385828735035
2021-11-22,0.010075140663937245,-0.827269094889037
2021-11-23,0.010357290914092689,-0.03430704876328405
2021-11-24,0.010134733075903369,0.5122155077588448
2021-11-26,0.009941747037491611,-3.021916612221542
2021-11-29,0.014888302996724416,1.5879516359114783
2021-11-30,0.014481709481956628,-0.6972092019522904
2021-12-01,0.014445229142090364,-1.0344504137506618
2021-12-02,0.014990964529715635,0.339144942064508
2021-12-03,0.014422977565586715,-1.4278462086237922
2021-12-06,0.01588402304098874,0.501071042751218
2021-12-07,0.015264671582269036,2.133678085424495
2021-12-08,0.014968576904441365,0.19644174512763693
2021-12-09,0.014397176427349868,-0.9040184148821717
2021-12-10,0.01469472197061909,0.5195939436793052
2021-12-13,0.0141570743885602,-1.6985811656989405
2021-12-14,0.016343454714063378,-0.4759533987473398
2021-12-15,0.015944089210070782,1.5885504769888739
2021-12-16,0.015477060066791105,-1.932844404951204
2021-12-17,0.018614428017152195,-0.5829961096728641
2021-12-20,0.01825610419192837,-0.6839458787831773
2021-12-21,0.018077822834929657,1.278506975613136
2021-12-22,0.01742439770327555,0.7748659848734508
2021-12-23,0.016730716028452493,0.36894429928415606
2021-12-27,0.01604719207782883,1.1221625956302637
2021-12-28,0.015487005853755615,-0.3597713393754761
2021-12-29,0.015022911663386962,-0.24700662281372254
2021-12-30,0.014511893197009507,-0.4842429933616326
2021-12-31,0.014215491703564035,-0.5370435780163098
2022-01-03,0.013989559716805164,1.4245861999775804
2022-01-04,0.01360682172331843,-0.7573979763098582
2022-01-05,0.01368468571611382,-2.4524614084324035
2022-01-06,0.018225386532961334,-0.14762164607129674
2022-01-07,0.01746328762835778,-0.47304170281695324
2022-01-10,0.017005212282266095,0.1235812142338782
2022-01-11,0.016294748284968987,0.7410913574594005
2022-01-12,0.015669245017132006,0.3835126900987228
2022-01-13,0.01505717436652469,-1.9354703734251337
2022-01-14,0.018128224210007246,0.13488921370350404
2022-01-18,0.017344758039892525,-1.5040531054924444
2022-01-19,0.019269465467498522,-0.7704152508275557
2022-01-20,0.019232183336790297,-0.772487926056655
2022-01-21,0.019199965688836508,-1.408932303909767
2022-01-24,0.020956278782653253,0.030696021672324738
2022-01-25,0.01999277529647342,-1.0175573074690782
2022-01-26,0.0205526450589257,0.3868090111476412
2022-01-27,0.019627549608460648,-0.6097050128556138
2022-01-28,0.01927494167321022,1.705987432983008
2022-01-31,0.01865972531562124,1.650112680216857
2022-02-01,0.01806072525583177,0.3654745386935523
2022-02-02,0.01729068824274471,0.7423260942416039
2022-02-03,0.016601707929290978,-2.7817970322975167
2022-02-04,0.02350113641530716,0.8929324680846943
2022-02-07,0.022463867448699437,-0.30620163721281796
2022-02-08,0.021561999634140266,0.48747849905916235
2022-02-09,0.020583390497889122,0.9004595314027328
2022-02-10,0.019715697652501193,-1.1588968863162024
2022-02-11,0.020681608968952166,-1.5536550401297704
2022-02-14,0.02311262218570222,0.08369936015428911
2022-02-15,0.022017713615059487,1.176611690051252
2022-02-16,0.021121579686248566,0.012933561593513684
2022-02-17,0.020147773276848562,-1.7648049906907266
2022-02-18,0.023391920681518484,-0.6141741492929635
2022-02-22,0.02291949784612255,-0.5509933928046833
2022-02-23,0.022341594876568175,-1.2852140317334688
2022-02-24,0.02385270536678419,1.1684578230521756
2022-02-25,0.02285448621489439,0.684925109451643
2022-02-28,0.021821362590524463,0.08279201405050217
2022-03-01,0.020805094386395648,-0.8955020154949992
2022-03-02,0.021040725853309485,0.8284371762461988
2022-03-03,0.020134884117759357,-0.6804543552817254
2022-03-04,0.019895083137518012,-0.8171184007771066
2022-03-07,0.01994883176132386,-2.0490662272277653
2022-03-08,0.0244343050302405,-0.16140429404453083
2022-03-09,0.02330592932780849,1.567616009397238
2022-03-10,0.02244777253609057,-0.30261632300193264
2022-03-11,0.02154319547679977,-1.0703714351247036
2022-03-14,0.02228366224130025,-0.9668345811043029
2022-03-15,0.02271858227298982,1.3971877600046325
2022-03-16,0.021839963390883736,1.5874168380925089
2022-03-17,0.021061063756262263,0.5651711176073313
2022-03-18,0.02012034970325858,1.1754253443570362
2022-03-21,0.019329779506464046,0.1898352578841212
2022-03-22,0.018471081505527218,0.8670138894348459
2022-03-23,0.017724496544016283,-0.5953030074238369
2022-03-24,0.01741960681105795,1.5180742677385872
2022-03-25,0.016854558039220886,0.015262785349908523
2022-03-28,0.01615294223402096,0.6757101372520109
2022-03-29,0.015530133276244444,0.6374618862360676
2022-03-30,0.01494490718597927,-0.640009583535741
2022-03-31,0.014812043841509725,-1.3597559832295056
2022-04-01,0.01612124410924378,-0.12364422205763613
2022-04-04,0.015486562805420148,1.2854089443695018
2022-04-05,0.01498754662272335,-1.4989188404350473
2022-04-06,0.01668699715324147,-1.7351399243064347
2022-04-07,0.019323511417393687,-0.0198501341866846
2022-04-08,0.018462731086629193,-0.7787269107444998
2022-04-11,0.018458569290927557,-1.7529487754869508
2022-04-12,0.021409337597355863,-0.21341738471368688
2022-04-13,0.020489286297140624,0.7138377173355732
2022-04-14,0.019600247178035664,-1.3300979924638459
2022-04-18,0.021112990603587935,0.3632999640081925
2022-04-19,0.02015186913373589,0.8543833080254338
2022-04-20,0.01930247431488925,-0.7728327063727524
2022-04-21,0.019269588692043645,-1.2511845432713293
2022-04-22,0.020505300422903043,-1.4118805163040984
2022-04-25,0.022370936588923175,0.45115935502491283
2022-04-26,0.021340295921990483,-2.027904795204381
2022-04-27,0.026014506655587164,-0.11539914774965922
2022-04-28,0.024770764811441345,1.705099071295529
2022-04-29,0.023888677189344856,-2.1319505031079213
2022-05-02,0.029681017795755483,0.6272615533065151
2022-05-03,0.028248248980568266,0.1479010498818308
2022-05-04,0.02685039604539173,1.2441016309352078
2022-05-05,0.02571327005870884,-2.159012373256886
2022-05-06,0.03209947118957816,-0.16123042249379527
2022-05-09,0.03053752102633004,-1.6230060311556291
2022-05-10,0.034431815567824015,0.3386928560966527
2022-05-11,0.03269228199466313,-1.0817210686402372
2022-05-12,0.033740997498654446,-0.38658753555041675
2022-05-13,0.03239374804451096,1.1867418255260642
2022-05-16,0.030952971020240493,-0.3801511862903128
2022-05-17,0.029723741251642153,0.9455946182901317
2022-05-18,0.028353654565201416,-1.845514905971035
2022-05-19,0.033315727384189656,-0.19975198650598108
2022-05-20,0.03172055727561783,-0.2569666656008658
2022-05-23,0.03027305452009975,0.8308908845191852
2022-05-24,0.028846359713633564,-0.8918661003823052
2022-05-25,0.029053982382541442,0.540467758000975
2022-05-26,0.02764364951390879,0.976614144284722
2022-05-27,0.02639377837991769,1.2741025383556461
2022-05-31,0.0252891296957592,0.008543296049797785
2022-06-01,0.02406292683556786,-0.24831728311916249
2022-06-02,0.023018964776051268,1.1503109228966062
2022-06-03,0.022061849184620265,-1.4284787856042243
2022-06-06,0.024113962023645606,0.2357607482959788
2022-06-07,0.022963838799644875,0.3646084294258234
2022-06-08,0.021890587184066623,-0.32637337289619744
2022-06-09,0.021040139430048666,-1.4205174022684588
2022-06-10,0.022979780470366182,-1.9065555541815082
2022-06-13,0.027355530330576024,-1.8750450780693246
2022-06-14,0.03232885818664859,0.03939618947494712
2022-06-15,0.03069242810688242,0.8814303956301793
2022-06-16,0.029254389918801547,-1.3771254644541986
2022-06-17,0.031623941420278134,0.22774895334038214
2022-06-21,0.03003498432554728,1.0920851434890344
2022-06-22,0.02868723156788416,-0.20358491191129424
2022-06-23,0.027348607513210773,0.30998489439523613
2022-06-24,0.026012237469059472,1.339266516486639
2022-06-27,0.02494666685779472,-0.332178937200785
2022-06-28,0.023942715695046003,-1.3588361333167174
2022-06-29,0.025847038734869085,-0.024298698702502553
2022-06-30,0.024588827474423144,-0.8503457063884468
2022-07-01,0.02467884280842178,0.13852941440022218
2022-07-05,0.023491093306031753,0.7441805418374755
2022-07-06,0.02242944308892384,0.27298736670855883
2022-07-07,0.02138264221325746,1.1650740828398316
2022-07-08,0.020519124541330945,0.017327137328444812
2022-07-11,0.019582721543034323,-1.3384247614544686
2022-07-12,0.021122687611571548,-0.5275835608693061
2022-07-13,0.020576233630881003,-0.17056478295767333
2022-07-14,0.019680159717879706,-0.024577504807664647
2022-07-15,0.018797161810686736,1.1182212995920993
2022-07-18,0.01807146128465349,-0.3215862156356068
2022-07-19,0.017426588917109215,1.8523687961644646
2022-07-20,0.016945504460401176,0.94164449297538
2022-07-21,0.016303062615060763,0.7581708117485222
2022-07-22,0.015678831128549685,-1.5068241454171882
2022-07-25,0.017462018572252644,-0.336223615059711
2022-07-26,0.01686427752750896,-1.4506302223754781
2022-07-27,0.018576826845172933,2.6007281630735823
2022-07-28,0.018302431193786557,0.3870767070146879
2022-07-29,0.017518235435573508,1.4981307328648659
2022-08-01,0.016943204931174113,-0.28552628241404715
2022-08-02,0.016336421147504582,-0.3405428830203911
2022-08-03,0.01580712051791941,1.5056174085457008
2022-08-04,0.015330417558589438,0.0667002025694066
2022-08-05,0.014731821787285332,-0.39171149843713005
2022-08-08,0.014338114953917893,-0.9183857280492342
2022-08-09,0.01466206485028577,-0.5034716657505452
2022-08-10,0.014377662550108132,2.1182441411690425
2022-08-11,0.014121539245461352,-0.3839957810411226
2022-08-12,0.013757811689623901,1.660034913363888
2022-08-15,0.01343234377629968,0.36888220816685985
2022-08-16,0.012975595306239427,-0.15722496811818745
2022-08-17,0.012567842658662112,-0.7785076906488541
2022-08-18,0.012706881324042147,0.19560381476236563
2022-08-19,0.01229808156190954,-1.976451256206743
2022-08-22,0.014995221216536342,-1.8613129788400646
2022-08-23,0.017807710362274326,0.005671958739456017
2022-08-24,0.017043573000305515,0.05198534930596542
2022-08-25,0.016329648739026124,1.1875893761238228
2022-08-26,0.015762713075540013,-3.0425926284182303
2022-08-29,0.023483005540901183,-0.49014848136451467
2022-08-30,0.022776372932601704,-0.6206880784307895
2022-08-31,0.02233726769345181,-0.428894220272687
2022-09-01,0.021588823368619184,-0.41720555827142247
2022-09-02,0.020860545376504468,-0.6986487633707803
2022-09-06,0.020637295498720776,-0.39685673870231036
2022-09-07,0.01993079045102476,0.7928762311572041
2022-09-08,0.019085755057376686,0.23617667340618012
2022-09-09,0.01824414475806488,1.111440701390936
2022-09-12,0.01754966147555392,0.8470910132120987
2022-09-13,0.016857047050788575,-3.7425036269430385
2022-09-14,0.02861591195547386,0.17352259124897698
2022-09-15,0.027197673740249458,-0.5154370384791636
2022-09-16,0.026385913030540796,-0.20960742452324915
2022-09-19,0.02517998482028045,0.3937411646341961
2022-09-20,0.023977357933253653,-0.350370449984604
2022-09-21,0.02304521760556918,-0.802145088484359
2022-09-22,0.023018741990548205,-0.5132672362198593
2022-09-23,0.02237049071157592,-0.8487870062477354
2022-09-26,0.022473927126209495,-0.383589181188054
2022-09-27,0.02165893598747954,0.06498670627887107
2022-09-28,0.02065238754990502,0.8174529143820249
2022-09-29,0.019767833115553496,-1.6428728321342099
2022-09-30,0.02245508498185957,-0.79396859780685
2022-10-03,0.022416267749953048,1.049838694496598
2022-10-04,0.02147071672261531,1.5553047401676305
2022-10-05,0.02070104361542958,-0.05748657108437774
2022-10-06,0.019758317274061413,-0.3518399860133397
2022-10-07,0.019048173878307127,-2.392408393695131
2022-10-10,0.024949716910363975,-0.5155994580434633
2022-10-11,0.024227259648929134,-0.628742578406518
2022-10-12,0.023759084006510434,-0.0016691243523037302
2022-10-13,0.022624436023591474,1.2647626773748608
2022-10-14,0.02171613614775036,-1.5153683875306398
2022-10-17,0.024093952894367263,1.694792012498548
2022-10-18,0.02324008353845418,0.3469562759231301
2022-10-19,0.022148987183941475,-0.14800228481068403
2022-10-20,0.021147643315289285,-0.17573783975715587
2022-10-21,0.020220139975543144,1.2146760254468643
2022-10-24,0.01943216163876564,0.46153864730944616
2022-10-25,0.01858199276338761,1.1066739904606993
2022-10-26,0.01786679549632143,-1.9684385859557152
2022-10-27,0.021581141350815822,-1.2680800757599535
2022-10-28,0.022988503348109642,1.266489329589615
2022-10-31,0.02206110101833639,-0.7232049362310896
2022-11-01,0.021861377008447164,-0.629871348398766
2022-11-02,0.0214701254942686,-1.5877406624245711
2022-11-03,0.024126787949531846,-0.766270704345492
2022-11-04,0.02399022856861801,0.8000136591291435
2022-11-07,0.022908770432533983,0.4291626945919381
2022-11-08,0.021843957351659105,0.13586671123683486
2022-11-09,0.02082741173323072,-1.5018363500592584
2022-11-10,0.023065778312654505,3.4896573632438326
2022-11-11,0.023169095823386394,0.8294522706138323
2022-11-14,0.022139679039381233,-0.5399459244142818
2022-11-15,0.02157262863363387,0.42330702447128066
2022-11-16,0.020587872370470172,-0.6721594278121885
2022-11-17,0.02031879033720731,-0.2543047938877542
2022-11-18,0.0194910992053247,-0.16705851437429758
2022-11-21,0.018659024672757395,-0.8648154668565675
2022-11-22,0.0188351802307153,0.9509853325909725
2022-11-23,0.018078990074448468,0.7928012887073261
2022-11-25,0.01734668809169236,-0.4969276692832387
2022-11-28,0.016923205143571308,-1.16151691121469
2022-11-29,0.017808727277457054,-0.5072458583391084
2022-11-30,0.017376818833098627,2.914736667344187
2022-12-01,0.017271212293855646,-0.09327066570456
2022-12-02,0.016553099141043855,-0.3283512149642176
2022-12-05,0.016001412104442864,-1.2542985156966253
2022-12-06,0.01709665951829578,-1.4910355295637334
2022-12-07,0.018956755395569232,-0.33116544535825015
2022-12-08,0.018270521781495744,0.8760854958234753
2022-12-09,0.017537421104191982,-0.3694281600543343
2022-12-12,0.016965184659103492,0.771368256430422
2022-12-13,0.01630007269144358,0.7476259147616809
2022-12-14,0.015674912551059718,-0.6553764141737546
2022-12-15,0.015536058023560206,-2.2892630888195824
2022-12-16,0.020000121890656267,-0.6757843492261588
2022-12-19,0.019755199880251217,-0.8315534759554708
2022-12-20,0.019843768809699295,-0.14562986609777923
2022-12-21,0.018980462853006325,0.805648229128241
2022-12-22,0.018194541981043155,-1.8682804118431449
2022-12-23,0.021561782411807257,0.12580880371414685
2022-12-27,0.020562299729135414,-1.264679451625454
2022-12-28,0.021905658471102627,-0.5527527908945307
2022-12-29,0.021369934043858185,1.2798229258947917
2022-12-30,0.020533140211085182,0.016790992378987023
2023-01-03,0.019595862499980885,-0.785121983730826
2023-01-04,0.019583563550961122,0.013037369225667454
2023-01-05,0.018705798754034646,-1.0190073669200288
2023-01-06,0.019255069437689395,1.2464922421480271
2023-01-09,0.018528079537719996,0.6789690848411403
2023-01-10,0.017754619882063883,0.5253331083097612
2023-01-11,0.017015248858612605,1.2702499903382516
2023-01-12,0.016421958834963654,0.47238477730373457
2023-01-13,0.01576502381982883,0.6733307567991267
2023-01-17,0.015167429941031894,0.4226150266768207
2023-01-18,0.01459150107083258,-1.0466681572263945
2023-01-19,0.015163304357097751,-0.5301483357185294
2023-01-20,0.014883398395754024,2.113758796979504
2023-01-23,0.014600662716401636,1.6905556901880434
2023-01-24,0.014231953434362257,-0.0029372920521693615
2023-01-25,0.013709763568455902,-0.289830837450111
2023-01-26,0.013308380646491234,1.8468173235711627
2023-01-27,0.013047196394565357,1.259506038353111
2023-01-30,0.012699812860709432,-2.212474690041692
2023-01-31,0.016176953749332913,1.0547789716550395
2023-02-01,0.015598504038657477,1.3021280938402247
2023-02-02,0.015095568852981767,2.677233360817126
2023-02-03,0.014974483851094742,-0.9079578573927218
2023-02-06,0.015273378588995636,-0.42417268117208506
2023-02-07,0.014877460185755887,1.74058376460611
2023-02-08,0.01450384217037371,-1.1181138389060081
2023-02-09,0.01522537961425211,-0.694368137274363
2023-02-10,0.015159551168303474,-0.620057767004809
2023-02-13,0.014991346008847765,1.005101291983582
2023-02-14,0.014481340262692665,0.7033554606997544
2023-02-15,0.01397247803340338,0.27306681063880356
2023-02-16,0.013473286381570426,-1.6925021321694156
2023-02-17,0.015557491420076085,-0.6405878760633222
2023-02-21,0.01540182363679095,-1.6709766179428893
2023-02-22,0.017658485774781053,-0.01015923937771051
2023-02-23,0.016904188151682476,1.3456887019955353
2023-02-24,0.016331834350483597,-0.9935074676832575
2023-02-27,0.016801666076704126,0.4131080112029911
2023-02-28,0.01611599894408152,-0.1370688336465631
2023-03-01,0.0154857794050325,-0.7890029215426922
2023-03-02,0.015563670772788378,0.3490400309085662
2023-03-03,0.014957025850093007,1.6202575114061533
2023-03-06,0.014553066628865085,0.06643432739942047
2023-03-07,0.014008462019938358,-1.0688714827690189
2023-03-08,0.01461967177862276,0.26868178646806407
2023-03-09,0.014074681450261856,-1.650343776864317
2023-03-10,0.01611212559474068,-0.7013753565339607
2023-03-13,0.016028534104865294,0.3764218368957833
2023-03-14,0.015391969194865518,1.783510226864643
2023-03-15,0.014999683938964545,-0.007939467196494649
2023-03-16,0.01442369139515063,2.085301250894019
2023-03-17,0.014156755398980446,-0.49800054490722745
2023-03-20,0.013892942110152502,0.16085752734095082
2023-03-21,0.013396505678932571,1.5414028637237471
2023-03-22,0.013071134593218492,-0.9060816147336052
2023-03-23,0.01338863699099619,0.7192955905991703
2023-03-24,0.012957056789872507,-0.11800027427587903
2023-03-27,0.012540523442197667,-0.4624254384248445
2023-03-28,0.012334762919212167,-0.5222645261872251
2023-03-29,0.012192994620421395,1.2594982118930154
2023-03-30,0.011904024734082164,0.6492231144083207
2023-03-31,0.011576122025739958,1.401877508384659
2023-04-03,0.011349606080442722,0.2644995591283291
2023-04-04,0.011047469593519741,-0.4113933922839247
2023-04-05,0.010900044164516136,-0.9914072837641024
2023-04-06,0.011374917063078506,0.8730771281434848
2023-04-10,0.01110442112836385,-0.36709495311020496
2023-04-11,0.010925833555225563,-0.8687409058157888
2023-04-12,0.01123174171267919,-0.8570423032142552
2023-04-13,0.011514248074151747,1.7572861520023513
2023-04-14,0.011346901410660706,0.5238231831296937
2023-04-17,0.011054906968816018,-0.09148464795778491
2023-04-18,0.010779895615428501,0.30643822035461277
2023-04-19,0.010525206333905664,-0.00032334702347196464
2023-04-20,0.01028752171091669,-1.307245808348001
2023-04-21,0.011258628208986448,0.03488456471914714
2023-04-24,0.010960478043194596,-0.21581495839409162
2023-04-25,0.010723182966634265,-1.9214653978077405
2023-04-26,0.01300400780019767,0.8411488408191075
2023-04-27,0.012610510711915227,2.4143193518767117
2023-04-28,0.012519302301818372,0.2980363538939117
2023-05-01,0.012127354908611283,0.1409958533686722
2023-05-02,0.011761637170262717,-0.9557232706564193
2023-05-03,0.012173932636513167,-0.7075689425723956
2023-05-04,0.012236221542772478,-0.5737784396164429
2023-05-05,0.012148855631571675,2.112996948492305
2023-05-08,0.01201127156921109,0.3052585841105435
2023-05-09,0.011658308967131383,-0.6648685445945468
2023-05-10,0.011693983782145029,1.0171906432719457
2023-05-11,0.011412815587846892,0.2620653529616313
2023-05-12,0.011105567296184584,-0.6728390772037154
2023-05-15,0.011175586906449153,0.27721819085395694
2023-05-16,0.010887773018468397,0.322550789608996
2023-05-17,0.01062466993107689,1.5717827885724507
2023-05-18,0.010489985930913128,1.67659955031719
2023-05-19,0.010380200231429184,-0.36795012468001576
2023-05-22,0.010255000073823921,0.13751286058780737
2023-05-23,0.010041156579894928,-1.2661668100412626
2023-05-24,0.010935315419892526,-0.20638755480720994
2023-05-25,0.010696882093835014,3.702916350567866
2023-05-26,0.011052996646263285,1.7454537863810053
2023-05-30,0.010914524751392434,0.6738025432077633
2023-05-31,0.01066552937605832,-1.1997551185162219
2023-06-01,0.011464954215570705,1.6710939497804003
2023-06-02,0.011286524070852053,0.6225382202818326
2023-06-05,0.011004773852552677,-0.13869688780002948
2023-06-06,0.010742422081966612,-0.1751328175579821
2023-06-07,0.010510156745986847,-1.815426816740215
2023-06-08,0.012513195977294587,0.9981445980045217
2023-06-09,0.012170456040583639,0.24297881452820164
2023-06-12,0.011803466583589828,1.0705953194588744
2023-06-13,0.011519818060747115,0.7035098687160862
2023-06-14,0.011225079326347347,0.32743269597892466
2023-06-15,0.01093473110886815,0.9389084852210332
2023-06-16,0.010704032486859218,-0.6732202261668989
2023-06-20,0.01079394726717215,0.35437147741132263
2023-06-21,0.010539556452241442,-1.0967681604481805
2023-06-22,0.011172874457908592,0.9845485400433378
2023-06-23,0.010927845375385747,-0.8662309024302196
2023-06-26,0.01123045523268227,-1.7279260267378613
2023-06-27,0.013128105612453147,1.1192336229554265
2023-06-28,0.012756537196424859,-0.023285611181712063
2023-06-29,0.012342415506719944,0.011012217553112024
2023-06-30,0.011959152482804136,1.4877327880178761
2023-07-03,0.011718542742397484,0.060385306108063946
2023-07-05,0.011383844870063194,-0.02981977278484402
2023-07-06,0.011076289929251708,-0.6494047532179704
2023-07-07,0.011123781143624905,-0.21384814157290385
2023-07-10,0.010873038074813879,-0.9223407252068104
2023-07-11,0.011251275650990732,0.3959930695307585
2023-07-12,0.01096120958665304,1.194484855316638
2023-07-13,0.010753853470726079,1.6193490424257966
2023-07-14,0.010616707057546497,0.18924270701300774
2023-07-17,0.01037294265275197,0.912000893384531
2023-07-18,0.010184857080016447,0.8932351126338842
2023-07-19,0.01001074207195856,-0.07448771470519297
2023-07-20,0.009821218903010277,-2.340415801439361
2023-07-21,0.01292564350390396,-0.6956150080868193
2023-07-24,0.012943767939277819,0.47395706813750915
2023-07-25,0.012527677080814427,0.5017112066279407
2023-07-26,0.012143873298998987,-0.08454562085802789
2023-07-27,0.011782117263245432,-0.37348742770491394
2023-07-28,0.011560235096863897,1.5100832997924132
2023-07-31,0.011350309564074535,0.1266988274151674
2023-08-01,0.011045497134538014,-0.5531543413944443
2023-08-02,0.011004964591983572,-2.2621548289029483
2023-08-03,0.014210829475322866,0.07435002341964266
2023-08-04,0.013690470923255942,-0.2678420764160476
2023-08-07,0.013278235755192415,0.40160920256565574
2023-08-08,0.012834124015452014,-0.593743865710208
2023-08-09,0.012737303791809007,-1.4213991371850427
2023-08-10,0.014065174882696294,0.012178125701098103
2023-08-11,0.013554860204672427,-0.5033623161710641
2023-08-14,0.013328379789480467,1.2241093369949632
2023-08-15,0.012957241455436334,-1.0157264921143665
2023-08-16,0.013461810427651188,-0.8145095517111308
2023-08-17,0.013628009992768591,-0.7226658590149471
2023-08-18,0.013656325050870666,-0.20842606710093114
2023-08-21,0.013218425636120698,1.6340376453780483
2023-08-22,0.012920818819242806,-0.45399766391362967
2023-08-23,0.012685468013412755,1.2303438789987724
2023-08-24,0.0123585925465067,-1.402438256586696
2023-08-25,0.013619327660661344,0.22179317862393816
2023-08-28,0.013143977600468669,0.4975187339773412
2023-08-29,0.012714540555205022,1.7341744673966129
2023-08-30,0.012466644812868794,0.409293082658543
2023-08-31,0.01208289141137494,-0.05874438066595408
2023-09-01,0.011722585898630733,-0.2392324263498013
2023-09-05,0.011435688268674542,0.3073481692935812
2023-09-06,0.011127879844496527,-1.496276104299321
2023-09-07,0.012504846478369797,-0.7028535241038953
2023-09-08,0.012548336189200295,0.04742942912854273
2023-09-11,0.012149526276697383,0.8845856500804368
2023-09-12,0.011821845246051501,-0.8332769077015951
2023-09-13,0.01205677905094214,0.4273268347474114
2023-09-14,0.011704935879473315,0.7237374489993177
2023-09-15,0.01139739393550297,-1.5410521722147172
2023-09-18,0.012891294828787958,0.13512262824231583
2023-09-19,0.012467604136009723,-0.26517072774675865
2023-09-20,0.012138069475998605,-1.577422803977572
2023-09-21,0.013781535880044887,-1.246958086924679
2023-09-22,0.014766886730737871,-0.07984988736633843
2023-09-25,0.014213882229493706,0.5326985425730663
2023-09-26,0.01371040233912449,-1.2878107610207001
2023-09-27,0.014785569448123077,0.15274603660732158
2023-09-28,0.014225897729035968,0.5063622433264922
2023-09-29,0.013719897708963837,-0.07161748357957722
2023-10-02,0.013239485895854868,1.081878419497477
2023-10-03,0.01285565940579296,-1.4651059906885364
2023-10-04,0.014294063442079159,0.7888863460227853
2023-10-05,0.013805891237530317,0.10982083142487699
2023-10-06,0.013314882458361193,1.2060818358943843
2023-10-09,0.01294214304648465,0.2474056052591785
2023-10-10,0.01251706213854248,0.13872801500015583
2023-10-11,0.012121536691204327,0.720332696517135
2023-10-12,0.011782226276689775,-0.18315709741340055
2023-10-13,0.011470825608974082,-0.9609366389836032
2023-10-16,0.01189443915450224,0.6786233284103418
2023-10-17,0.011569255852638391,-0.820325396705118
2023-10-18,0.011794136782542701,-1.451250176215567
2023-10-19,0.013124141901154662,-0.5598018306502472
2023-10-20,0.012977010528722178,-1.3927810262484563
2023-10-23,0.014254465266915711,0.43362357517444944
2023-10-24,0.01374225817841749,0.4816682210880606
2023-10-25,0.013268885749787651,-1.839483973444621
2023-10-26,0.015740416452821183,-1.5837235119746167
2023-10-27,0.017762970085659427,0.316410569402147
2023-10-30,0.017009478537254298,0.7966206711517616
2023-10-31,0.016344479845433624,0.061809406887607284
2023-11-01,0.015677086872439207,1.2178221213966445
2023-11-02,0.015155039538958753,1.0982572241773616
2023-11-03,0.014647251105630248,0.5257018331319296
2023-11-06,0.014113274995917115,0.5632691470466045
2023-11-07,0.013618869240383791,0.5680995538811394
2023-11-08,0.01315962724182095,0.27212068725035443
2023-11-09,0.012719214143259492,-0.4889891704755621
2023-11-10,0.012525737123189851,1.6051009886683996
2023-11-13,0.012266605081982816,-0.131594593561071
2023-11-14,0.01190448893780265,1.331788633508614
2023-11-15,0.011645321347869402,-0.2218948626435685
2023-11-16,0.011357497357172293,0.5102546671514396
2023-11-17,0.011063983310979878,-0.13097505134573065
2023-11-20,0.010795220311245458,0.9016175471384592
2023-11-21,0.01057234199558429,-0.4639623414947435
2023-11-22,0.010492645054511736,0.06491034279336888
2023-11-24,0.010257900445848012,-0.5965269551801576
2023-11-27,0.010300967025004583,0.013249081127880096
2023-11-28,0.010082360861639777,0.29430081425172433
2023-11-29,0.00988633337893726,-0.6925906406084538
2023-11-30,0.01003667514595257,-0.5126684283849006
2023-12-01,0.0100277004002555,-0.14767345445184682
2023-12-04,0.009848343841518337,-1.3539820512986371
2023-12-05,0.01088188780049514,0.9608702873001445
2023-12-06,0.010657265681075714,-1.0406518800353348
2023-12-07,0.011206121084651357,1.281108435906246
2023-12-08,0.010990578874575501,0.6180228308609862
2023-12-11,0.010732109429050231,-1.105573009734959
2023-12-12,0.01137990614691496,0.6003158766407491
2023-12-13,0.01108948823393284,0.5785078346613317
2023-12-14,0.01082086304470576,-0.0731110191325741
2023-12-15,0.010562607788894028,0.5045210978263153
2023-12-18,0.01033322794550814,0.8325829994898882
2023-12-19,0.01014230773896638,0.3035508443106913
2023-12-20,0.00994133761910915,-1.348635773538192
2023-12-21,0.010969737252260869,0.8068994097200649
2023-12-22,0.010725531710471026,-0.1816266759259477
2023-12-26,0.01049641357291066,0.16166104699420333
2023-12-27,0.010262330960183183,0.055884367876892785
2023-12-28,0.010047168582231892,-0.1186328955466298
2023-12-29,0.009860597963795258,-0.4632103903795398
2024-01-02,0.009830190447202345,-1.45953774638187
2024-01-03,0.011046565172226915,-0.6191909097071403
2024-01-04,0.011065963661330952,-0.6156422978405214
2024-01-05,0.01108094128850122,0.1955570712561731
2024-01-08,0.010798964765356111,1.9892016317606742
2024-01-09,0.010719277404836273,0.19845575843958632
2024-01-10,0.010467113346308137,0.9693227071203171
2024-01-11,0.010276169381573823,-0.04508649171032236
2024-01-12,0.010061177624412087,-0.22650106675055937
2024-01-16,0.00990011521168153,-0.18961257164913917
2024-01-17,0.00974172183720727,-0.6107358835384604
2024-01-18,0.009827753254552296,1.2315923289563595
2024-01-19,0.009713424495091409,1.540911039485045
2024-01-22,0.009643514469801372,0.028323061760867484
2024-01-23,0.009482613465887748,0.4357878158873192
2024-01-24,0.009343856505645405,0.7607107118450377
2024-01-25,0.009233018171700197,-0.26687141440143647
2024-01-26,0.009156197821323642,-0.22204104166328437
2024-01-29,0.00907193956154134,1.062891129797003
2024-01-30,0.009006726769891117,-0.48101413465271253
2024-01-31,0.009051082259217164,-2.8422775245066476
2024-02-01,0.013144329338695351,0.8438441503181646
2024-02-02,0.01274114296275379,2.056413380107272
2024-02-05,0.012557577131270843,0.12412857919084551
2024-02-06,0.012158778971015052,0.004536051102547434
2024-02-07,0.011789602746296219,0.9829172340215545
2024-02-08,0.01149790447684681,-0.1717153494241281
2024-02-09,0.011204911617991399,1.076596020479388
2024-02-12,0.01096648000452309,-0.6180555388350479
2024-02-13,0.010989062032176927,-1.2603023325738576
2024-02-14,0.011901664790158473,0.7272246467102909
2024-02-15,0.011579415833163676,0.03763146257057335
2024-02-16,0.011255603362132233,-0.6174919694035007
2024-02-20,0.011262363838539709,-1.0382007991010413
2024-02-21,0.011805487675691511,-0.08383231754533389
2024-02-22,0.011469759831347992,3.173003012423907
2024-02-23,0.01163887041701267,-0.3551922812709495
2024-02-26,0.011415686971357888,-0.5420800509718261
2024-02-27,0.011343957429540136,-0.025408908357670144
2024-02-28,0.011039402628667065,-0.6059407596578418
2024-02-29,0.011046636847515817,0.7290023821314973
2024-03-01,0.010790721340002434,0.5186560002144992
2024-03-04,0.010543198890842017,-0.8456577645334015
2024-03-05,0.010831201539756065,-1.3316005218023503
2024-03-06,0.011867559849242952,0.13303140013832032
2024-03-07,0.011521887030780957,1.2647847853417689
2024-03-08,0.011281290383237084,-0.8359271193161265
2024-03-11,0.011534874114128598,-0.20629549818359355
2024-03-12,0.011249861104487904,1.6624855939761891
2024-03-13,0.011084643297710806,-0.4460491473857522
2024-03-14,0.010958034517973081,0.026391717271510944
2024-03-15,0.010684340633766116,-0.7047946223151497
2024-03-18,0.01080748958171198,1.1106488137100934
2024-03-19,0.010602964098727286,0.5726250103846992
2024-03-20,0.010373549986218065,1.0625210980933721
2024-03-21,0.01019849077743286,-0.5870472489060317
2024-03-22,0.010237096433794158,0.5223341253645283
2024-03-25,0.010035846309663709,-0.43859013362201343
2024-03-26,0.009977196115908426,-0.5434425813899539
2024-03-27,0.00999495398339197,0.339695154349942
2024-03-28,0.009807742545449699,-0.363673304782885
2024-04-01,0.00972426436861343,0.17598551141078445
2024-04-02,0.009557370415635808,-1.0387325286229645
2024-04-03,0.01011205519631701,0.1471644489863355
2024-04-04,0.009910666323607327,-1.214371676370894
2024-04-05,0.010719016201629215,1.1066993965074006
2024-04-08,0.01052095591598022,-0.05450069736830315
2024-04-09,0.010285870561327128,0.03675077451574798
2024-04-10,0.010068610108649354,-0.400815922041484
2024-04-11,0.009985044329950033,1.9098413750638734
2024-04-12,0.009947323380787876,-1.7703322078483281
2024-04-15,0.01177769695377235,-1.5889672964037553
2024-04-16,0.013413525887731615,-0.20996963900266405
2024-04-17,0.012993122610855974,-0.7895380432640565
2024-04-18,0.01313490566731984,-0.2593721425956198
2024-04-19,0.01275604484937522,-1.888281522938543
2024-04-22,0.015285136570462479,0.6348782166377978
2024-04-23,0.014716047707982677,0.9735581231073818
2024-04-24,0.014220014679889514,0.14705111750519306
2024-04-25,0.013699993784327243,-0.28762171550853705
2024-04-26,0.013297993724859356,1.6346737247633731
2024-04-29,0.012995603117337218,0.44385103272443444
2024-04-30,0.012574163430823822,-1.7664770615523033
2024-05-01,0.014742595286291196,-0.24748450966451704
2024-05-02,0.014250052685043736,1.0914607083660173
2024-05-03,0.013799808759957193,1.5273413409791181
2024-05-06,0.013446892303868863,0.8195773556706536
2024-05-07,0.013020124003522386,-0.2828329141535326
2024-05-08,0.012661122421266262,0.004624051594791232
2024-05-09,0.012253674365742309,0.15978354069853679
2024-05-10,0.011878544634771376,-0.10307449367869147
2024-05-13,0.011540219584049424,0.2564254999128472
2024-05-14,0.011222701828508184,0.7046549806655353
2024-05-15,0.010951218621079022,1.0233781624987552
2024-05-16,0.01072695443160841,-0.24081393846494312
2024-05-17,0.010516911385407685,0.034907892242497185
2024-05-20,0.010279981741827036,-0.09697628945889718
2024-05-21,0.010070086550658514,0.8072365210588609
2024-05-22,0.009899270119983972,-0.6691110946776165
2024-05-23,0.010027060983405237,0.027158508752304626
2024-05-24,0.009832174228761906,1.2136091370128685
2024-05-28,0.00971566104185137,1.0282492268927215
2024-05-29,0.009591714717146945,-0.41269722401560793
2024-05-30,0.009551128205964014,-1.4616716219936057
2024-05-31,0.01075412207345371,0.1858938407712885
2024-06-03,0.010498840557686922,0.7881937223508954
2024-06-04,0.010291147835014558,0.13659780377549255
2024-06-05,0.010074193061956388,1.3933352826251275
2024-06-06,0.009957956496461393,-0.029453798119124346
2024-06-07,0.009769707019341142,-0.07799209931124394
2024-06-10,0.009601721827846257,0.008255432904744276
2024-06-11,0.009444554359159063,1.2101550593168982
2024-06-12,0.00935998660165001,1.3983796257544494
2024-06-13,0.009301897225678653,0.4938446481895369
2024-06-14,0.00918168233918049,-0.02838330518904197
2024-06-17,0.009063579047378915,0.7691452625579184
2024-06-18,0.008978618195732186,-0.13283066868049842
2024-06-20,0.00889034119095888,-0.7578454943725184
2024-06-21,0.009153686666566031,-0.5629334189092025
2024-06-24,0.009241289098824651,-1.0349029968537689
2024-06-25,0.009795024830325468,1.596857204597477
2024-06-26,0.009725936035494875,1.016545559670673
2024-06-27,0.009600138225954482,0.26337395797421637
2024-06-28,0.00944593140667511,-0.8684264161167268
2024-07-01,0.00979673696616768,1.4883115989106515
2024-07-02,0.009713738095615246,1.118030592670611
2024-07-03,0.00959785154722285,0.9560109294129152
2024-07-05,0.00947811718440135,0.8702459724979944
2024-07-08,0.009362480133886585,0.079947343204485
2024-07-09,0.009227351045528121,0.45835861580735326
2024-07-10,0.009112649760600455,1.3668278306303836
2024-07-11,0.009072026142785176,-3.1979537460819785
2024-07-12,0.014082852861751571,0.18296912439943083
2024-07-15,0.01357330576188276,0.4316318657544736
2024-07-16,0.013109318055435026,-0.025481840203915272
2024-07-17,0.012669036996232112,-1.7887179150133419
2024-07-18,0.01491018974713523,-0.5476768788622871
2024-07-19,0.014662616631198713,-0.6327043801338252
2024-07-22,0.014531243236341505,0.8688690969265997
2024-07-23,0.014035301962987894,-0.020127398752449642
2024-07-24,0.013527525758546998,-2.961987342621861
2024-07-25,0.019887069262053816,-0.5341771695341647
2024-07-26,0.01940220132599342,0.4202624470183723
2024-07-29,0.0185508217440186,0.06147841146295476
2024-07-30,0.01773902807160878,-0.6532112746870029
2024-07-31,0.017524794337109226,1.4010414865429113
2024-08-01,0.016928134632220256,-1.2621760334069625
2024-08-02,0.018086765600509088,-1.2685483055678455
2024-08-05,0.01931930456809685,-2.1997294627255415
2024-08-06,0.024369115455427085,0.3734180658111959
2024-08-07,0.023212694744161898,-0.3467741417634977
2024-08-08,0.02231545499307838,1.0490216842075561
2024-08-09,0.021375395478508037,0.28922127447072205
2024-08-12,0.02039371200537099,0.2926819141421195
2024-08-13,0.019472726899730307,1.1701562068510027
2024-08-14,0.018717890805958835,0.0513965503156018
2024-08-15,0.01789530890956561,1.086791793202099
2024-08-16,0.01721726956933116,0.14563618424179153
2024-08-19,0.016493297575981412,0.7292601491415096
2024-08-20,0.015853752867937883,-0.2667569240623896
2024-08-21,0.01530129074416996,0.06324460249408839
2024-08-22,0.014704666760397831,-1.1239308293642662
2024-08-23,0.015442949692220924,0.8927008430816357
2024-08-26,0.014889619921691376,-0.42349924670056993
2024-08-27,0.014514487027156993,-0.08212158754414271
2024-08-28,0.013979442119433427,-0.7125016873704385
2024-08-29,0.013981715550544567,-0.37060855702626394
2024-08-30,0.013616270380224813,0.7293995632993905
2024-09-03,0.01316949620154816,-2.528453529314063
2024-09-04,0.017813526125103542,-0.33526911669845383
2024-09-05,0.017195008894533542,0.33541866738577586
2024-09-06,0.01647932501351473,-1.6605477823398072
2024-09-09,0.018833106292136362,0.6113108438455068
2024-09-10,0.018033601035890755,0.08852075083969234
2024-09-11,0.017255430813411913,1.2426986031966494
2024-09-12,0.016642889498191666,0.5476971346939198
2024-09-13,0.015976990594782935,0.062386358775593
2024-09-16,0.015334318073890532,-0.4815614399669986
2024-09-17,0.014992273302392105,0.14206028067509818
2024-09-18,0.014418036865703178,-0.14054285733968888
2024-09-19,0.013903378232225348,1.8324522257431934
2024-09-20,0.013604917560414615,-0.3215717910275208
2024-09-23,0.013229508695026244,0.08255829495329846
2024-09-24,0.012780132519717763,0.4258474748655809
2024-09-25,0.012373718947459651,0.0602130198392348
2024-09-26,0.011988252154889207,-0.0987391218203932
2024-09-27,0.011640710290638396,-0.21165549865840505
2024-09-30,0.011349519704905253,0.5724579297442827
2024-10-01,0.011059905998363227,-1.5217566491762917
2024-10-02,0.012484659591785456,-0.05424903323921044
2024-10-03,0.012093214544205389,0.003285524638876249
2024-10-04,0.011729098780218952,1.1078945507624949
2024-10-07,0.011454977377178297,-1.1713181060133275
2024-10-08,0.012221134795761647,1.015006942258575
2024-10-09,0.011901156392228811,0.3509779008360918
2024-10-10,0.011558249874665728,0.10040844737653393
2024-10-11,0.011236546880467546,0.03406665543156401
2024-10-14,0.010940177946916431,0.7494789864360638
2024-10-15,0.010694147767357774,-1.0476900630565003
2024-10-16,0.011253311947356624,0.18409261456035877
2024-10-17,0.010957164701966216,-0.02900009945328979
2024-10-18,0.010684172023945518,0.45698548445646037
2024-10-21,0.010442653218164026,0.5522575732302287
2024-10-22,0.01022551832426922,0.35235747382387084
2024-10-23,0.010018787128611756,-1.8125620158758051
2024-10-24,0.011947663612221033,0.9349494603512402
2024-10-25,0.011639596429499832,0.5027677148687337
2024-10-28,0.01132355553961768,0.07301390164602117
2024-10-29,0.011020372184611358,0.33507985351685554
2024-10-30,0.010746821619128561,-0.18538913966737564
2024-10-31,0.010517046545103027,-2.943333664744863
2024-11-01,0.015491695318126662,0.43630857216163976
2024-11-04,0.014894532983161164,-0.43453116262883135
2024-11-05,0.01452925711017173,0.8572547631208302
2024-11-06,0.01403219214860306,2.5986886284356014
2024-11-07,0.0139278979082895,0.8526808784536112
2024-11-08,0.01347109692094523,-0.056981849489842855
2024-11-11,0.013006808923073754,-0.12281157102915323
2024-11-12,0.01258772126700413,0.15351525285298243
2024-11-13,0.012187087500892948,-0.011168278445093955
2024-11-14,0.011815839796950516,-0.3423319516521401
2024-11-15,0.011572826450005447,-1.6120026608972966
2024-11-18,0.013241329842677774,0.31536119483097463
2024-11-19,0.01279637433734236,0.7346275510490636
2024-11-20,0.012408476801047355,-0.21522006063269467
2024-11-21,0.012061678140462558,-0.5569644925209609
2024-11-22,0.011967286463570544,-0.25025144231115554
2024-11-25,0.01166693838512566,-0.032657661468921254
2024-11-26,0.011337024863273511,0.8019796026024163
2024-11-27,0.01106367822473273,-0.6014943884697767
2024-11-29,0.011065435512711257,0.7174232714085182
2024-12-02,0.01080723878224406,0.8009864486650624
2024-12-03,0.01057552580606738,0.4474059151710094
2024-12-04,0.01034262386275338,0.9693295680585323
2024-12-05,0.010161744156380608,0.05631155442141313
2024-12-06,0.009955254631459447,0.21249811241691705
2024-12-09,0.0097685344172347,-0.19625968043529843
2024-12-10,0.009623220673633887,0.1826046292274558
2024-12-11,0.009465472328861121,1.4102547304603037
2024-12-12,0.009399982915040805,-0.790508155892945
2024-12-13,0.009669986599136706,-0.6219419854173237
2024-12-16,0.009769689004953395,0.6415130704161038
2024-12-17,0.009614505818554548,-0.19028806635520337
2024-12-18,0.009480958088387567,-3.1477901449127703
2024-12-19,0.014559579300773515,0.19484892689026287
2024-12-20,0.014016631735515659,0.7243346104452958
2024-12-23,0.013541532770260416,0.7373384736336748
2024-12-24,0.01310068797169426,0.901672555446173
2024-12-26,0.012706270369690359,-0.19163608463234952
2024-12-27,0.01232917315563155,-1.2952464266748134
2024-12-30,0.013359437745458017,-0.7928649616482009
2024-12-31,0.013495916770562215,-0.7533670017455097
2025-01-02,0.013571422854405824,-0.32666359234222625
2025-01-03,0.01320141350988134,1.277836926005587
2025-01-06,0.01284635689513036,1.0084632826088116
2025-01-07,0.012481166835384677,-1.5552222806519869
2025-01-08,0.014103804386963343,-0.06011226116730085
2025-01-10,0.013594430403404873,-1.1926781788748706
2025-01-13,0.01445442254377735,-0.12698101823935232
2025-01-14,0.013933438998429071,-0.3810842727265001
2025-01-15,0.013578849014748451,1.9111296984351838
2025-01-16,0.01331597956405912,-1.491196168604126
2025-01-17,0.014854065851476621,0.9873142364481854
2025-01-21,0.014350712836605684,0.10970988733732431
2025-01-22,0.013820844954021076,0.9306531053775896
2025-01-23,0.013379664076224769,0.18176450357271648
2025-01-24,0.01292078729102111,-0.5484659919846845
2025-01-27,0.012772486959234983,-2.1832914495792957
2025-01-28,0.016176749318631896,1.6716163472751673
2025-01-29,0.0157154383055112,-0.607011130665222
2025-01-30,0.015507110347262341,-0.32937509509229823
2025-01-31,0.015018347089105117,-0.4077086482488965
2025-02-03,0.014621816701664472,-1.1373275994273917
2025-02-04,0.015387915946271763,0.9051913895652759
2025-02-05,0.014839656517538078,-0.31038512379673605
2025-02-06,0.01437850253885538,0.5092845302238921
2025-02-07,0.013862050838575547,-1.1558671818678294
2025-02-10,0.014650685146601805,0.3661679833107541
2025-02-11,0.014107454869322987,0.018434011427518646
2025-02-12,0.013594135205845237,-0.2166677497731244
2025-02-13,0.01316398909512245,1.0894970577025604
2025-02-14,0.012786263652865075,0.2777607983904663
2025-02-18,0.012373660341740735,-0.27254190654390253
2025-02-19,0.012054308918879996,0.2355485549607284
2025-02-20,0.01169607588212855,-0.5567779673304469
2025-02-21,0.01162158442507601,-2.081966122706039
2025-02-24,0.014478338343506982,-0.7917132715043854
2025-02-25,0.014584410195256555,-1.096447935987877
2025-02-26,0.015260721867162399,-0.14106690693792118
2025-02-27,0.014688753003083138,-1.7904482013417682
2025-02-28,0.017225835803749524,1.117203776835422
2025-03-03,0.016592981810427385,-1.9740612281315646
2025-03-04,0.020086773881295955,-0.25445026828793776
2025-03-05,0.01927258730584046,0.573898028257445
2025-03-06,0.01844213713666979,-1.1169792144455213
2025-03-07,0.019249503666002206,0.1620427463270858
2025-03-10,0.01839505939015273,-2.4692937136835287
2025-03-11,0.024468620326042346,-0.14926616067661386
2025-03-12,0.023331475864530205,0.5500981751994212
2025-03-13,0.022253484703994103,-0.9037001966983996
2025-03-14,0.022506835307129634,1.1889387932937248
2025-03-17,0.02158667883632586,-0.23050415792882578
2025-03-18,0.020668299527757616,-0.8134245484018978
2025-03-19,0.020702624906854525,0.6856300361797956
2025-03-20,0.01979722932242827,-0.03740509948489559
2025-03-21,0.01890802119657604,0.525730292861031
2025-03-24,0.0180958525385516,1.2563652503489136
2025-03-25,0.017437001152728795,0.4747673905381637
2025-03-26,0.016714126037045814,-1.327100520906991
2025-03-27,0.01804613596764889,-0.29312123516468536
2025-03-28,0.01737974252998156,-1.6540054420403718
2025-03-31,0.019820054200062262,0.008958799450031052
2025-04-01,0.018927384722024838,0.5129267100650929
2025-04-02,0.01811290963887459,0.29005728744666986
2025-04-03,0.01733563218881323,-3.7691406478952474
2025-04-04,0.02956467829266278,-2.0840998442258134
2025-04-07,0.036346365169166776,0.010654496950562083
2025-04-08,0.03448072623648473,-0.549952182886245
2025-04-09,0.03348239919225348,3.524338067727738
2025-04-10,0.03355587136709989,-1.2867495650932608
2025-04-11,0.03571666087427092,0.698593026226577
2025-04-14,0.03396318944124048,0.001106436729813524
2025-04-15,0.03223303675958318,-0.15118626870109442
2025-04-16,0.030656224438637966,-1.1490989990423135
2025-04-17,0.03196363958198284,-0.5280192844808138
2025-04-21,0.03099879423201532,-0.9892292465901951
2025-04-22,0.03159809957629479,0.833646903671165
2025-04-23,0.030099644950994608,0.8605781505157344
2025-04-24,0.028689064408175736,0.8231199059970039
2025-04-25,0.02734788422876315,0.5824224915679179
2025-04-28,0.026040669176852965,-0.17160916538118537
2025-04-29,0.024826307258433725,0.0756618353725076
2025-04-30,0.023628298870163097,-0.2098017616512136
2025-05-01,0.02257793643971289,0.9175957213293428
2025-05-02,0.021597751311086606,0.2802618402015885
2025-05-05,0.02060197671121517,-0.5554937351560708
2025-05-06,0.020121853041649703,-0.38258088000589796
2025-05-07,0.01942524198738394,-0.183051004603401
2025-05-08,0.018605153726200387,0.5047498025329381
2025-05-09,0.017810217275289298,0.03521996224191006
2025-05-12,0.017046010732957834,2.6254085731664434
2025-05-13,0.016834974802479405,0.3864272196292087
2025-05-14,0.0161455652571644,0.6999817572130498
2025-05-15,0.015525573963448756,-0.7518373367535969
2025-05-16,0.015540433641445419,0.33843953862570697
2025-05-19,0.014934872246756872,-3.800783144428523e-05
2025-05-20,0.01436330981576972,-0.44088513324434186
2025-05-21,0.014033523206771021,-1.1253700706755017
2025-05-22,0.014761384445284789,0.15012538686002289
2025-05-23,0.014203347904991464,-0.9770540468050611
2025-05-27,0.01463638143652102,1.6306959183399612
2025-05-28,0.01425317492198731,-0.3506924821482344
2025-05-29,0.013856422245894163,0.3657840035653614
2025-05-30,0.013369066255194642,-0.4075254448738518
2025-06-02,0.013069217333716202,0.34634366418663115
2025-06-03,0.012638043886050422,0.2643310712888891
2025-06-04,0.012236135172295295,-0.02262769987599437
2025-06-05,0.011861459836169201,-1.11260129451224
2025-06-06,0.012530594679641769,1.4053018939058786
2025-06-09,0.0122390389761754,0.34324731661187885
2025-06-10,0.011869884860889794,0.6825957333064504
2025-06-11,0.01154684364421593,-0.582730540463848
2025-06-12,0.01150474344441411,0.2784859388822091
2025-06-13,0.011190620055052607,-0.8826114559298355
2025-06-16,0.011508198517112982,1.041907813462025
2025-06-17,0.011243387305753257,-0.6602312597741445
2025-06-18,0.011293707012890597,0.127165255147647
2025-06-20,0.010993450382064774,-0.4550792502963534
2025-06-23,0.010879266747850764,0.5515150469940117
2025-06-24,0.010626154412449691,0.5813737229170395
2025-06-25,0.010395285306542386,0.7336011046122419
2025-06-26,0.010192418579506724,0.8186980905320264
2025-06-27,0.010012162463277179,0.7441336713074915
2025-06-30,0.009842075572471756,0.08936765426297252
2025-07-01,0.00966375959549507,-0.5303972723893295
2025-07-02,0.009692866992652394,0.91696449306491
2025-07-03,0.009561992133769683,0.9893409590564161
2025-07-07,0.009447963938462573,-1.410939660690546
2025-07-08,0.010558726794678484,-0.288971733055842
2025-07-09,0.01038125697849667,0.7126315146431452
2025-07-10,0.010178213090510497,0.4853813750705447
2025-07-11,0.009980357790011218,0.23853457721905258
2025-07-14,0.009791938240218817,-0.2949862251390741
2025-07-15,0.009678343803616242,0.2629434924501892
2025-07-16,0.009517118895463523,0.06229340427154859
2025-07-17,0.00936776191690486,0.30223412979634734
2025-07-18,0.009235511618554475,0.06566007296800051
2025-07-21,0.00911203635086257,0.43370745237113767
2025-07-22,0.009007159212822408,-0.3965793577212108
2025-07-23,0.009004813891988593,0.7366541911055641
2025-07-24,0.008923400885523194,-0.08143133454525867
2025-07-25,0.008833356515499784,0.29781742617280277
2025-07-28,0.00875105650868238,0.5030286772464122
2025-07-29,0.008682724211222055,-1.0585714757167284
2025-07-30,0.009273809947745713,0.12586857037150598
2025-07-31,0.009147233193351164,0.09248713501209689
2025-08-01,0.009032156565650996,-3.3566862379895652
2025-08-04,0.014441032615650953,1.0005530456428715
2025-08-05,0.013966465725334644,-0.29193834130252744
2025-08-06,0.01354946781399526,1.0967777350214531
2025-08-07,0.013146483631818964,0.2778834241124707
2025-08-08,0.012707216051064786,1.2257344243387645
2025-08-11,0.012378236779775533,-0.214194505161831
2025-08-12,0.012033244655411725,0.8708927645544356
2025-08-13,0.011712907080444177,0.0215210992073664
2025-08-14,0.011378493156992216,0.3118843534859307
2025-08-15,0.011075377455954806,0.05100334261423191
2025-08-18,0.010792166009742046,-0.027273239317482652
2025-08-19,0.010532713338379884,-1.2972151928544402
2025-08-20,0.011495291719178524,-0.8658357996963525
2025-08-21,0.011782845021847727,-0.2985098170935573
2025-08-22,0.01151842912005689,1.6154495269519875
2025-08-25,0.01132748399649246,0.021639092364721363
2025-08-26,0.011023748870264433,0.26089761614224916
2025-08-27,0.01074784085278818,0.2254077028446161
2025-08-28,0.010493826526436911,0.38269223977012606
2025-08-29,0.010265342137960343,-0.8293751241591872
2025-09-02,0.010543165571024032,-0.9666017048063359
2025-09-03,0.01098768808884031,1.3659233686287093
2025-09-04,0.010798797141619918,0.9584627642947808
2025-09-05,0.010580492385428093,-1.0321160125180655
2025-09-08,0.011117233464851517,0.07667355078424523
2025-09-09,0.010830767133983248,0.8240873065773375
2025-09-10,0.010598904239431361,-0.3707190070884348
2025-09-11,0.010458983052305436,0.7399332460643709
2025-09-12,0.01025127443705624,0.9154883883584509
2025-09-15,0.010073425535216545,1.141078701945039
2025-09-16,0.009930063099018917,-0.07016900029727285
2025-09-17,0.009747139357103007,-0.3976475990615752
2025-09-18,0.009686240402141139,0.19128340848924616
2025-09-19,0.009522973964589091,1.1589663114215425
2025-09-22,0.009426927175831408,1.0115338441282387
2025-09-23,0.009326349099998105,-1.1918855799515222
2025-09-24,0.010092319876043365,-0.21162761001142877
2025-09-25,0.009923982329814061,-0.2525272805894699
2025-09-26,0.00978319746552099,0.38649230986069494
2025-09-29,0.00961597042705366,0.14922339719727765
2025-09-30,0.00945842282008961,0.15118339594682614
2025-10-01,0.009315167046297361,0.11937924280225568
2025-10-02,0.009184705633694272,-0.08072793972637159
2025-10-03,0.009070043945367465,-0.1552240791392943
2025-10-06,0.00897737856072715,0.6456527503742158
2025-10-07,0.00889375419840424,-0.7228650428167237
2025-10-08,0.009125508862455936,0.6037452318065082
2025-10-09,0.009026162635620056,-0.1875342443518596
2025-10-10,0.008944634211917147,-3.8885230917324938
2025-10-13,0.015743657344031083,1.142417151695619
2025-10-14,0.015205437022582306,-0.7752723295473231
2025-10-15,0.01526699640461106,0.2916855351707638
2025-10-16,0.014678097219283572,-0.4180282394457382
2025-10-17,0.014310035103312581,0.47328726020352674
2025-10-20,0.013796160438855079,1.0949155986658483
2025-10-21,0.013376404423623128,-0.2517058035974614
2025-10-22,0.01297722546367342,-0.49895613711135456
2025-10-23,0.012778182449788164,0.41506368896005463
2025-10-24,0.012371414750729386,0.8496251739231603
2025-10-27,0.012024278929059787,1.640479217669396
2025-10-28,0.011803669211140753,0.9376170101844639
2025-10-29,0.011506539738033582,0.5285159206408813
2025-10-30,0.011202215606232833,-1.5375941427542004
2025-10-31,0.01267211559343119,0.4155357820249745
2025-11-03,0.012273255936831779,0.3640428004671164
2025-11-04,0.011902270585606368,-1.2416509000338778
2025-11-05,0.012809559178980981,0.0006372863449663855
2025-11-06,0.012390962737506984,-1.2600156002658058
2025-11-07,0.0133515273745639,-0.23809081781725577
2025-11-10,0.012947618086837608,1.5690819541720014
2025-11-11,0.012655351672011135,0.04576952568550429
2025-11-12,0.012248451393949731,-0.36217250121168276
2025-11-13,0.011987980415189026,-1.8485231918519431
2025-11-14,0.014287633145860285,-0.08386893408846308
2025-11-17,0.013768795093861079,-0.5708837181770325
2025-11-18,0.01360190977410703,-1.1886857157823896
2025-11-19,0.014453593515494604,0.329354920508798
2025-11-20,0.013922497038614718,-1.1513082492450135
2025-11-21,0.014702866381155566,0.3970878562924165
2025-11-24,0.014157515446257873,1.3351740545252517
2025-11-25,0.013749327624948581,0.3006173461150076
2025-11-26,0.013267045314763123,0.43530923633660756
2025-11-28,0.012825360698590527,0.3890304207924797
2025-12-01,0.012413940798747412,-0.07579674460390844
2025-12-02,0.012030373669910093,0.3199839087450616
2025-12-03,0.011676412627268002,-0.1014074397140624
2025-12-04,0.01135351152100561,0.12331673531629048
2025-12-05,0.011048401017180276,-0.08970787927083661
2025-12-08,0.010773661499662785,-0.2918133176545226
2025-12-09,0.0105808423379901,-0.3696396721093791
2025-12-10,0.010441650921597824,0.234507467370342
2025-12-11,0.010213485595507023,-0.19858360799624844
2025-12-12,0.0100311730031084,-0.846187669660807
2025-12-15,0.01033654138544493,-0.3821155329908914
2025-12-16,0.010222405254239368,-0.07760248879867514
2025-12-17,0.010014946262113366,-1.4943575026920786
2025-12-18,0.01130701497879953,0.913726379284456
2025-12-19,0.01104524700154697,0.8219006358729821
2025-12-22,0.010796227917726293,0.32563660043634995
2025-12-23,0.010540748828377189,0.9100115128139411
2025-12-24,0.010338902790953548,0.15911043716872822
2025-12-26,0.010118156948298165,-0.09888411337182124
2025-12-29,0.00992238048740558,-0.5943287328144313
2025-12-30,0.00998382508379533,-0.09127374291392858
2025-12-31,0.00979863076291361,-0.6814117531657686
2026-01-02,0.009943192064726427,-0.33030797726107886
2026-01-05,0.009832809001832296,0.5850661592106577
2026-01-06,0.009669253065413051,-0.302747347172162
2026-01-07,0.009568977661253244,-0.23001610024277452
2026-01-08,0.009450758847946512,-0.001944524353744328
2026-01-09,0.009307290378368877,0.29179376580458155
2026-01-12,0.009180343760925289,-0.29556484751408857
2026-01-13,0.009118604034740916,-0.7928494194620341
2026-01-14,0.009403845035712548,-1.2287595826948086
2026-01-15,0.010224936443008412,0.07930751035909754
2026-01-16,0.010013128251328687,-0.2996967452484086
2026-01-20,0.009883493354548804,-2.7857162477976294
2026-01-21,0.014155115227041472,0.5224242131204262
2026-01-22,0.013655077226885397,0.8467899799073211
2026-01-23,0.013216464760588431,0.5209880016718583
2026-01-26,0.012783124110799847,0.51740276698834
2026-01-27,0.012381239045421719,-0.12999337352070936
2026-01-28,0.012010131393259238,0.19403383833971538
2026-01-29,0.011654393130156995,-0.7270570714316424
2026-01-30,0.01176052324988006,-0.3256565133120719
2026-02-02,0.01151198661228673,0.1035070459299562
2026-02-03,0.01119399196575461,-0.9042684619233713
2026-02-04,0.011540975656323317,-0.6210871029525796
2026-02-05,0.01153661527745217,-1.8268398180564862
2026-02-06,0.013713559723481754,1.0277400324476194
2026-02-09,0.013290917821651404,0.5401478995371745
2026-02-10,0.012853357751950074,-0.5075559929530185
2026-02-11,0.01266915221640422,-0.41354707611377345
2026-02-12,0.012417012177323583,-1.8781350041800449
2026-02-13,0.01486292329289904,-0.6851305741065543
2026-02-17,0.014795972367924631,0.3124393024427519
2026-02-18,0.014240335419916992,0.5258347004184085
2026-02-19,0.013734563483218538,-0.26591864293521233
2026-02-20,0.013318360086799772,0.7691566170556572
2026-02-23,0.012896018775903245,-1.0850473989672627
2026-02-24,0.013526630254260956,0.5157997283845105
2026-02-25,0.013070649625775114,1.1233671429861058
2026-02-26,0.012703528793797086,-0.9819372798217664
2026-02-27,0.013150122542631511,-1.1876363893166442
2026-03-02,0.01398699899088645,0.2979446475418449
2026-03-03,0.013487630986694001,-0.3318518245690082
2026-03-04,0.013126365686019542,0.5328302453587602
2026-03-05,0.01270026706993084,-0.22386473487493985
2026-03-06,0.012335882090890975,-1.2663166116904283
2026-03-09,0.013307174695904131,0.639780869964641
2026-03-10,0.01287518182905398,-0.015559295521103798
2026-03-11,0.012451905401093383,0.15854419996915126
2026-03-12,0.012061636795675672,-1.3848082885901742
2026-03-13,0.013266317868697561,-0.8947477539967953
2026-03-16,0.013562597324958459,0.8891142658587439
2026-03-17,0.013134685706377922,0.2724758265472903
2026-03-18,0.01269611687067761,-1.1013985010837475
2026-03-19,0.013354960103693678,-0.5772940114309782
2026-03-20,0.013215069744005482,-1.2620189081770599
2026-03-23,0.014211523447001646,0.7522971886101738
2026-03-24,0.01372552122221662,-0.6161730393337861
2026-03-25,0.01361295289435015,0.3762460149386792
2026-03-26,0.013143491630742587,-1.644172275112223
2026-03-27,0.015058238501319566,-1.6053258012378184
2026-03-30,0.017074074739218265,-0.12866592605965593
2026-03-31,0.016378603293532558,2.2262009035538113
2026-04-01,0.016057444983440944,0.3819157803001143
2026-04-02,0.015419238287085161,-0.08981938087151163
2026-04-06,0.014823322485876662,0.36574548141404545
2026-04-07,0.014268110200818286,0.13997035700349214
2026-04-08,0.013744554777368865,1.3261089535369202
2026-04-09,0.013361261874069044,0.7016647297284128
2026-04-10,0.012930180442773167,0.2233855145585979
2026-04-13,0.012505357104795545,0.7616855743419838
2026-04-14,0.012140862136508272,1.4150361270342802
2026-04-15,0.01187706948557068,1.44156010539521
2026-04-16,0.011635214649279304,0.22097296919465578
2026-04-17,0.011309347067007192,1.0236450688805039
2026-04-20,0.011057668749551946,-0.20503137225462298
2026-04-21,0.010809158519214412,-0.45119100392836564
2026-04-22,0.010704593565279499,1.4640140540720024
2026-04-23,0.010549314274935804,-1.1372243861167082
2026-04-24,0.011245523920663159,1.0610069691586312
2026-04-27,0.011002423123064809,0.41520985852771536
2026-04-28,0.01073315941295046,0.13422861916089507
2026-04-29,0.010478862116742226,-0.36212277819056854
2026-04-30,0.010343128778727197,-0.4816842502207041
2026-05-01,0.010291354405948439,0.8263648212629452
2026-05-04,0.01010343747688143,-0.33106389194469904
2026-05-05,0.009980741132299934,0.31551786450364866
2026-05-06,0.00979409594310537,1.617357788783781
2026-05-07,0.009727786885438083,0.15959238642417986
2026-05-08,0.009560351861395413,0.6005073084125324
2026-05-11,0.009421508035629973,-0.09073074110759322
2026-05-12,0.009286227237279104,0.07630667508107697
2026-05-13,0.00915810839515563,1.2747748766377982
2026-05-14,0.00910427923617614,0.5714647338384586
2026-05-15,0.00900543677350751,-0.681301133835869
2026-05-18,0.009194935457635327,-0.41717012278454507
2026-05-19,0.009187998233038069,-1.1547622126708061
2026-05-20,0.00990059367381718,0.8321955028519379
2026-05-21,0.009745841901054795,-0.09666646550098801
2026-05-22,0.009582238465119927,-0.04728959819630469
2026-05-26,0.009428353456528812,-0.3469607402879933
2026-05-27,0.009367339171940438,0.0930239338098928
2026-05-28,0.009231853047294044,0.7000988865697597
2026-05-29,0.009127639855028468,-0.008865041372137296
2026-06-01,0.009014120580615211,-0.12721716357588722
2026-06-02,0.008921590298118579,-0.7095598499472764
2026-06-03,0.009140152863242521,-1.6206364661141945
2026-06-04,0.010593112709955412,1.2662380730241718
2026-06-05,0.010421894348940664,-2.6062238269545177
2026-06-08,0.01439819207917141,-0.19972795432406742
2026-06-09,0.013905962385305648,-0.938349542306251
2026-06-10,0.014269367976633718,-1.2065879536584638
2026-06-11,0.015180990657126293,0.4107787920295092
2026-06-12,0.014603488142615011,-0.0446573242105853
2026-06-15,0.014057185014265621,1.2887884905038693
2026-06-16,0.013648011529922184,-0.0324514538425307
2026-06-17,0.013168733283464986,-1.6297660059074623
2026-06-18,0.015048259295924779,0.47269017321684637
2026-06-22,0.014483395708297963,-1.0728563679331895
2026-06-23,0.01510835468346088,-0.5513629310736101
2026-06-24,0.014855824035256072,-0.6004879292875541
2026-06-25,0.014674871528124434,-1.6556252733734582
2026-06-26,0.016797527787357765,0.7357550160484205
2026-06-29,0.016139158123894513,0.6096167644451793
2026-06-30,0.015511305522324232,0.6907553772855947
2026-07-01,0.014932085779793415,1.0442865607825644
2026-07-02,0.014431098304211347,0.19678155184936189
2026-07-06,0.01389722258614412,0.5969956545700509
2026-07-07,0.013420314583572679,0.2528171116944316
2026-07-08,0.0129602597179701,-0.2628870366276064
2026-07-09,0.012595176191403124,0.4474471375226455
2026-07-10,0.012203551885266433,0.5480031039985698
2026-07-13,0.011846669109977725,-0.3225003114428154
2026-07-14,0.011590330509027595,0.518258037013533
2026-07-15,0.011278919958497134,1.7034457793485978
2026-07-16,0.011118292271948245,-0.6451176209566354
2026-07-17,0.011159377453021788,-1.1156305982451287
2026-07-20,0.011826464978148153,-0.11733432040536783
2026-07-21,0.01149485281632972,0.3938195611617436
2026-07-22,0.011185331476998845,-0.42256613004852883
2026-07-23,0.011035851322635381,-2.7613409589034776
2026-07-24,0.01567972999223531,0.21753833915148543
2026-07-27,0.015060167827544536,-0.1633701188102594
2026-07-28,0.01450918530245443,0.3947349763655134
2026-07-29,0.01397717130924036,-1.0675690791600496
2026-07-30,0.014585428090479625,1.6680550566393666
2026-07-31,0.014212882109799391,1.0117456903854927
