Date,GJR-GARCH Scaled Return
2020-01-03,-0.005986862601719317
2020-01-06,0.006304882260119443
2020-01-07,-0.0006517124831707399
2020-01-08,0.007267609084662348
2020-01-09,0.007243754993496219
2020-01-10,-0.001160953645152852
2020-01-13,0.014495422374366792
2020-01-14,-0.005892754624644107
2020-01-15,-0.0020574959910440436
2020-01-16,0.0088103234723103
2020-01-17,0.004323882751133116
2020-01-21,0.0008821582103326614
2020-01-22,0.002862047322220345
2020-01-23,0.0029104999616131515
2020-01-24,-0.012305208315060998
2020-01-27,-0.025720683588775304
2020-01-28,0.017339961789893082
2020-01-29,0.006496794457715373
2020-01-30,0.007390442274664461
2020-01-31,-0.01877489602635991
2020-02-03,0.016477251024254215
2020-02-04,0.02339562313430194
2020-02-05,0.00034128566124499966
2020-02-06,0.009898126619000218
2020-02-07,-0.003504665215376354
2020-02-10,0.01824348469378389
2020-02-11,-0.0009328297076644829
2020-02-12,0.01304439450405073
2020-02-13,-0.0019723609291466024
2020-02-14,0.011969297187533765
2020-02-18,0.006381210974406138
2020-02-19,0.023424287373384103
2020-02-20,-0.014122367683272755
2020-02-21,-0.02929017971155346
2020-02-24,-0.04812164359077223
2020-02-25,-0.018354484563134033
2020-02-26,0.0035451182164793395
2020-02-27,-0.034110932478059054
2020-02-28,0.0052117921874922
2020-03-02,0.02390273700940026
2020-03-03,-0.016623203610627947
2020-03-04,0.017914563593436673
2020-03-05,-0.01611652229115425
2020-03-06,-0.010199315783590374
2020-03-09,-0.03636777009439875
2020-03-10,0.01836014621554733
2020-03-11,-0.013634917739312781
2020-03-12,-0.033002963727649375
2020-03-13,0.02432939412451368
2020-03-16,-0.037802384194687184
2020-03-17,0.010745897653050224
2020-03-18,-0.01047157728069965
2020-03-19,0.005320397055063684
2020-03-20,-0.007899357629462308
2020-03-23,-0.0019534305345766116
2020-03-24,0.022043309105032133
2020-03-25,0.000261290731360553
2020-03-26,0.012066855427914521
2020-03-27,-0.010440432841424648
2020-03-30,0.009443581947323275
2020-03-31,-0.0012096808231614354
2020-04-01,-0.01490722898213376
2020-04-02,0.005686075802324329
2020-04-03,-0.005705791990516983
2020-04-06,0.022408085046310536
2020-04-07,-0.0008635106667924312
2020-04-08,0.009203036205963782
2020-04-09,0.003043931927310925
2020-04-13,0.005802892467530386
2020-04-14,0.01480749766312328
2020-04-15,-0.0036901706834963207
2020-04-16,0.0067547245979436695
2020-04-17,0.0051261612636571635
2020-04-20,-0.00902503602047567
2020-04-21,-0.01924728033754687
2020-04-22,0.01493277632123503
2020-04-23,0.00037213055778997277
2020-04-24,0.008667253536745061
2020-04-27,0.005520042465248339
2020-04-28,-0.009627969593441168
2020-04-29,0.020690461634457362
2020-04-30,0.0034756203983028924
2020-05-01,-0.021495809337884052
2020-05-04,0.009939067550621713
2020-05-05,0.005288332952035084
2020-05-06,0.0025866628033593283
2020-05-07,0.006172185749032645
2020-05-08,0.011397196434569224
2020-05-11,0.005846818459707343
2020-05-12,-0.014160180236844382
2020-05-13,-0.011399899025630524
2020-05-14,0.0108141897690084
2020-05-15,0.0070057655976952906
2020-05-18,0.016930887270479207
2020-05-19,-0.0037306359944494303
2020-05-20,0.016604043625721435
2020-05-21,-0.008374993828994239
2020-05-22,0.004600221639847475
2020-05-26,0.000414346692682255
2020-05-27,0.0036669835555113053
2020-05-28,-0.005576987092867973
2020-05-29,0.01013695135698593
2020-06-01,0.00965843712541234
2020-06-02,0.004389241788344509
2020-06-03,0.007648288582050034
2020-06-04,-0.008122292974364408
2020-06-05,0.02995178071484219
2020-06-08,0.010196797157944894
2020-06-09,0.013777319700125289
2020-06-10,0.017528835166449156
2020-06-11,-0.06970459517005247
2020-06-12,0.004724820199213865
2020-06-15,0.008421922645681474
2020-06-16,0.008548280865544176
2020-06-17,0.00036264181506475443
2020-06-18,0.0005892658412963786
2020-06-19,-0.001953475959838051
2020-06-22,0.011965313920223672
2020-06-23,0.007813770051113597
2020-06-24,-0.019634403619094493
2020-06-25,0.012340598872465846
2020-06-26,-0.028267120993143602
2020-06-29,0.008734882953878717
2020-06-30,0.014053111610573803
2020-07-01,0.006353339315605989
2020-07-02,0.005991296801654908
2020-07-06,0.022743942958274907
2020-07-07,-0.006707354821087245
2020-07-08,0.013604453838579111
2020-07-09,0.004920394011897248
2020-07-10,0.011347274853571551
2020-07-13,-0.01457759084505313
2020-07-14,0.01118774182946535
2020-07-15,-0.0010911681653325374
2020-07-16,-0.0074603720338251075
2020-07-17,-0.0036104187532578066
2020-07-20,0.026819109854554036
2020-07-21,-0.007740746111191939
2020-07-22,0.0023077389551164865
2020-07-23,-0.032111823508562724
2020-07-24,-0.004118665101098804
2020-07-27,0.013158133263446753
2020-07-28,-0.011555675218851815
2020-07-29,0.013763252010743623
2020-07-30,0.00032923534730440907
2020-07-31,0.019888089619875676
2020-08-03,0.016385912750751335
2020-08-04,0.002698816257430772
2020-08-05,0.006851506857196736
2020-08-06,0.015849416708839534
2020-08-07,-0.010062367016256967
2020-08-10,-0.0007448769069723592
2020-08-11,-0.01820724196004736
2020-08-12,0.029483489064866697
2020-08-13,0.004196314008961541
2020-08-14,0.001885214977107787
2020-08-17,0.014407588316542505
2020-08-18,0.008292953775136482
2020-08-19,-0.005886909854630543
2020-08-20,0.0150453494264537
2020-08-21,0.018369785520236617
2020-08-24,0.009497211527523461
2020-08-25,0.005455385948286497
2020-08-26,0.019479823735122283
2020-08-27,0.0011117919473479462
2020-08-28,0.012546942594072298
2020-08-31,0.0133352905161059
2020-09-01,0.019469995466753924
2020-09-02,0.013069946117771219
2020-09-03,-0.08246231328026733
2020-09-04,-0.0059412170522566195
2020-09-08,-0.03434775793881193
2020-09-09,0.015784881506235544
2020-09-10,-0.01091364957264787
2020-09-11,-0.0033329735274836335
2020-09-14,0.01081830416271387
2020-09-15,0.004161759373124124
2020-09-16,-0.009778615231415256
2020-09-17,-0.007774319423011889
2020-09-18,-0.008044210594655146
2020-09-21,0.0025671586546291464
2020-09-22,0.006426871922573293
2020-09-23,-0.02321647234948078
2020-09-24,0.004969080250337936
2020-09-25,0.015196058911866884
2020-09-28,0.01031660377127076
2020-09-29,-0.0017189131718076023
2020-09-30,0.007826951966076306
2020-10-01,0.006830822431021413
2020-10-02,-0.01906996645727847
2020-10-05,0.016847078924299104
2020-10-06,-0.01207818519279914
2020-10-07,0.011082619822167038
2020-10-08,0.004224631459407511
2020-10-09,0.008440573329131845
2020-10-12,0.025478907947372075
2020-10-13,-0.004226614331045539
2020-10-14,-0.0054002684509982055
2020-10-15,-0.003461363565509122
2020-10-16,-0.005863930443245173
2020-10-19,-0.01960191816416896
2020-10-20,0.005724293796856727
2020-10-21,-0.0007235674486156663
2020-10-22,0.003470502356824123
2020-10-23,0.005356131722981795
2020-10-26,-0.01735321321492121
2020-10-27,0.008378280444507486
2020-10-28,-0.042580801311190235
2020-10-29,0.013621056178886709
2020-10-30,-0.016266919353483834
2020-11-02,0.0037478041287443294
2020-11-03,0.01304098310647492
2020-11-04,0.02629574481064
2020-11-05,0.017327820635966083
2020-11-06,-0.00020148503610476309
2020-11-09,-0.005212309203400493
2020-11-10,-0.016083001502619952
2020-11-11,0.014360787132467828
2020-11-12,-0.003978823052571329
2020-11-13,0.0024644205616972748
2020-11-16,0.008670745323850879
2020-11-17,-0.002338678730949319
2020-11-18,-0.005024487826203246
2020-11-19,0.003884070673252839
2020-11-20,-0.011857540535751714
2020-11-23,0.002559772346867692
2020-11-24,0.01702784416424283
2020-11-25,0.005167627225222987
2020-11-27,0.00454399129323836
2020-11-30,-0.005363845333133985
2020-12-01,0.018415326276418176
2020-12-02,0.006868952339991896
2020-12-03,-0.002665000665652261
2020-12-04,0.0037594085515120254
2020-12-07,0.006291428817798773
2020-12-08,0.001968287606330607
2020-12-09,-0.026873460106670535
2020-12-10,0.003085094249443869
2020-12-11,-0.001365582661676415
2020-12-14,0.002697082429227834
2020-12-15,0.015709333588551883
2020-12-16,0.005146842019624456
2020-12-17,0.0037143929285519523
2020-12-18,-0.006162765969313333
2020-12-21,0.006023691182961474
2020-12-22,0.000949744678007201
2020-12-23,-0.0028899287323382377
2020-12-24,0.004447884406001538
2020-12-28,0.02238955555764686
2020-12-29,-0.004056801169401962
2020-12-30,-0.0024931988078169135
2020-12-31,0.0009737178629379717
2021-01-04,-0.01583227722309238
2021-01-05,0.013930838115328232
2021-01-06,-0.020715241319660765
2021-01-07,0.03760821843904733
2021-01-08,0.009103378842153603
2021-01-11,-0.012364882299889128
2021-01-12,-0.0012410812194501802
2021-01-13,0.008820895594613215
2021-01-14,-0.013572024885782583
2021-01-15,-0.013923297793236093
2021-01-19,0.014417318017426132
2021-01-20,0.029376016507469946
2021-01-21,0.015652534291049854
2021-01-22,2.2686773805415663e-06
2021-01-25,0.009849826831482153
2021-01-26,0.00010023897807085175
2021-01-27,-0.028638419219591968
2021-01-28,0.000545428281349117
2021-01-29,-0.023044924660894778
2021-02-01,0.020675401513315945
2021-02-02,0.013480004819361728
2021-02-03,0.006816949970413297
2021-02-04,0.0078098879509134475
2021-02-05,0.0022299880627699715
2021-02-08,0.013158736357113105
2021-02-09,-0.004152617010928517
2021-02-10,0.0028090917160095187
2021-02-11,0.003953530321858651
2021-02-12,0.00025761958378526443
2021-02-16,0.0034302852131042135
2021-02-17,-0.0051050236024727386
2021-02-18,-0.005649510370190784
2021-02-19,-0.005332378345784528
2021-02-22,-0.027473967216005715
2021-02-23,-0.0008665668467995167
2021-02-24,0.010829782730947136
2021-02-25,-0.04292977530499325
2021-02-26,0.0037764709463624074
2021-03-01,0.0208345209445671
2021-03-02,-0.01314582792697779
2021-03-03,-0.017099483498200008
2021-03-04,-0.007257267011915188
2021-03-05,0.009831857351655208
2021-03-08,-0.02343529231922419
2021-03-09,0.025180272845972552
2021-03-10,-0.000646201953371208
2021-03-11,0.014739206087335827
2021-03-12,-0.004644891304382631
2021-03-15,0.006033884616794722
2021-03-16,0.0030405122405113088
2021-03-17,0.0030763832893354057
2021-03-18,-0.024363587842648093
2021-03-19,0.0021021585000544274
2021-03-22,0.010063250461058217
2021-03-23,-0.0022423066700831677
2021-03-24,-0.011887619629112715
2021-03-25,-0.001958053618399134
2021-03-26,0.008345104421580889
2021-03-29,0.0016313275809648532
2021-03-30,-0.00449435394372405
2021-03-31,0.014091861379603733
2021-04-01,0.017502114046445857
2021-04-05,0.021025058344448205
2021-04-06,-0.004299888984839606
2021-04-07,0.012197228437167258
2021-04-08,0.010045913801748338
2021-04-09,0.012487064122866319
2021-04-12,0.006663681100258567
2021-04-13,0.017322078220618632
2021-04-14,-0.018549285885769887
2021-04-15,0.023063763079754353
2021-04-16,-0.001147549759815099
2021-04-19,-0.010455987541528678
2021-04-20,-0.009527740255767985
2021-04-21,0.008831243804804602
2021-04-22,-0.020455243108078214
2021-04-23,0.017499181680639124
2021-04-26,0.006363804614082525
2021-04-27,-0.0033232253689197745
2021-04-28,-0.00048802878853173
2021-04-29,0.007656964934956608
2021-04-30,-0.010851202290969244
2021-05-03,-0.003805127415732471
2021-05-04,-0.020736633433912556
2021-05-05,0.0020704737275374593
2021-05-06,0.011003383156656004
2021-05-07,0.008547249798796062
2021-05-10,-0.028199034834441472
2021-05-11,-0.006201590778736148
2021-05-12,-0.02313693593845609
2021-05-13,0.006273047718250758
2021-05-14,0.01969487056366027
2021-05-17,-0.002012331919264881
2021-05-18,-0.0097891624134568
2021-05-19,-0.001554120342513232
2021-05-20,0.015238891283626418
2021-05-21,-0.001141567778792747
2021-05-24,0.02072262582856005
2021-05-25,-0.0005018721852147592
2021-05-26,0.0031300781040603026
2021-05-27,-0.005249440939647054
2021-05-28,0.004971903464096159
2021-06-01,0.0015449504048976263
2021-06-02,0.005518020130143949
2021-06-03,-0.008343530525958416
2021-06-04,0.021392779790448103
2021-06-07,0.0027632736431583965
2021-06-08,0.0015169830209706282
2021-06-09,-0.000671673423384653
2021-06-10,0.005474723087045774
2021-06-11,0.005791793929718181
2021-06-14,0.012902580911154865
2021-06-15,-0.008542099229112062
2021-06-16,0.0007716424299963904
2021-06-17,0.016388785241248767
2021-06-18,-0.013720073148648705
2021-06-21,0.010926954389081853
2021-06-22,0.016221433955002786
2021-06-23,0.00548294556058489
2021-06-24,0.005524658384545809
2021-06-25,-0.004493700460489201
2021-06-28,0.021513615926350326
2021-06-29,0.0029499062569761886
2021-06-30,0.0014305345926324672
2021-07-01,0.007455054967695537
2021-07-02,0.021547150141628408
2021-07-06,0.0076724240303113105
2021-07-07,0.0018618866400353668
2021-07-08,-0.014174739017532552
2021-07-09,0.013490290889278007
2021-07-12,0.011327227811864031
2021-07-13,-0.0030708101008736976
2021-07-14,-0.0005420742052458019
2021-07-15,-0.016754951606323554
2021-07-16,-0.021678845111120622
2021-07-19,-0.013938905241275563
2021-07-20,0.013040991516012797
2021-07-21,0.013707108476791349
2021-07-22,0.007716791949097447
2021-07-23,0.012238155375785868
2021-07-26,0.0037641467096449096
2021-07-27,-0.013671833116649145
2021-07-28,0.004347544559618448
2021-07-29,0.004054868917043623
2021-07-30,-0.01522629933361715
2021-08-02,0.0031194148405210027
2021-08-03,0.009975972526651193
2021-08-04,0.0008756118834905137
2021-08-05,0.008996005710406506
2021-08-06,-0.001901795774539648
2021-08-09,-0.0011130157869218762
2021-08-10,-0.00437645077873359
2021-08-11,-0.0026159036451050793
2021-08-12,0.01343948353012693
2021-08-13,0.0036968441925395033
2021-08-16,0.00021794159031426118
2021-08-17,-0.018092751656407897
2021-08-18,-0.016686056525287252
2021-08-19,0.008216866766534447
2021-08-20,0.02050471933576695
2021-08-23,0.024296990503496367
2021-08-24,0.0013677894391096975
2021-08-25,0.004600299531182611
2021-08-26,-0.007021453261491406
2021-08-27,0.01627471319277569
2021-08-30,0.014816723295649446
2021-08-31,-0.005498929069895899
2021-09-01,0.0018884859961482328
2021-09-02,0.0006573352235784031
2021-09-03,0.0055250180524477836
2021-09-07,0.005951992126736969
2021-09-08,-0.009243597243524507
2021-09-09,-0.006779312723047609
2021-09-10,-0.016173859797105356
2021-09-13,0.005528341476143067
2021-09-14,-0.0034515355188159316
2021-09-15,0.013288526711640034
2021-09-16,-0.0023470909547976485
2021-09-17,-0.017937171911122252
2021-09-20,-0.032423558679681996
2021-09-21,0.002401023664621524
2021-09-22,0.013494689154500913
2021-09-23,0.012792100850922266
2021-09-24,0.0022352978121123667
2021-09-27,-0.004561105084832474
2021-09-28,-0.030093814116763765
2021-09-29,-0.0009643438222880692
2021-09-30,-0.005746132230471443
2021-10-01,0.011205624797121502
2021-10-04,-0.021779092815849558
2021-10-05,0.014320440188378109
2021-10-06,0.006347458584138816
2021-10-07,0.008932299971833155
2021-10-08,-0.0008615821176505168
2021-10-11,-0.006496539499994932
2021-10-12,-0.00502945374605395
2021-10-13,0.0024897771150389557
2021-10-14,0.022307241561096428
2021-10-15,0.011381885356337041
2021-10-18,0.012290027200465369
2021-10-19,0.007315476341579106
2021-10-20,0.00022556881239554886
2021-10-21,0.00893630493000549
2021-10-22,-0.008556992678907409
2021-10-25,0.01087816774104472
2021-10-26,0.01795054167143284
2021-10-27,0.007796452459819313
2021-10-28,0.01867185883511785
2021-10-29,0.007753023390130058
2021-11-01,-0.0002363781437781254
2021-11-02,0.007367547374663789
2021-11-03,0.012137892017232784
2021-11-04,0.030901209403996252
2021-11-05,0.0036817548264392926
2021-11-08,0.004069948947964822
2021-11-09,-0.007743964730642402
2021-11-10,-0.025403000697727558
2021-11-11,0.005458000045339714
2021-11-12,0.009926748971852088
2021-11-15,-0.0029067628014295063
2021-11-16,0.005355829893786055
2021-11-17,-0.0011957700425031372
2021-11-18,0.02990877739638889
2021-11-19,0.00957831321062934
2021-11-22,-0.010243059311422501
2021-11-23,0.0006330504193949576
2021-11-24,0.008174636116238808
2021-11-26,-0.04041480807212678
2021-11-29,0.022610662669427198
2021-11-30,-0.00879974017037633
2021-12-01,-0.013436437835071247
2021-12-02,0.005428282867115461
2021-12-03,-0.018846305334796178
2021-12-06,0.007612626422366816
2021-12-07,0.03009808129630664
2021-12-08,0.0034665673443179186
2021-12-09,-0.011639724462560319
2021-12-10,0.007925717120969168
2021-12-13,-0.022555313727473256
2021-12-14,-0.005846425949777189
2021-12-15,0.02256799993866403
2021-12-16,-0.02584650643080595
2021-12-17,-0.007404207998253353
2021-12-20,-0.008780687193325585
2021-12-21,0.018218687744950803
2021-12-22,0.011314934497207612
2021-12-23,0.005758784838197932
2021-12-27,0.016148305253364068
2021-12-28,-0.0042096387599568725
2021-12-29,-0.0026357519377685195
2021-12-30,-0.005872071200764359
2021-12-31,-0.00658189102782083
2022-01-03,0.020412982114315272
2022-01-04,-0.009576814900376238
2022-01-05,-0.03289689892652442
2022-01-06,-0.0014025854347680306
2022-01-07,-0.005851278260256928
2022-01-10,0.0023728174919140535
2022-01-11,0.010895903035657439
2022-01-12,0.006005507659115889
2022-01-13,-0.02586200642552325
2022-01-14,0.0024866671098589866
2022-01-18,-0.020028179902814455
2022-01-19,-0.010003024478693523
2022-01-20,-0.010030382466219682
2022-01-21,-0.018783564115437176
2022-01-24,0.0009683154352796659
2022-01-25,-0.013423906370451369
2022-01-26,0.0058773115975757845
2022-01-27,-0.007803318614744682
2022-01-28,0.024059288875345128
2022-01-31,0.023310317039003162
2022-02-01,0.005660686921113718
2022-02-02,0.010872433016731464
2022-02-03,-0.03757379102608019
2022-02-04,0.01276909067736296
2022-02-07,-0.0037023019461205507
2022-02-08,0.007235936848710566
2022-02-09,0.01294165217199261
2022-02-10,-0.015359962823278839
2022-02-11,-0.020816901300435016
2022-02-14,0.0016464176677039304
2022-02-15,0.016703856949459434
2022-02-16,0.0007197220859954704
2022-02-17,-0.023706570062204706
2022-02-18,-0.007958621394384689
2022-02-22,-0.007079496976491805
2022-02-23,-0.017165656599916413
2022-02-24,0.016551715918873767
2022-02-25,0.009921764370810979
2022-02-28,0.0016632372059084024
2022-03-01,-0.011767406863971602
2022-03-02,0.011938912534171868
2022-03-03,-0.008791154740498812
2022-03-04,-0.010664093798378451
2022-03-07,-0.02761086868465249
2022-03-08,-0.001751723035274394
2022-03-09,0.022053322500310682
2022-03-10,-0.0036526213108690614
2022-03-11,-0.014191550922089438
2022-03-14,-0.012785071716993095
2022-03-15,0.01972180694764091
2022-03-16,0.02235863958533345
2022-03-17,0.008317209107199368
2022-03-18,0.016736553736788895
2022-03-21,0.0032031987540694393
2022-03-22,0.012545194979503412
2022-03-23,-0.007542618602776687
2022-03-24,0.021537813964785175
2022-03-25,0.0008889320296003705
2022-03-28,0.010002761543431512
2022-03-29,0.009505076267265425
2022-03-30,-0.008037462248169761
2022-03-31,-0.01793057821352931
2022-04-01,-0.0009908236134800264
2022-04-04,0.01841954697953522
2022-04-05,-0.019853786139297783
2022-04-06,-0.023180730412626627
2022-04-07,0.00031920522029726565
2022-04-08,-0.010091399201149731
2022-04-11,-0.023491509345397947
2022-04-12,-0.0024009777725575838
2022-04-13,0.01037725561780635
2022-04-14,-0.01771138478446457
2022-04-18,0.00553917056970793
2022-04-19,0.01231978752339218
2022-04-20,-0.0100372917744089
2022-04-21,-0.016615925088172282
2022-04-22,-0.01886205992563561
2022-04-25,0.0067171811968642975
2022-04-26,-0.027357202649982447
2022-04-27,-0.0011473802755516502
2022-04-28,0.023915339743497056
2022-04-29,-0.028845540892319495
2022-05-02,0.009013443786154086
2022-05-03,0.002439481059611542
2022-05-04,0.017538617982354426
2022-05-05,-0.029251766009961155
2022-05-06,-0.0018611741825522612
2022-05-09,-0.021949404249914206
2022-05-10,0.0049910322322486746
2022-05-11,-0.0145288254776606
2022-05-12,-0.004978266590889449
2022-05-13,0.01667670753460515
2022-05-16,-0.004859185078406127
2022-05-17,0.013391504740162421
2022-05-18,-0.024981109858449313
2022-05-19,-0.0024040470318339737
2022-05-20,-0.0031737505323372233
2022-05-23,0.011806788861171306
2022-05-24,-0.011870732754210923
2022-05-25,0.007827931750394328
2022-05-26,0.013847144126518562
2022-05-27,0.017958648854867143
2022-05-31,0.0005700444016972358
2022-06-01,-0.0029399673058010784
2022-06-02,0.0163194861775991
2022-06-03,-0.019129742835825855
2022-06-06,0.003717434073569621
2022-06-07,0.005513480440905706
2022-06-08,-0.0039664189768421855
2022-06-09,-0.01899504582639057
2022-06-10,-0.025726325250955657
2022-06-13,-0.025372565161693568
2022-06-14,0.0008958798012177548
2022-06-15,0.012496785597153738
2022-06-16,-0.018550923137104543
2022-06-17,0.0034945295427275605
2022-06-21,0.015402466258232026
2022-06-22,-0.0024013457651176004
2022-06-23,0.004682242575952595
2022-06-24,0.018861327714415725
2022-06-27,-0.004110317534031392
2022-06-28,-0.018212570349724993
2022-06-29,0.00010854062265903062
2022-06-30,-0.011230933957293788
2022-07-01,0.002369171285289258
2022-07-05,0.010723242361246178
2022-07-06,0.0042651225281722036
2022-07-07,0.016560596555739465
2022-07-08,0.0007960632355803513
2022-07-11,-0.017825395478739285
2022-07-12,-0.006715024007898308
2022-07-13,-0.0017899049616430917
2022-07-14,0.00024344835851939378
2022-07-15,0.01598976068518316
2022-07-18,-0.003790089002676984
2022-07-19,0.026135713014442383
2022-07-20,0.013627504844944844
2022-07-21,0.011130469742347318
2022-07-22,-0.019996188609381838
2022-07-25,-0.0039693219713365134
2022-07-26,-0.019274559042737106
2022-07-27,0.0363886021879781
2022-07-28,0.005949452826105408
2022-07-29,0.021259795382402146
2022-08-01,-0.003251921043565954
2022-08-02,-0.003983576711647539
2022-08-03,0.021433489673679463
2022-08-04,0.001663949897205457
2022-08-05,-0.004611089756935466
2022-08-08,-0.011834070017516681
2022-08-09,-0.006144635247537871
2022-08-10,0.029932042732097687
2022-08-11,-0.004471389482902359
2022-08-12,0.02366531755330047
2022-08-15,0.0059258952300300155
2022-08-16,-0.0012806257924077823
2022-08-17,-0.009797645112883968
2022-08-18,0.0035911231314532453
2022-08-19,-0.026255173535790047
2022-08-22,-0.024838844389348056
2022-08-23,0.0007206688930391584
2022-08-24,0.00138651429414594
2022-08-25,0.01703590348754664
2022-08-26,-0.04112429744528497
2022-08-29,-0.0062545678357995545
2022-08-30,-0.008034997396603277
2022-08-31,-0.005387029414485435
2022-09-01,-0.005208492232035956
2022-09-02,-0.009061187275542325
2022-09-06,-0.004904156538109163
2022-09-07,0.011480067812333735
2022-09-08,0.0038481864926848933
2022-09-09,0.01591494944276833
2022-09-12,0.012303689071648386
2022-09-13,-0.05079858237161147
2022-09-14,0.0027866956731210533
2022-09-15,-0.0066689682887643206
2022-09-16,-0.0024493907141726104
2022-09-19,0.0058703346804107924
2022-09-20,-0.004341993347105724
2022-09-21,-0.01053676821408844
2022-09-22,-0.006562733140182171
2022-09-23,-0.01116334150041883
2022-09-26,-0.0047669819992305655
2022-09-27,0.0014222613224246755
2022-09-28,0.011798053303144637
2022-09-29,-0.022018497483638228
2022-09-30,-0.010411251197417537
2022-10-03,0.01495087539956391
2022-10-04,0.02192595494793869
2022-10-05,-0.00023788742562785094
2022-10-06,-0.004260289599833702
2022-10-07,-0.032306354413478816
2022-10-10,-0.006633290524182168
2022-10-11,-0.008175876071465466
2022-10-12,0.00045871672849493784
2022-10-13,0.017902419472845515
2022-10-14,-0.02031663597520479
2022-10-17,0.023786545871335746
2022-10-18,0.00526475444505714
2022-10-19,-0.0015190552170338681
2022-10-20,-0.0018760875342090945
2022-10-21,0.017273632866043154
2022-10-24,0.006937311626396632
2022-10-25,0.015837979324739786
2022-10-26,-0.026434998660952173
2022-10-27,-0.016911932435867794
2022-10-28,0.017918158444242285
2022-10-31,-0.00942880785351659
2022-11-01,-0.008140281566848075
2022-11-02,-0.0213060654652855
2022-11-03,-0.010065584095512631
2022-11-04,0.011481081086338598
2022-11-07,0.006402610924583784
2022-11-08,0.0023927278299534054
2022-11-09,-0.02010801809628562
2022-11-10,0.04849577478824936
2022-11-11,0.011902910502471097
2022-11-14,-0.006909953611284749
2022-11-15,0.006353008027777036
2022-11-16,-0.008689565243930077
2022-11-17,-0.002934687079574421
2022-11-18,-0.0017107122651738005
2022-11-21,-0.011282052970246668
2022-11-22,0.013688230560381391
2022-11-23,0.011537850826475744
2022-11-25,-0.006175420593192058
2022-11-28,-0.015300219385345593
2022-11-29,-0.006334461900812256
2022-11-30,0.04075027660212987
2022-12-01,-0.0006203066615171691
2022-12-02,-0.0038250523255300346
2022-12-05,-0.016537457795542176
2022-12-06,-0.019839550664836395
2022-12-07,-0.003951423906766232
2022-12-08,0.012676774508224813
2022-12-09,-0.004428862428004833
2022-12-12,0.011284601817009125
2022-12-13,0.010985555305680048
2022-12-14,-0.008284492787484615
2022-12-15,-0.03075179052142017
2022-12-16,-0.008723089881038718
2022-12-19,-0.010858572634679348
2022-12-20,-0.0014263999664833656
2022-12-21,0.011684493609410138
2022-12-22,-0.025068878742638093
2022-12-23,0.0022612393335096903
2022-12-27,-0.01683888233736611
2022-12-28,-0.007080587622504046
2022-12-29,0.018139264925634415
2022-12-30,0.0007883079556785995
2023-01-03,-0.010215205270216196
2023-01-04,0.000763702609084896
2023-01-05,-0.013404468999052744
2023-01-06,0.017739626341747115
2023-01-09,0.009956765870413673
2023-01-10,0.007870438019654103
2023-01-11,0.018144647276763546
2023-01-12,0.007194450978146697
2023-01-13,0.009987466826243244
2023-01-17,0.006567517335785188
2023-01-18,-0.01361243257159701
2023-01-19,-0.006537369361972652
2023-01-20,0.02984330072248803
2023-01-23,0.024037106477497835
2023-01-24,0.0007637155423534612
2023-01-25,-0.003151826614405949
2023-01-26,0.026262568001255662
2023-01-27,0.018201419141796786
2023-01-30,-0.02953107065470312
2023-01-31,0.0152157348830954
2023-02-01,0.018644212754406343
2023-02-02,0.0375829866499899
2023-02-03,-0.01172455596473298
2023-02-06,-0.005085132198560374
2023-02-07,0.024710650887225422
2023-02-08,-0.014590415116724683
2023-02-09,-0.008799260857162945
2023-02-10,-0.007773870874832237
2023-02-13,0.014588375561930803
2023-02-14,0.010464799858276032
2023-02-15,0.004575036123437013
2023-02-16,-0.022430671763145848
2023-02-17,-0.008075568623307603
2023-02-21,-0.022240949181096776
2023-02-22,0.000508344343618748
2023-02-23,0.019186712324603998
2023-02-24,-0.01296479264904861
2023-02-27,0.006363360422208791
2023-02-28,-0.0011752457377147254
2023-03-01,-0.010113584933935075
2023-03-02,0.005536296608114614
2023-03-03,0.023051492499171718
2023-03-06,0.0017001670910855417
2023-03-07,-0.013885192310228136
2023-03-08,0.004478462603622534
2023-03-09,-0.021887084765739324
2023-03-10,-0.008937011707772316
2023-03-13,0.005891602811092775
2023-03-14,0.025275383728517453
2023-03-15,0.0006537542706675526
2023-03-16,0.029476378995732643
2023-03-17,-0.006041520851766609
2023-03-20,0.00303630621901758
2023-03-21,0.02205598923561273
2023-03-22,-0.011587463392480433
2023-03-23,0.010748550773759602
2023-03-24,-0.0007398351465509396
2023-03-27,-0.005448005789928695
2023-03-28,-0.006255858909418807
2023-03-29,0.018262760784891946
2023-03-30,0.00989131859664131
2023-03-31,0.02027117855402628
2023-04-03,0.0046464760285106045
2023-04-04,-0.004622735511051059
2023-04-05,-0.012586713398307114
2023-04-06,0.013015109443556841
2023-04-10,-0.004018731182893091
2023-04-11,-0.010901937241233282
2023-04-12,-0.010769553161327723
2023-04-13,0.02516507418382904
2023-04-14,0.008213667080733218
2023-04-17,-0.00022314408819562798
2023-04-18,0.005276624565910266
2023-04-19,0.0010828624549293331
2023-04-20,-0.016868504071229064
2023-04-21,0.0014963103305693363
2023-04-24,-0.0019243668168833646
2023-04-25,-0.02536218201924709
2023-04-26,0.012449902808335044
2023-04-27,0.034116046641720785
2023-04-28,0.00501355890186721
2023-05-01,0.002883038265927395
2023-05-02,-0.012172797391172765
2023-05-03,-0.008792431301748265
2023-05-04,-0.006956951914453244
2023-05-05,0.03000589540192975
2023-05-08,0.005151563235854195
2023-05-09,-0.008163518122476064
2023-05-10,0.014969914636322927
2023-05-11,0.004607409342290198
2023-05-12,-0.008224294041871489
2023-05-15,0.004837119661116251
2023-05-16,0.005487731442498394
2023-05-17,0.02269672610665422
2023-05-18,0.02415229177675174
2023-05-19,-0.003958589857127743
2023-05-22,0.003007424418780564
2023-05-23,-0.01627617559739781
2023-05-24,-0.0017922919565191292
2023-05-25,0.052002820866182645
2023-05-26,0.025043798965544855
2023-05-30,0.010316561079746586
2023-05-31,-0.01542941538545548
2023-06-01,0.02398378900077045
2023-06-02,0.009576870364634161
2023-06-05,-0.0008678241332174206
2023-06-06,-0.0013435967876428915
2023-06-07,-0.0238820086643887
2023-06-08,0.014643870385918828
2023-06-09,0.004282453958763728
2023-06-12,0.01569540921251775
2023-06-13,0.010670086719173693
2023-06-14,0.0055232962674946024
2023-06-15,0.013961108970801555
2023-06-16,-0.008190880488468612
2023-06-20,0.005934556034417918
2023-06-21,-0.014000022970325815
2023-06-22,0.014566572448958212
2023-06-23,-0.010867605421615351
2023-06-26,-0.02274828843841174
2023-06-27,0.016266590976906053
2023-06-28,0.0005768319234285355
2023-06-29,0.0010786933764042365
2023-06-30,0.02142043965225164
2023-07-03,0.0018071750372688153
2023-07-05,0.0005951328124838574
2023-07-06,-0.007899235213100982
2023-07-07,-0.0019126419874462672
2023-07-10,-0.011634107314834611
2023-07-11,0.006463958371642611
2023-07-12,0.017473988664475828
2023-07-13,0.02333805221252586
2023-07-14,0.0036809390429773776
2023-07-17,0.013647681997107404
2023-07-18,0.013409936287769464
2023-07-19,0.00011862285056429661
2023-07-20,-0.031026757816066775
2023-07-21,-0.008682677381677118
2023-07-24,0.007403340464286824
2023-07-25,0.007814459481589662
2023-07-26,-0.00022052852357857733
2023-07-27,-0.004165937391896412
2023-07-28,0.02176088873584765
2023-07-31,0.002750988775730896
2023-08-01,-0.006572447371800868
2023-08-02,-0.030075631567011714
2023-08-03,0.0018279842292574326
2023-08-04,-0.0028481987598129527
2023-08-07,0.006385937461497617
2023-08-08,-0.007275144157014628
2023-08-09,-0.01865261834597304
2023-08-10,0.000981160312556302
2023-08-11,-0.006079375064486878
2023-08-14,0.01769603918298597
2023-08-15,-0.013087913505128312
2023-08-16,-0.010353314598207835
2023-08-17,-0.009100388400129132
2023-08-18,-0.002028851918348701
2023-08-21,0.023341673062741836
2023-08-22,-0.005358942826986405
2023-08-23,0.017825310466392633
2023-08-24,-0.018364282274986772
2023-08-25,0.003891014406677987
2023-08-28,0.007713959691248637
2023-08-29,0.02475334852296313
2023-08-30,0.00654773671095535
2023-08-31,0.00013911914754952205
2023-09-01,-0.0023143508486880983
2023-09-05,0.0052282608855658
2023-09-06,-0.019552591334712374
2023-09-07,-0.008752448076155868
2023-09-08,0.0015643897967011007
2023-09-11,0.013109262682086934
2023-09-12,-0.010493524747675027
2023-09-13,0.006826994268668432
2023-09-14,0.01093260202040769
2023-09-15,-0.020192797350887068
2023-09-18,0.002746331361188602
2023-09-19,-0.002729464662631121
2023-09-20,-0.020754340239160608
2023-09-21,-0.016321290334641088
2023-09-22,-0.00032333294848337855
2023-09-25,0.008132314299992581
2023-09-26,-0.01687890331408028
2023-09-27,0.0028750036988562486
2023-09-28,0.007769383111060151
2023-09-29,-0.00015095700489857347
2023-10-02,0.01574544311003504
2023-10-03,-0.019262070224995577
2023-10-04,0.011651615989339118
2023-10-05,0.0023394994278193707
2023-10-06,0.01744894448200334
2023-10-09,0.004287276060059901
2023-10-10,0.002822464400984402
2023-10-11,0.010852167300457296
2023-10-12,-0.0015479862592833666
2023-10-13,-0.01221983839332132
2023-10-16,0.010296488109532091
2023-10-17,-0.010294243697888616
2023-10-18,-0.018991363762114324
2023-10-19,-0.006827982234640963
2023-10-20,-0.018275577609289745
2023-10-23,0.006767263334372353
2023-10-24,0.0074580330273997485
2023-10-25,-0.02443929652903074
2023-10-26,-0.02105678165500402
2023-10-27,0.004996442342137327
2023-10-30,0.011630187705821925
2023-10-31,0.0015503626637286866
2023-11-01,0.017480921384062226
2023-11-02,0.015861473461097193
2023-11-03,0.008012254088025706
2023-11-06,0.008558547054084178
2023-11-07,0.008654425795831306
2023-11-08,0.004612613894437783
2023-11-09,-0.005826205887950681
2023-11-10,0.022991532782028517
2023-11-13,-0.0008771077094914583
2023-11-14,0.01927984942216566
2023-11-15,-0.002069398487009326
2023-11-16,0.008026093592738894
2023-11-17,-0.0007671768565887193
2023-11-20,0.013461704160897942
2023-11-21,-0.005299257785882971
2023-11-22,0.0019835145440305997
2023-11-24,-0.007089479297285439
2023-11-27,0.0012932182044110843
2023-11-28,0.005183123518791483
2023-11-29,-0.00836888809059038
2023-11-30,-0.005911429377986552
2023-12-01,-0.0008899673907590013
2023-12-04,-0.017461744988667677
2023-12-05,0.014268272000403951
2023-12-06,-0.013240146392432853
2023-12-07,0.018642662639709234
2023-12-08,0.00954206524127522
2023-12-11,-0.014140613817966009
2023-12-12,0.00926288546268478
2023-12-13,0.008989256141890797
2023-12-14,5.1972466281272975e-05
2023-12-15,0.008023058652376258
2023-12-18,0.012559543183522062
2023-12-19,0.005303647146862139
2023-12-20,-0.017399077889517372
2023-12-21,0.012142007596375166
2023-12-22,-0.0014312410108639228
2023-12-26,0.0033139118264152874
2023-12-27,0.0018838417160610614
2023-12-28,-0.0004927310107348078
2023-12-29,-0.0052107820299107524
2024-01-02,-0.01891149901911576
2024-01-03,-0.007480868895036399
2024-01-04,-0.007433874446637406
2024-01-05,0.003722631930858851
2024-01-08,0.028420863813075275
2024-01-09,0.0037973483851843773
2024-01-10,0.01442620751118131
2024-01-11,0.0004935036183544626
2024-01-12,-0.001978024666295693
2024-01-16,-0.001452124920559739
2024-01-17,-0.007225806673139632
2024-01-18,0.01810480916890327
2024-01-19,0.022373139537893483
2024-01-22,0.0015762998578887732
2024-01-23,0.007201041962229034
2024-01-24,0.01168822100296001
2024-01-25,-0.0024312869428885792
2024-01-26,-0.0018042538376177105
2024-01-29,0.015881370159245768
2024-01-30,-0.005345640652434233
2024-01-31,-0.03783062884691546
2024-02-01,0.012477581403421466
2024-02-02,0.029183808626466905
2024-02-05,0.0026187019438696046
2024-02-06,0.0010036188775521615
2024-02-07,0.014490552754836333
2024-02-08,-0.0013665884101976956
2024-02-09,0.015829740674401318
2024-02-12,-0.007457686500005424
2024-02-13,-0.01629382232344518
2024-02-14,0.010964406541160114
2024-02-15,0.0015059336307635045
2024-02-16,-0.0074767406493586284
2024-02-20,-0.013264126717909445
2024-02-21,-0.0001837052856269909
2024-02-22,0.04464186500460632
2024-02-23,-0.0039023362837111507
2024-02-26,-0.006453721060993359
2024-02-27,0.000659338289118903
2024-02-28,-0.007297943249417677
2024-02-29,0.011063285295869285
2024-03-01,0.008194577628827773
2024-03-04,-0.010546418899236264
2024-03-05,-0.017259338141805455
2024-03-06,0.00279414657438935
2024-03-07,0.018390145801140505
2024-03-08,-0.010483592707610904
2024-03-11,-0.001845422307741271
2024-03-12,0.023884467535367594
2024-03-13,-0.005102893353345458
2024-03-14,0.0014073761123861845
2024-03-15,-0.008623210242330726
2024-03-18,0.016335688859337567
2024-03-19,0.0089556921618074
2024-03-20,0.015717996269199973
2024-03-21,-0.006952588606389587
2024-03-22,0.008302524733946786
2024-03-25,-0.0048924013314588215
2024-03-26,-0.0063279249194299475
2024-03-27,0.005817440940973281
2024-03-28,-0.0038354123513114477
2024-04-01,0.0035975163212648427
2024-04-02,-0.013090165214067013
2024-04-03,0.0031559556105420494
2024-04-04,-0.015548736305240476
2024-04-05,0.0162901054320407
2024-04-08,0.00033810182588948266
2024-04-09,0.0016181104241346036
2024-04-10,-0.004376534404985856
2024-04-11,0.02741566158770895
2024-04-12,-0.023200130669209448
2024-04-15,-0.020884284033105213
2024-04-16,-0.0020349145665681423
2024-04-17,-0.009979170360466095
2024-04-18,-0.002696339449387654
2024-04-19,-0.025075823237986593
2024-04-22,0.009481349703535116
2024-04-23,0.014168785743164589
2024-04-24,0.002827454774526125
2024-04-25,-0.003120845255404741
2024-04-26,0.02334524189654906
2024-04-29,0.006985710696354734
2024-04-30,-0.023387447270677656
2024-05-01,-0.0026278406563671284
2024-05-02,0.015815945666087593
2024-05-03,0.0218376093563606
2024-05-06,0.01212420569861458
2024-05-07,-0.0030113572823638646
2024-05-08,0.0009674851580482161
2024-05-09,0.003131731629567905
2024-05-10,-0.00045434011289259216
2024-05-13,0.004518763837985076
2024-05-14,0.010712138234598797
2024-05-15,0.01512139879956118
2024-05-16,-0.0022454928836443864
2024-05-17,0.0015683195247274452
2024-05-20,-0.00022064440059474087
2024-05-21,0.012239847206751791
2024-05-22,-0.008047443839555371
2024-05-23,0.0015148882002162622
2024-05-24,0.017856929937639564
2024-05-28,0.015321295520128213
2024-05-29,-0.004483447528533816
2024-05-30,-0.018906835257514656
2024-05-31,0.003621102190005797
2024-06-03,0.011931506218264994
2024-06-04,0.0029909181554521186
2024-06-05,0.02030106903840313
2024-06-06,0.0007441162920191379
2024-06-07,9.862502876299235e-05
2024-06-10,0.0013054385084381576
2024-06-11,0.017857190122747797
2024-06-12,0.02045713376499769
2024-06-13,0.00802305014338662
2024-06-14,0.0008560050176442967
2024-06-17,0.011842111207011764
2024-06-18,-0.000552460665177239
2024-06-20,-0.009136773132257813
2024-06-21,-0.006492825471204387
2024-06-24,-0.012996535214631642
2024-06-25,0.02313285399529574
2024-06-26,0.015159069236784704
2024-06-27,0.004814745427804992
2024-06-28,-0.01073350806483236
2024-07-01,0.021639624145756955
2024-07-02,0.016556455549896553
2024-07-03,0.014342128803942538
2024-07-05,0.013177509785256818
2024-07-08,0.002322004648820255
2024-07-09,0.007544885442703193
2024-07-10,0.0200563302366409
2024-07-11,-0.042725811550358726
2024-07-12,0.003329339008024672
2024-07-15,0.006780157630457294
2024-07-16,0.000522481020379776
2024-07-17,-0.023700181925085453
2024-07-18,-0.006765659166286288
2024-07-19,-0.007922237810414914
2024-07-22,0.012738696796899426
2024-07-23,0.0005385353105278047
2024-07-24,-0.03989562260356145
2024-07-25,-0.006772055274231067
2024-07-26,0.006370474179247019
2024-07-29,0.0014625333594957331
2024-07-30,-0.00833966552608397
2024-07-31,0.019924105429387433
2024-08-01,-0.016684964777164725
2024-08-02,-0.0168159213596812
2024-08-05,-0.029664521458507873
2024-08-06,0.005605917101133314
2024-08-07,-0.004276804055229723
2024-08-08,0.014941943944986638
2024-08-09,0.004513577121301247
2024-08-12,0.0045869494274425205
2024-08-13,0.016682994313351095
2024-08-14,0.0013183528363189688
2024-08-15,0.015588135692171327
2024-08-16,0.002667890928873286
2024-08-19,0.010724712171636688
2024-08-20,-0.0029473361742563984
2024-08-21,0.0016178397305861392
2024-08-22,-0.014681202920168078
2024-08-23,0.013020003286686456
2024-08-26,-0.005056557393804509
2024-08-27,-0.00034110312530144857
2024-08-28,-0.008981692739206161
2024-08-29,-0.004279146151500988
2024-08-30,0.01087323935910983
2024-09-03,-0.03390944213572458
2024-09-04,-0.0039691252720087805
2024-09-05,0.00527917601705622
2024-09-06,-0.022146086053111472
2024-09-09,0.009016134794585486
2024-09-10,0.0018521894902517248
2024-09-11,0.017756320986776472
2024-09-12,0.008221108219459202
2024-09-13,0.0015744036035069682
2024-09-16,-0.0058774821681724515
2024-09-17,0.0027173514722357854
2024-09-18,-0.0011394029121007305
2024-09-19,0.026028178119022853
2024-09-20,-0.003581984883962
2024-09-23,0.0020006229687122195
2024-09-24,0.0067529219859381396
2024-09-25,0.0017530960156538586
2024-09-26,-0.0004035244412276521
2024-09-27,-0.001928168569218349
2024-09-30,0.00888239676750803
2024-10-01,-0.019896751081131005
2024-10-02,0.0001704720680932993
2024-10-03,0.0009915210478142517
2024-10-04,0.01621460100604254
2024-10-07,-0.015112218054074067
2024-10-08,0.01489766532859858
2024-10-09,0.005789239996473686
2024-10-10,0.0023712298358215113
2024-10-11,0.0014870576513623514
2024-10-14,0.011355018559789364
2024-10-15,-0.013340658817210095
2024-10-16,0.003549120939000285
2024-10-17,0.0006455543492188127
2024-10-18,0.007356887096110127
2024-10-21,0.008692111136053839
2024-10-22,0.00596579165909417
2024-10-23,-0.023789200548870473
2024-10-24,0.013817922680117186
2024-10-25,0.007898690791279375
2024-10-28,0.0020149443157006625
2024-10-29,0.005647419449124054
2024-10-30,-0.001485106811840963
2024-10-31,-0.039396881725275876
2024-11-01,0.006740076310595764
2024-11-04,-0.005208552979279719
2024-11-05,0.012579051341720552
2024-11-06,0.03656006852034772
2024-11-07,0.01255014698357734
2024-11-08,6.57592779283865e-05
2024-11-11,-0.0008093921432794711
2024-11-12,0.0030207280587683867
2024-11-13,0.0007854222863358103
2024-11-14,-0.003740171461640575
2024-11-15,-0.021183930014712617
2024-11-18,0.005202013522419847
2024-11-19,0.010999000895738359
2024-11-20,-0.0020380281275238117
2024-11-21,-0.006712144844444027
2024-11-22,-0.002485877277630075
2024-11-25,0.0005317049943159861
2024-11-26,0.012040538208477893
2024-11-27,-0.007239058817811785
2024-11-29,0.010902256671311936
2024-12-02,0.012076362225181487
2024-12-03,0.007236125942265779
2024-12-04,0.014439461977123381
2024-12-05,0.001900756109129511
2024-12-06,0.004072434048967614
2024-12-09,-0.0015279840751924508
2024-12-10,0.0037009182041911944
2024-12-11,0.020606847992320803
2024-12-12,-0.009655833935142417
2024-12-13,-0.0073712298771828125
2024-12-16,0.009995293880216949
2024-12-17,-0.0014270771012150558
2024-12-18,-0.042090230040926234
2024-12-19,0.0034661355005463773
2024-12-20,0.010779565022629901
2024-12-23,0.010987076380431551
2024-12-24,0.01327590126134017
2024-12-26,-0.0017352500722499008
2024-12-27,-0.016887667957381447
2024-12-30,-0.010049082649551618
2024-12-31,-0.009514457999670328
2025-01-02,-0.003649945657709814
2025-01-03,0.018443310687465034
2025-01-06,0.014762083429642464
2025-01-07,-0.020474893664351842
2025-01-08,-1.5409753750011338e-05
2025-01-10,-0.015563250678237698
2025-01-13,-0.0009548602633221669
2025-01-14,-0.004420401804090627
2025-01-15,0.027130045149489322
2025-01-16,-0.019651709494360386
2025-01-17,0.014350772893445392
2025-01-21,0.0023065031457492487
2025-01-22,0.013629005684688146
2025-01-23,0.003355478729563104
2025-01-24,-0.006658335854488429
2025-01-27,-0.029134787655345468
2025-01-28,0.023700233116985586
2025-01-29,-0.007621119554586558
2025-01-30,-0.0037925018109726035
2025-01-31,-0.004845948419967704
2025-02-03,-0.014861063314822157
2025-02-04,0.013194458899049162
2025-02-05,-0.0034981047988937855
2025-02-06,0.007801040597867946
2025-02-07,-0.015073174206024382
2025-02-10,0.005817710988206378
2025-02-11,0.00106477040434742
2025-02-12,-0.0021383811102812485
2025-02-13,0.015855193534255792
2025-02-14,0.004715586489077626
2025-02-18,-0.0028238849194737073
2025-02-19,0.00418931236410045
2025-02-20,-0.006679921010873754
2025-02-21,-0.027652343354931913
2025-02-24,-0.010099442975101097
2025-02-25,-0.014296763322701607
2025-02-26,-0.0011904407787286383
2025-02-27,-0.023848188627605987
2025-02-28,0.01603130123994145
2025-03-03,-0.02646316500479321
2025-03-04,-0.0029301823433315315
2025-03-05,0.00848767134102847
2025-03-06,-0.014743307796181956
2025-03-07,0.002823386667776275
2025-03-10,-0.03334256705551116
2025-03-11,-0.0015854219959990418
2025-03-12,0.008057006517741045
2025-03-13,-0.011915972956951704
2025-03-14,0.016862118350509665
2025-03-17,-0.0026403947412284886
2025-03-18,-0.010634805128720256
2025-03-19,0.009983508198398047
2025-03-20,6.356834978157245e-05
2025-03-21,0.007836581812598319
2025-03-24,0.01791350148393861
2025-03-25,0.00718665654149262
2025-03-26,-0.01756933354651503
2025-03-27,-0.0033976695046728333
2025-03-28,-0.022092075993594435
2025-03-31,0.0007006298940591046
2025-04-01,0.007659851588593661
2025-04-02,0.004621510352310413
2025-04-03,-0.05118371215966567
2025-04-04,-0.028279336705228104
2025-04-07,0.0004614147414738515
2025-04-08,-0.007232594992208932
2025-04-09,0.048818444810551614
2025-04-10,-0.017357965300010186
2025-04-11,0.009929439086878041
2025-04-14,0.00035217666809972794
2025-04-15,-0.0017244959554121714
2025-04-16,-0.015432347710079869
2025-04-17,-0.0069047752157563895
2025-04-21,-0.013237492899247643
2025-04-22,0.0118288449296636
2025-04-23,0.01221730987586861
2025-04-24,0.011720772412118278
2025-04-25,0.008429584735175022
2025-04-28,-0.0019209811259696405
2025-04-29,0.00150168437829536
2025-04-30,-0.0024014448602572257
2025-05-01,0.013128240999567019
2025-05-02,0.004384829675252128
2025-05-05,-0.007085229774984089
2025-05-06,-0.004693589547661317
2025-05-07,-0.0019286955443876801
2025-05-08,0.007557851615360345
2025-05-09,0.001127006011264293
2025-05-12,0.03678340077036687
2025-05-13,0.005995023190199115
2025-05-14,0.010336937105633466
2025-05-15,-0.009604273076005539
2025-05-16,0.005391588196843291
2025-05-19,0.0007657484090875067
2025-05-20,-0.005267533634241156
2025-05-21,-0.014663779330650105
2025-05-22,0.002840225257459766
2025-05-23,-0.01263346909679165
2025-05-27,0.023211833056921004
2025-05-28,-0.004020793001543592
2025-05-29,0.005857204791249806
2025-05-30,-0.0047494225242931875
2025-06-02,0.005639553836341158
2025-06-03,0.004541359996292623
2025-06-04,0.0006240358914292258
2025-06-05,-0.014338815491379218
2025-06-06,0.020242977295065856
2025-06-09,0.005656360302972067
2025-06-10,0.010353118149349373
2025-06-11,-0.007024248366776575
2025-06-12,0.004825259227444447
2025-06-13,-0.01111750819550369
2025-06-16,0.015325693801309074
2025-06-17,-0.008063507337300877
2025-06-18,0.002762457715246943
2025-06-20,-0.005218536575266984
2025-06-23,0.00863791624916962
2025-06-24,0.009073673637119027
2025-06-25,0.011191453105033772
2025-06-26,0.012383859092888791
2025-06-27,0.011378453433134575
2025-06-30,0.002392015694961694
2025-07-01,-0.006111285907567027
2025-07-02,0.01379336364368606
2025-07-03,0.01480504910132691
2025-07-07,-0.018195942684958406
2025-07-08,-0.002890897027698686
2025-07-09,0.010904507753581502
2025-07-10,0.007800713548452609
2025-07-11,0.004427669591474409
2025-07-14,-0.002888750377443304
2025-07-15,0.004799191857431964
2025-07-16,0.002059316610510919
2025-07-17,0.005378830999639136
2025-07-18,0.0021422903672822413
2025-07-21,0.007221508575108251
2025-07-22,-0.0041843161936823475
2025-07-23,0.011403442292689922
2025-07-24,0.00016241524564072167
2025-07-25,0.005391988326798238
2025-07-28,0.00822681710419193
2025-07-29,-0.013242425687003132
2025-07-30,0.002965330283563619
2025-07-31,0.002523250681205194
2025-08-01,-0.044903580583516706
2025-08-04,0.01455490600608139
2025-08-05,-0.0031961574904915205
2025-08-06,0.01593060508761993
2025-08-07,0.004692748775201827
2025-08-08,0.01776036423103758
2025-08-11,-0.002021668649446318
2025-08-12,0.012930021795972113
2025-08-13,0.0012730746108390153
2025-08-14,0.005295685621900115
2025-08-15,0.0017348397195052355
2025-08-18,0.000685275269997616
2025-08-19,-0.01675643107842007
2025-08-20,-0.010913866536371778
2025-08-21,-0.0031346935763376174
2025-08-22,0.023213775647667294
2025-08-25,0.0013079423749842137
2025-08-26,0.00462673777020156
2025-08-27,0.004165230308933908
2025-08-28,0.006354425684153397
2025-08-29,-0.010293073555736755
2025-09-02,-0.012209978033233516
2025-09-03,0.01982957916243476
2025-09-04,0.014243248959505832
2025-09-05,-0.013114945155549892
2025-09-08,0.0020840385736305513
2025-09-09,0.012391810060420354
2025-09-10,-0.004019424961574464
2025-09-11,0.01127184584965965
2025-09-12,0.013708746146057717
2025-09-15,0.01683141082287315
2025-09-16,0.0001873140886180384
2025-09-17,-0.004295467845682112
2025-09-18,0.0038125560636569204
2025-09-19,0.01714311966990981
2025-09-22,0.015127456111231879
2025-09-23,-0.015167097406273755
2025-09-24,-0.0017769527880927497
2025-09-25,-0.002320285727139568
2025-09-26,0.006485910862998989
2025-09-29,0.0032426618965123574
2025-09-30,0.0032894450000678526
2025-10-01,0.002870591930166461
2025-10-02,0.00013560352617961681
2025-10-03,-0.0008733260203572367
2025-10-06,0.01015561744477562
2025-10-07,-0.00865611718101122
2025-10-08,0.009558494022385514
2025-10-09,-0.0013116125406449858
2025-10-10,-0.05220650476890431
2025-10-13,0.016440652625330506
2025-10-14,-0.009911097928514996
2025-10-15,0.004761684523392668
2025-10-16,-0.004970228534656554
2025-10-17,0.007309712645654141
2025-10-20,0.01588988885276545
2025-10-21,-0.0026066204479430143
2025-10-22,-0.005981188532763574
2025-10-23,0.006604729569359763
2025-10-24,0.012611493205465342
2025-10-27,0.02351625683934525
2025-10-28,0.013866299381405251
2025-10-29,0.0082642222335282
2025-10-30,-0.020127738080741257
2025-10-31,0.006618719401046537
2025-11-03,0.0059397916513794944
2025-11-04,-0.01611717824281239
2025-11-05,0.0009021737482194508
2025-11-06,-0.01640770286787491
2025-11-07,-0.002417754631274722
2025-11-10,0.02246632718343078
2025-11-11,0.001533846060005181
2025-11-12,-0.004047283407241858
2025-11-13,-0.024471474030092182
2025-11-14,-0.00035261860892847374
2025-11-17,-0.007021238250752558
2025-11-18,-0.015508797953709361
2025-11-19,0.005322005490809175
2025-11-20,-0.015014051225364764
2025-11-21,0.006240236098442219
2025-11-24,0.019173428999711428
2025-11-25,0.004967281995420142
2025-11-26,0.006850202451651537
2025-11-28,0.006243352075738898
2025-12-01,-0.00012069095354816922
2025-12-02,0.005352594624624302
2025-12-03,-0.0004147319849297666
2025-12-04,0.002704184340027768
2025-12-05,-0.00019809535482678953
2025-12-08,-0.0029516055093394273
2025-12-09,-0.004002735725599144
2025-12-10,0.004321619676152438
2025-12-11,-0.0016109872109463163
2025-12-12,-0.010498302286527803
2025-12-15,-0.0041487758815828895
2025-12-16,5.210904397102289e-05
2025-12-17,-0.019411915524148254
2025-12-18,0.013580274586188663
2025-12-19,0.012341214749418685
2025-12-22,0.0055390889000576085
2025-12-23,0.013602754617062951
2025-12-24,0.0032954389932658827
2025-12-26,-0.00022908145487462658
2025-12-29,-0.007021518243290806
2025-12-30,-0.00010918390277856152
2025-12-31,-0.008204763603020537
2026-01-02,-0.003392373378765186
2026-01-05,0.009211357009937386
2026-01-06,-0.002980674151710393
2026-01-07,-0.0019678658732092415
2026-01-08,0.0011841786562138215
2026-01-09,0.005243162991775681
2026-01-12,-0.002818848228841635
2026-01-13,-0.009650469428206314
2026-01-14,-0.015684405013281014
2026-01-15,0.002210101266826644
2026-01-16,-0.002979360066073944
2026-01-20,-0.03715912896857641
2026-01-21,0.007994335364784297
2026-01-22,0.012485535250931785
2026-01-23,0.008032000002903354
2026-01-26,0.008012039316417235
2026-01-27,-0.0008637211233976426
2026-01-28,0.003621776929617916
2026-01-29,-0.009018580514426331
2026-01-30,-0.0035062481251045413
2026-02-02,0.0024178295487701034
2026-02-03,-0.011415704542533024
2026-02-04,-0.007551332191099815
2026-02-05,-0.024135873307573615
2026-02-06,0.014970897214102255
2026-02-09,0.008290690408971416
2026-02-10,-0.006090979505379618
2026-02-11,-0.004784957826395405
2026-02-12,-0.024911763817398812
2026-02-13,-0.008653869600035181
2026-02-17,0.00507101220216517
2026-02-18,0.008036407714782716
2026-02-19,-0.0028244258610526794
2026-02-20,0.011438890739822004
2026-02-23,-0.014037217319290965
2026-02-24,0.007940781096375261
2026-02-25,0.016327278767851682
2026-02-26,-0.012605509230204186
2026-02-27,-0.01546545863464893
2026-03-02,0.004916376063840672
2026-03-03,-0.003716070161128764
2026-03-04,0.008200831507049295
2026-03-05,-0.002178123732651135
2026-03-06,-0.0164902482717838
2026-03-09,0.009660072428320527
2026-03-10,0.0006748390704669846
2026-03-11,0.0030998166834368176
2026-03-12,-0.018098986978453205
2026-03-13,-0.01144444953329233
2026-03-16,0.013073413050328688
2026-03-17,0.004619150141063169
2026-03-18,-0.01424815133620452
2026-03-19,-0.007083655043239732
2026-03-20,-0.016492854119338277
2026-03-23,0.011152988574324514
2026-03-24,-0.007641564369437896
2026-03-25,0.006015879421227487
2026-03-26,-0.021744590159736798
2026-03-27,-0.02132097978235471
2026-03-30,-0.00109951166139135
2026-03-31,0.031319727132454234
2026-04-01,0.0059658855247002925
2026-04-02,-0.0004932494921233307
2026-04-06,0.005802802191740874
2026-04-07,0.0027273473355381704
2026-04-08,0.019073027196874832
2026-04-09,0.010507792674789731
2026-04-10,0.003957702035509458
2026-04-13,0.011391991514503083
2026-04-14,0.020406187626319593
2026-04-15,0.020791955989036832
2026-04-16,0.004023024045299596
2026-04-17,0.015091978062216304
2026-04-20,-0.0017852178076252802
2026-04-21,-0.005147305825533597
2026-04-22,0.021206343996949265
2026-04-23,-0.014557495580296736
2026-04-24,0.015611627491804735
2026-04-27,0.006751287641657576
2026-04-28,0.0029125345742838918
2026-04-29,-0.0038888161216426476
2026-04-30,-0.005519031155527221
2026-05-01,0.012478519487443978
2026-05-04,-0.003421025549073986
2026-05-05,0.00548651708702953
2026-05-06,0.023414946724078855
2026-05-07,0.0033716056250389856
2026-05-08,0.009456916167527167
2026-05-11,-3.330055252786317e-05
2026-05-12,0.002281965044753659
2026-05-13,0.01878392433420677
2026-05-14,0.009117405778977445
2026-05-15,-0.008100370984003255
2026-05-18,-0.004493485594042971
2026-05-19,-0.014637994958173323
2026-05-20,0.01260260903723868
2026-05-21,-0.00015536913791500755
2026-05-22,0.0005438498411554718
2026-05-26,-0.0035585809105822446
2026-05-27,0.0025012367906002498
2026-05-28,0.010869375408273011
2026-05-29,0.0011318549909887423
2026-06-01,-0.0004802679499802884
2026-06-02,-0.008477121410112302
2026-06-03,-0.021039493106152093
2026-06-04,0.018497221249230825
2026-06-05,-0.034750060497278405
2026-06-08,-0.0019523894835291097
2026-06-09,-0.012083864402240232
2026-06-10,-0.01579439539910459
2026-06-11,0.006404038024411166
2026-06-12,0.00016940590093871363
2026-06-15,0.01854117315737178
2026-06-16,0.0003921583105235206
2026-06-17,-0.02154810343234207
2026-06-18,0.007262267379080412
2026-06-22,-0.013966792680280308
2026-06-23,-0.006826427405705533
2026-06-24,-0.007489256995134787
2026-06-25,-0.0219929860477135
2026-06-26,0.010801480865975465
2026-06-29,0.009094263963394154
2026-06-30,0.010239013291899267
2026-07-01,0.015130391628712199
2026-07-02,0.0034997164282327986
2026-07-06,0.009035055506384854
2026-07-07,0.004330203971991908
2026-07-08,-0.0027329452837922315
2026-07-09,0.007063171167902975
2026-07-10,0.00847545911315903
2026-07-13,-0.00346991125058006
2026-07-14,0.008115936675725523
2026-07-15,0.024445246775796296
2026-07-16,-0.007844169703929267
2026-07-17,-0.014319782290522278
2026-07-20,-0.0006462388960087749
2026-07-21,0.006412508766352295
2026-07-22,-0.0047891823622186755
2026-07-23,-0.03694475918942358
2026-07-24,0.0037220713513500753
2026-07-27,-0.0014872310874294282
2026-07-28,0.006218262904283867
2026-07-29,-0.013865449079431724
2026-07-30,0.02372843293069015
2026-07-31,0.014721579971361908
