Date,0
2020-01-03,
2020-01-06,
2020-01-07,
2020-01-08,
2020-01-09,
2020-01-10,
2020-01-13,
2020-01-14,
2020-01-15,
2020-01-16,
2020-01-17,
2020-01-21,
2020-01-22,
2020-01-23,
2020-01-24,
2020-01-27,
2020-01-28,
2020-01-29,
2020-01-30,
2020-01-31,
2020-02-03,
2020-02-04,
2020-02-05,
2020-02-06,
2020-02-07,
2020-02-10,
2020-02-11,
2020-02-12,
2020-02-13,
2020-02-14,0.17098414532725426
2020-02-18,0.16903690172526986
2020-02-19,0.17296021005722384
2020-02-20,0.17846214953452913
2020-02-21,0.19044308964555406
2020-02-24,0.25075781776601097
2020-02-25,0.2700675965365083
2020-02-26,0.2652023865924279
2020-02-27,0.3195401450542323
2020-02-28,0.32146177300257395
2020-03-02,0.3589560718319312
2020-03-03,0.37361014548169286
2020-03-04,0.39233371617311
2020-03-05,0.40540899934717317
2020-03-06,0.4106696433020233
2020-03-09,0.47850980739112736
2020-03-10,0.5051590252237511
2020-03-11,0.5122209674200527
2020-03-12,0.5856847095848088
2020-03-13,0.6442172111520633
2020-03-16,0.7668438774930143
2020-03-17,0.7817892598346705
2020-03-18,0.7917587537790973
2020-03-19,0.8049658470882243
2020-03-20,0.8062185056945723
2020-03-23,0.8056663920044002
2020-03-24,0.8683073508697902
2020-03-25,0.869844884849027
2020-03-26,0.8829343861524266
2020-03-27,0.8877604831525691
2020-03-30,0.8949482265434533
2020-03-31,0.8936211638184776
2020-04-01,0.8974282976971449
2020-04-02,0.9009719264405136
2020-04-03,0.9007878866188463
2020-04-06,0.9198883284650964
2020-04-07,0.916764766624556
2020-04-08,0.9227763047729491
2020-04-09,0.9068630699769363
2020-04-13,0.9080524120835932
2020-04-14,0.8995213857970422
2020-04-15,0.8937252901923847
2020-04-16,0.8863994571559978
2020-04-17,0.8819738000029834
2020-04-20,0.8808631759440576
2020-04-21,0.8495657868634852
2020-04-22,0.8410425425966629
2020-04-23,0.8327412380094471
2020-04-24,0.7703661770025554
2020-04-27,0.7338021800994392
2020-04-28,0.5770549442849532
2020-04-29,0.5691639186320706
2020-04-30,0.5222241352934652
2020-05-01,0.5374128152099175
2020-05-04,0.5228187374297462
2020-05-05,0.5183383131987419
2020-05-06,0.44085416869409366
2020-05-07,0.4407516567697811
2020-05-08,0.4263616555560949
2020-05-11,0.40126749287248753
2020-05-12,0.40121911133270777
2020-05-13,0.4086457175395149
2020-05-14,0.37442013318974837
2020-05-15,0.3735274371294509
2020-05-18,0.36893778030902286
2020-05-19,0.32311882948693704
2020-05-20,0.3263896673029376
2020-05-21,0.32021413457876596
2020-05-22,0.32000272751908376
2020-05-26,0.3177526848341415
2020-05-27,0.3055233503803463
2020-05-28,0.30628425279244165
2020-05-29,0.30565051320596537
2020-06-01,0.3047459486910554
2020-06-02,0.2966546546768989
2020-06-03,0.2660922055492515
2020-06-04,0.2553684159664706
2020-06-05,0.26630366972119274
2020-06-08,0.265220359147468
2020-06-09,0.2639004492880575
2020-06-10,0.2556967310083678
2020-06-11,0.30266202544609877
2020-06-12,0.30274948526154644
2020-06-15,0.2724870568866238
2020-06-16,0.2687675827775767
2020-06-17,0.26895902399953053
2020-06-18,0.269007058266131
2020-06-19,0.2694043015980966
2020-06-22,0.26645773188038024
2020-06-23,0.26718182513879607
2020-06-24,0.2756964498570795
2020-06-25,0.268446125229041
2020-06-26,0.2951233474526536
2020-06-29,0.2973959244675591
2020-06-30,0.2973749780753869
2020-07-01,0.29742157311480566
2020-07-02,0.2930824125553919
2020-07-06,0.3051993664795436
2020-07-07,0.30796741737206873
2020-07-08,0.3088665589774954
2020-07-09,0.30891267632623154
2020-07-10,0.3098900279785061
2020-07-13,0.31430605918095933
2020-07-14,0.3138915147226495
2020-07-15,0.31415241245247866
2020-07-16,0.3154846444192286
2020-07-17,0.3141506938941568
2020-07-20,0.3110491037581655
2020-07-21,0.3106305671285729
2020-07-22,0.31049403293054384
2020-07-23,0.3222151158165393
2020-07-24,0.2657129492006504
2020-07-27,0.268770216886658
2020-07-28,0.27112503304886665
2020-07-29,0.2723629840914912
2020-07-30,0.27285905315134806
2020-07-31,0.27479705027488643
2020-08-03,0.27564323371109867
2020-08-04,0.27468682822974844
2020-08-05,0.2742741442652816
2020-08-06,0.25931879696579885
2020-08-07,0.25836918026191275
2020-08-10,0.22269374565332722
2020-08-11,0.2271710685243867
2020-08-12,0.23286128463083522
2020-08-13,0.23156785841566158
2020-08-14,0.23061322465341247
2020-08-17,0.2135266859251842
2020-08-18,0.21036461664831257
2020-08-19,0.2103765904055346
2020-08-20,0.21227844327231704
2020-08-21,0.20700507880398455
2020-08-24,0.20084572373322465
2020-08-25,0.1987238768807682
2020-08-26,0.2028939618387828
2020-08-27,0.2003945593866388
2020-08-28,0.1988419427101354
2020-08-31,0.1894032673264966
2020-09-01,0.1871563936878232
2020-09-02,0.18686606099186945
2020-09-03,0.22635130179249466
2020-09-04,0.22615374981599878
2020-09-08,0.292692249335735
2020-09-09,0.30243671903934344
2020-09-10,0.3072340649213975
2020-09-11,0.30746919638322123
2020-09-14,0.3116672960662644
2020-09-15,0.3111289427493789
2020-09-16,0.31431908835570227
2020-09-17,0.317903913213136
2020-09-18,0.3162693434662144
2020-09-21,0.31583625035358043
2020-09-22,0.31598743518567785
2020-09-23,0.33289032538419366
2020-09-24,0.3205662409298106
2020-09-25,0.3298083725890508
2020-09-28,0.33374646841032785
2020-09-29,0.3310404612103785
2020-09-30,0.33202371832128846
2020-10-01,0.3330099590304803
2020-10-02,0.33879292478025297
2020-10-05,0.3455118443440567
2020-10-06,0.3482662898128436
2020-10-07,0.3514929691000199
2020-10-08,0.34832611329644475
2020-10-09,0.34985126707903325
2020-10-12,0.3589142397919099
2020-10-13,0.35726950689367376
2020-10-14,0.3570417162908442
2020-10-15,0.3560780878288177
2020-10-16,0.3264588735398179
2020-10-19,0.33104899275752536
2020-10-20,0.2762242877134075
2020-10-21,0.25955807561844424
2020-10-22,0.2529326007016779
2020-10-23,0.2523415385096946
2020-10-26,0.2510594433805664
2020-10-27,0.24997086344047856
2020-10-28,0.28153197902346905
2020-10-29,0.284994463873761
2020-10-30,0.2930357308009556
2020-11-02,0.29458866346505064
2020-11-03,0.30058529176225796
2020-11-04,0.2974673785735581
2020-11-05,0.30254732516535343
2020-11-06,0.29624753135562376
2020-11-09,0.29311064486472216
2020-11-10,0.2982616018974829
2020-11-11,0.29923110054687774
2020-11-12,0.29949450881526485
2020-11-13,0.28819532909841966
2020-11-16,0.28243240363338135
2020-11-17,0.27587112539699427
2020-11-18,0.2734120006910232
2020-11-19,0.27246982656439567
2020-11-20,0.27449865267912815
2020-11-23,0.264829136567449
2020-11-24,0.27355289374799036
2020-11-25,0.2724660193636692
2020-11-27,0.27188420147922765
2020-11-30,0.27413035385351076
2020-12-01,0.2688944966551426
2020-12-02,0.269039015873044
2020-12-03,0.26913877168494166
2020-12-04,0.26873181961335946
2020-12-07,0.2688757287920817
2020-12-08,0.2602306880044871
2020-12-09,0.2700847011714286
2020-12-10,0.22606883803142352
2020-12-11,0.22160460321233771
2020-12-14,0.20464841769796574
2020-12-15,0.20449564693005076
2020-12-16,0.19855602602619973
2020-12-17,0.1671834375639661
2020-12-18,0.15657414461526495
2020-12-21,0.15602985478120435
2020-12-22,0.15746155670573514
2020-12-23,0.14652745300612188
2020-12-24,0.14234517687766637
2020-12-28,0.1443987656637189
2020-12-29,0.14502095770114246
2020-12-30,0.14243994372236252
2020-12-31,0.14244269295719386
2021-01-04,0.14417688711592927
2021-01-05,0.14609777655346545
2021-01-06,0.140638712009207
2021-01-07,0.16037420328853633
2021-01-08,0.14893597031407854
2021-01-11,0.1567267359710824
2021-01-12,0.1565573501639988
2021-01-13,0.15067324370152696
2021-01-14,0.1468367202045066
2021-01-15,0.151232657381734
2021-01-19,0.15622831841855125
2021-01-20,0.16613673241550733
2021-01-21,0.16632826153536007
2021-01-22,0.16697627026143178
2021-01-25,0.1517938847222822
2021-01-26,0.15222259075365477
2021-01-27,0.17143085484794823
2021-01-28,0.17149233097841332
2021-01-29,0.18427005057180662
2021-02-01,0.19429181456141925
2021-02-02,0.1991758924636879
2021-02-03,0.19954027849399525
2021-02-04,0.1989317504413629
2021-02-05,0.19754715904024742
2021-02-08,0.19899414556122685
2021-02-09,0.1998496983022027
2021-02-10,0.19645929666688483
2021-02-11,0.19609436210095765
2021-02-12,0.19598985043164838
2021-02-16,0.19600686180072938
2021-02-17,0.19407986266486119
2021-02-18,0.19419809361402648
2021-02-19,0.19478552740481136
2021-02-22,0.183900428623475
2021-02-23,0.18152902809679716
2021-02-24,0.17996408293137028
2021-02-25,0.2122432090702201
2021-02-26,0.2116341305775796
2021-03-01,0.22462070060119183
2021-03-02,0.22733882526879984
2021-03-03,0.2309827227595235
2021-03-04,0.22232753652809603
2021-03-05,0.22529136337223332
2021-03-08,0.23751204163427278
2021-03-09,0.2654193952466037
2021-03-10,0.2654511946324319
2021-03-11,0.2615474964590136
2021-03-12,0.2621649042331844
2021-03-15,0.2527474077502884
2021-03-16,0.2450167248811978
2021-03-17,0.2408995690276977
2021-03-18,0.25232147225879414
2021-03-19,0.25247664879749615
2021-03-22,0.25370809852401255
2021-03-23,0.2513453053920074
2021-03-24,0.253741380717292
2021-03-25,0.2537166115796105
2021-03-26,0.25516447947131066
2021-03-29,0.25527254795575327
2021-03-30,0.2549376226218834
2021-03-31,0.2581600274016502
2021-04-01,0.26165210720372184
2021-04-05,0.26715667970511014
2021-04-06,0.26214038548563656
2021-04-07,0.26300464753316094
2021-04-08,0.26096027925183657
2021-04-09,0.23454019353343325
2021-04-12,0.2346588146517057
2021-04-13,0.22523355371022546
2021-04-14,0.22312846123857005
2021-04-15,0.21736784611174675
2021-04-16,0.21545115446523314
2021-04-19,0.2170670944918029
2021-04-20,0.1998930861860785
2021-04-21,0.16928078305276498
2021-04-22,0.17946906540432211
2021-04-23,0.1756700509094523
2021-04-26,0.17452922988503397
2021-04-27,0.1755040380210389
2021-04-28,0.17531290093806895
2021-04-29,0.17656506326619564
2021-04-30,0.1565162144166146
2021-05-03,0.15750814891675374
2021-05-04,0.1620243408110254
2021-05-05,0.16113024760443734
2021-05-06,0.155567792114419
2021-05-07,0.15534125750581043
2021-05-10,0.17368466951139233
2021-05-11,0.17708042815058653
2021-05-12,0.19021931732474479
2021-05-13,0.18717828794820102
2021-05-14,0.19382816197234834
2021-05-17,0.18551980105802726
2021-05-18,0.18778463620523553
2021-05-19,0.1864556626767151
2021-05-20,0.19024597806843727
2021-05-21,0.18839065221731832
2021-05-24,0.19687586753214245
2021-05-25,0.1926793662299414
2021-05-26,0.18914394983096028
2021-05-27,0.18127106639851742
2021-05-28,0.1813129923116919
2021-06-01,0.17904636065197718
2021-06-02,0.1779898743428394
2021-06-03,0.17805680002031005
2021-06-04,0.17575549531760196
2021-06-07,0.17047665546795734
2021-06-08,0.1699023183764132
2021-06-09,0.16938346628633097
2021-06-10,0.16979284527565375
2021-06-11,0.1670510301386558
2021-06-14,0.1669370394331363
2021-06-15,0.1671031207951023
2021-06-16,0.16274230978644832
2021-06-17,0.163734971888738
2021-06-18,0.16573083340540565
2021-06-21,0.16678769429673343
2021-06-22,0.1518096588956873
2021-06-23,0.14834274995919094
2021-06-24,0.12866601214785242
2021-06-25,0.12962680388365544
2021-06-28,0.11830659899773684
2021-06-29,0.1185547549098153
2021-06-30,0.1115508446995149
2021-07-01,0.10968995582054694
2021-07-02,0.10729833516987178
2021-07-06,0.10691494914272351
2021-07-07,0.09538664949308748
2021-07-08,0.09893519774549034
2021-07-09,0.10099316225183878
2021-07-12,0.10257985273440798
2021-07-13,0.10461004940128661
2021-07-14,0.10727065017369275
2021-07-15,0.11206639612127947
2021-07-16,0.1182961318276102
2021-07-19,0.11923147328880838
2021-07-20,0.12332200940899998
2021-07-21,0.12710993841204696
2021-07-22,0.12694631655077324
2021-07-23,0.1290942125788049
2021-07-26,0.12946839292861942
2021-07-27,0.1335812752056426
2021-07-28,0.13272592186494567
2021-07-29,0.1325745111325271
2021-07-30,0.13767724115650695
2021-08-02,0.13273830452478197
2021-08-03,0.13172491847913237
2021-08-04,0.1288447285942113
2021-08-05,0.12849888314106014
2021-08-06,0.12776738897161904
2021-08-09,0.12751792729311198
2021-08-10,0.12342369502558044
2021-08-11,0.1235513665187758
2021-08-12,0.1251132259163755
2021-08-13,0.12434878150150445
2021-08-16,0.12080359469763932
2021-08-17,0.12659542710579016
2021-08-18,0.12913513291955883
2021-08-19,0.1276418505213659
2021-08-20,0.1302224868884534
2021-08-23,0.13902492183940401
2021-08-24,0.13840225098300804
2021-08-25,0.13744274813084162
2021-08-26,0.1361027568816111
2021-08-27,0.1319963261509022
2021-08-30,0.124788000275231
2021-08-31,0.12271989681739427
2021-09-01,0.119289715690258
2021-09-02,0.119142415104387
2021-09-03,0.11617273323234038
2021-09-07,0.11589198543625892
2021-09-08,0.11264613630430328
2021-09-09,0.11309242634352815
2021-09-10,0.11819168271607194
2021-09-13,0.11281212918724547
2021-09-14,0.11342589465271426
2021-09-15,0.11536832747407041
2021-09-16,0.11572411948673313
2021-09-17,0.11997046115159381
2021-09-20,0.14344083664851295
2021-09-21,0.14362431282943489
2021-09-22,0.1462269508815306
2021-09-23,0.15019721573295644
2021-09-24,0.14956543106802653
2021-09-27,0.1495669626324853
2021-09-28,0.16553305005632024
2021-09-29,0.1610984737027331
2021-09-30,0.16064525508013033
2021-10-01,0.16433910854376815
2021-10-04,0.1698967030503454
2021-10-05,0.16557311929508403
2021-10-06,0.16604370296954613
2021-10-07,0.16796552925091474
2021-10-08,0.16698783235022152
2021-10-11,0.16368700206670717
2021-10-12,0.16143103306078393
2021-10-13,0.1615370805678671
2021-10-14,0.17257222649881612
2021-10-15,0.1758965783369127
2021-10-18,0.17875010981785827
2021-10-19,0.17897151605336195
2021-10-20,0.1778336732087336
2021-10-21,0.17829541485307623
2021-10-22,0.17634356800812698
2021-10-25,0.18049175665714057
2021-10-26,0.18135714857018675
2021-10-27,0.17955165058297892
2021-10-28,0.18229985238950855
2021-10-29,0.17902408319686688
2021-11-01,0.15608919150234832
2021-11-02,0.15642292469125907
2021-11-03,0.1563166359012154
2021-11-04,0.15923669504740454
2021-11-05,0.15918632610977934
2021-11-08,0.1594130991703136
2021-11-09,0.1439441741339427
2021-11-10,0.15211830069849736
2021-11-11,0.14782629884748727
2021-11-12,0.1459087037150606
2021-11-15,0.1299402542625609
2021-11-16,0.12643333016030353
2021-11-17,0.1271587622917062
2021-11-18,0.13008108970881746
2021-11-19,0.12986437833276315
2021-11-22,0.12818201308838767
2021-11-23,0.1263453428451041
2021-11-24,0.12612922102544125
2021-11-26,0.1511013910716411
2021-11-29,0.16020899690038068
2021-11-30,0.16655554820033688
2021-12-01,0.17499115848867347
2021-12-02,0.17547716632388058
2021-12-03,0.18503544187621024
2021-12-06,0.18530303678889715
2021-12-07,0.19720113702147407
2021-12-08,0.19613928199376607
2021-12-09,0.20029978405615348
2021-12-10,0.19759688449443594
2021-12-13,0.20570826593767724
2021-12-14,0.20572923149766936
2021-12-15,0.21556046850497812
2021-12-16,0.22515928548261518
2021-12-17,0.22014254303605724
2021-12-20,0.2228207343839833
2021-12-21,0.2345782235142014
2021-12-22,0.23730200854782169
2021-12-23,0.23561260703139833
2021-12-27,0.2404901500471173
2021-12-28,0.240225849012814
2021-12-29,0.24036755598175344
2021-12-30,0.24073036922204924
2021-12-31,0.24178666386594255
2022-01-03,0.24962126513222505
2022-01-04,0.25065177158815305
2022-01-05,0.26444644151403807
2022-01-06,0.2644329828460504
2022-01-07,0.26465897031000174
2022-01-10,0.2518549839395085
2022-01-11,0.24583380939967114
2022-01-12,0.24325520846092633
2022-01-13,0.2516581672013239
2022-01-14,0.2511980449277733
2022-01-18,0.25420891250365835
2022-01-19,0.2541941115268839
2022-01-20,0.23959368877713222
2022-01-21,0.24986748953408275
2022-01-24,0.24905904414999108
2022-01-25,0.25023168083547087
2022-01-26,0.2467917795407165
2022-01-27,0.249106720403465
2022-01-28,0.25308732267360634
2022-01-31,0.2659756847843039
2022-02-01,0.2668461962811276
2022-02-02,0.2655946732198082
2022-02-03,0.3012700295316374
2022-02-04,0.30552621985455447
2022-02-07,0.3040748052183336
2022-02-08,0.2998812310232232
2022-02-09,0.30575929122620316
2022-02-10,0.31035750664103473
2022-02-11,0.31908074661680197
2022-02-14,0.31914404062536184
2022-02-15,0.31642198726200454
2022-02-16,0.3163521026353468
2022-02-17,0.319199033721356
2022-02-18,0.3203310044501671
2022-02-22,0.3213764361185724
2022-02-23,0.32709846782437524
2022-02-24,0.33411675814199426
2022-02-25,0.3389391078275331
2022-02-28,0.3327669199556851
2022-03-01,0.33415734558614046
2022-03-02,0.3342182898431757
2022-03-03,0.3348832417641545
2022-03-04,0.3343784923279877
2022-03-07,0.34112872884602174
2022-03-08,0.34082954207385985
2022-03-09,0.351674217840142
2022-03-10,0.35101267078018505
2022-03-11,0.35468635919681374
2022-03-14,0.3479404141136832
2022-03-15,0.34183589310603035
2022-03-16,0.3558295795461448
2022-03-17,0.3578804773131191
2022-03-18,0.32805628632670847
2022-03-21,0.3215644430815737
2022-03-22,0.32538233490196883
2022-03-23,0.3255641593223473
2022-03-24,0.32832628873364755
2022-03-25,0.3224981953718081
2022-03-28,0.3117046934332499
2022-03-29,0.31221451862571054
2022-03-30,0.30718538448088484
2022-03-31,0.31329770987494926
2022-04-01,0.296379003005863
2022-04-04,0.29779122530845886
2022-04-05,0.30063179384758193
2022-04-06,0.29826145313643443
2022-04-07,0.2908430761744926
2022-04-08,0.2884646377035017
2022-04-11,0.30260904222499924
2022-04-12,0.2989726837834809
2022-04-13,0.2974724962181708
2022-04-14,0.3012439715993311
2022-04-18,0.3009954548977944
2022-04-19,0.28241405966290156
2022-04-20,0.28873000864443227
2022-04-21,0.28334795922842343
2022-04-22,0.29367587882751256
2022-04-25,0.2863354225378895
2022-04-26,0.3081595814454499
2022-04-27,0.2981528591864607
2022-04-28,0.31071329331722525
2022-04-29,0.33172738928021955
2022-05-02,0.33040203940556245
2022-05-03,0.33049253102809806
2022-05-04,0.342460732034753
2022-05-05,0.3721293663038577
2022-05-06,0.3633315951109526
2022-05-09,0.3859073748887768
2022-05-10,0.385022525062932
2022-05-11,0.38818187478382393
2022-05-12,0.38808066039550393
2022-05-13,0.40795258602558676
2022-05-16,0.4074393077994871
2022-05-17,0.4114182333550397
2022-05-18,0.4283038869014692
2022-05-19,0.4257165391595311
2022-05-20,0.4248968090993483
2022-05-23,0.43369240600665837
2022-05-24,0.43212895260315015
2022-05-25,0.43733792589299686
2022-05-26,0.4448105352542027
2022-05-27,0.4541699861040712
2022-05-31,0.45292081428736486
2022-06-01,0.44871932842071577
2022-06-02,0.4551699945316449
2022-06-03,0.4591318857422633
2022-06-06,0.454619878007506
2022-06-07,0.45514410707420083
2022-06-08,0.437973597293197
2022-06-09,0.4452587690190165
2022-06-10,0.43689252404536955
2022-06-13,0.4420588344371306
2022-06-14,0.4365542371017873
2022-06-15,0.44479073916880374
2022-06-16,0.44159069818840996
2022-06-17,0.4199289100816107
2022-06-21,0.43574345740619663
2022-06-22,0.41203479215790334
2022-06-23,0.4113743639700935
2022-06-24,0.41565794450196486
2022-06-27,0.41526082341792453
2022-06-28,0.4078762910291356
2022-06-29,0.40716718796510754
2022-06-30,0.4012427697409597
2022-07-01,0.37749243012165373
2022-07-05,0.3804535834132213
2022-07-06,0.380185277014559
2022-07-07,0.38150907918460586
2022-07-08,0.372762878779904
2022-07-11,0.37796737916028794
2022-07-12,0.3684078170958205
2022-07-13,0.35420210365705757
2022-07-14,0.35413161176245067
2022-07-15,0.36317380343131306
2022-07-18,0.35270866260856254
2022-07-19,0.3577783927941464
2022-07-20,0.35957864770203524
2022-07-21,0.3610947290157768
2022-07-22,0.3669953438145326
2022-07-25,0.35822705045466163
2022-07-26,0.34664663037549737
2022-07-27,0.336522765828493
2022-07-28,0.3364761318146647
2022-07-29,0.3370356207909386
2022-08-01,0.3112571470155441
2022-08-02,0.3120456271038356
2022-08-03,0.3022016916529197
2022-08-04,0.30126692949166567
2022-08-05,0.30306683635790316
2022-08-08,0.2891776714929851
2022-08-09,0.2894705375162472
2022-08-10,0.28566942512611454
2022-08-11,0.2861728582256384
2022-08-12,0.28225516699311415
2022-08-15,0.28225589978101595
2022-08-16,0.28139510260726797
2022-08-17,0.2845114047769241
2022-08-18,0.2773591621851882
2022-08-19,0.28683254502443145
2022-08-22,0.2839265325674657
2022-08-23,0.2813794055162417
2022-08-24,0.2808076190138414
2022-08-25,0.282850297073251
2022-08-26,0.3057288762302501
2022-08-29,0.3067068635472273
2022-08-30,0.2958420800277741
2022-08-31,0.29329920360040984
2022-09-01,0.2899762197382321
2022-09-02,0.2845442560940736
2022-09-06,0.28483741094808246
2022-09-07,0.27993727193737744
2022-09-08,0.24528764299139905
2022-09-09,0.2529389992501263
2022-09-12,0.24275848881273093
2022-09-13,0.294602202384266
2022-09-14,0.29578932813302417
2022-09-15,0.2882612364143344
2022-09-16,0.2883875886091685
2022-09-19,0.29033563903290066
2022-09-20,0.2907241347602965
2022-09-21,0.29477524190330007
2022-09-22,0.2779733853656404
2022-09-23,0.2825908228703476
2022-09-26,0.2697238419225906
2022-09-27,0.26899889674442123
2022-09-28,0.2814891865448091
2022-09-29,0.28999082118008307
2022-09-30,0.28948632340605374
2022-10-03,0.29480748112234284
2022-10-04,0.3086182337260412
2022-10-05,0.3081723755975702
2022-10-06,0.3075862955191337
2022-10-07,0.3184942050352288
2022-10-10,0.30043122181602794
2022-10-11,0.302061818591306
2022-10-12,0.3012663140162092
2022-10-13,0.31500316380169857
2022-10-14,0.3246992547268199
2022-10-17,0.34993368925907126
2022-10-18,0.3509934056692384
2022-10-19,0.34676777517808544
2022-10-20,0.3455395841298224
2022-10-21,0.34703611156200975
2022-10-24,0.3450066639243283
2022-10-25,0.31037942519410494
2022-10-26,0.3196296826966232
2022-10-27,0.3352262822479096
2022-10-28,0.3425553877341157
2022-10-31,0.3427300480413633
2022-11-01,0.342803601624849
2022-11-02,0.35079321269195424
2022-11-03,0.3514507845861181
2022-11-04,0.3506471795220411
2022-11-07,0.35158437307343066
2022-11-08,0.35148398472466136
2022-11-09,0.3520138714347915
2022-11-10,0.40400272951562116
2022-11-11,0.40417969190855657
2022-11-14,0.40226935909173184
2022-11-15,0.3919381162098326
2022-11-16,0.39372622087195625
2022-11-17,0.3939028629975748
2022-11-18,0.37466209963425856
2022-11-21,0.3775890669708271
2022-11-22,0.37764179707240986
2022-11-23,0.38038479125041624
2022-11-25,0.37315983438009537
2022-11-28,0.3650380086715127
2022-11-29,0.34461932000723816
2022-11-30,0.37321329448645907
2022-12-01,0.37327507336983506
2022-12-02,0.3726615688837055
2022-12-05,0.372220323676053
2022-12-06,0.37794898579763386
2022-12-07,0.3719672145336251
2022-12-08,0.36599425718495265
2022-12-09,0.349397259869927
2022-12-12,0.3440430517118348
2022-12-13,0.34255412943531277
2022-12-14,0.3421604160332035
2022-12-15,0.3392676485522768
2022-12-16,0.33864401634792957
2022-12-19,0.3385251522678332
2022-12-20,0.3373056836556761
2022-12-21,0.34005993625261366
2022-12-22,0.3437308522199131
2022-12-23,0.2684840055264888
2022-12-27,0.2699056771809742
2022-12-28,0.26943719420691425
2022-12-29,0.28304822860878154
2022-12-30,0.28184549682204724
2023-01-03,0.2848212141365427
2023-01-04,0.28535578835276587
2023-01-05,0.283897802466195
2023-01-06,0.2865812863729722
2023-01-09,0.2837774515736648
2023-01-10,0.28603099724446407
2023-01-11,0.29089133135582357
2023-01-12,0.292057626477637
2023-01-13,0.25228142714119006
2023-01-17,0.2534141777749939
2023-01-18,0.25671203736794695
2023-01-19,0.2498454015394435
2023-01-20,0.25652189032105677
2023-01-23,0.264648745831698
2023-01-24,0.26224305058187414
2023-01-25,0.26214187199894434
2023-01-26,0.2752542148422933
2023-01-27,0.2791573435524313
2023-01-30,0.29014581731942257
2023-01-31,0.2795041215294687
2023-02-01,0.27991995279280685
2023-02-02,0.2947273797821592
2023-02-03,0.29793318846293776
2023-02-06,0.29754579501859496
2023-02-07,0.2799327199095038
2023-02-08,0.28662867851289
2023-02-09,0.27416734837006185
2023-02-10,0.27396932109732836
2023-02-13,0.26679287883682934
2023-02-14,0.2669130685314772
2023-02-15,0.25732429967254383
2023-02-16,0.2714704664541467
2023-02-17,0.2654902088401515
2023-02-21,0.2753295946837677
2023-02-22,0.2750455022716094
2023-02-23,0.27708475369863667
2023-02-24,0.27803459851627654
2023-02-27,0.2779447943571673
2023-02-28,0.27791604197817055
2023-03-01,0.2801911620382799
2023-03-02,0.2743892627066826
2023-03-03,0.28037944110232094
2023-03-06,0.26994303394762764
2023-03-07,0.2682229844071278
2023-03-08,0.26830304037064656
2023-03-09,0.27823846443363565
2023-03-10,0.26597301419482605
2023-03-13,0.2600921891155055
2023-03-14,0.26102897150479526
2023-03-15,0.2555221675348673
2023-03-16,0.26207114681062355
2023-03-17,0.23469162020498105
2023-03-20,0.23269197071488257
2023-03-21,0.24503062784339935
2023-03-22,0.23909772311704058
2023-03-23,0.23624444970119238
2023-03-24,0.23476477585505226
2023-03-27,0.23369402273053216
2023-03-28,0.2321957159730333
2023-03-29,0.2337829789172813
2023-03-30,0.23448717233294014
2023-03-31,0.22915358330718108
2023-04-03,0.22826173893471707
2023-04-04,0.21587466108499218
2023-04-05,0.21786340559280223
2023-04-06,0.2143502560570938
2023-04-10,0.20909667336552373
2023-04-11,0.20949859109402225
2023-04-12,0.2119543379646987
2023-04-13,0.21557054584278634
2023-04-14,0.21564058994600527
2023-04-17,0.20600365410711854
2023-04-18,0.2058765385758004
2023-04-19,0.20014724055846966
2023-04-20,0.20739509757245575
2023-04-21,0.19246514089362857
2023-04-24,0.1894736617304625
2023-04-25,0.19967113398146416
2023-04-26,0.18287305622810068
2023-04-27,0.20775561826097344
2023-04-28,0.19444981601959746
2023-05-01,0.19060201476363017
2023-05-02,0.19503489310676242
2023-05-03,0.18237960944906645
2023-05-04,0.1781728668615825
2023-05-05,0.1888124555769029
2023-05-08,0.18886866740280905
2023-05-09,0.18992220223154235
2023-05-10,0.18956516113335628
2023-05-11,0.18605831440776724
2023-05-12,0.1869065395677977
2023-05-15,0.18000764405942624
2023-05-16,0.17958684040598405
2023-05-17,0.18716057040091927
2023-05-18,0.18934823588044442
2023-05-19,0.1885517149169266
2023-05-22,0.18819810717745386
2023-05-23,0.19010632825271204
2023-05-24,0.1874370378828175
2023-05-25,0.19375289263386936
2023-05-26,0.2005027452521146
2023-05-30,0.20018616552358787
2023-05-31,0.20271530569768528
2023-06-01,0.20657616595769393
2023-06-02,0.19852278139301066
2023-06-05,0.1988264608969276
2023-06-06,0.19872650815484277
2023-06-07,0.19504160504902981
2023-06-08,0.19652154060631813
2023-06-09,0.17285593030188165
2023-06-12,0.17432864301927192
2023-06-13,0.17411606815018876
2023-06-14,0.16824883260599163
2023-06-15,0.1646110474663624
2023-06-16,0.16388212006994796
2023-06-20,0.15497189485733315
2023-06-21,0.16148407705645404
2023-06-22,0.15947801263844183
2023-06-23,0.16359003023914928
2023-06-26,0.17693859128842024
2023-06-27,0.1771466094458396
2023-06-28,0.17739507439584634
2023-06-29,0.17738602741024342
2023-06-30,0.17510588378266476
2023-07-03,0.17189531224319596
2023-07-05,0.1712089070101962
2023-07-06,0.1762364872585913
2023-07-07,0.17293864274483944
2023-07-10,0.17495899045188607
2023-07-11,0.16084217761092412
2023-07-12,0.15435964113012954
2023-07-13,0.15797979455185693
2023-07-14,0.1548327913157942
2023-07-17,0.149113217818138
2023-07-18,0.14843861192981303
2023-07-19,0.14831993218885184
2023-07-20,0.16854128207112243
2023-07-21,0.16354286723289918
2023-07-24,0.16130055776772395
2023-07-25,0.1612554544390304
2023-07-26,0.15862722589715933
2023-07-27,0.15769903992736262
2023-07-28,0.1644112154198935
2023-07-31,0.16215718589098221
2023-08-01,0.1622702536934848
2023-08-02,0.17559535784410762
2023-08-03,0.17234403606127685
2023-08-04,0.17007008199705814
2023-08-07,0.16872833409738988
2023-08-08,0.15960268939713623
2023-08-09,0.16227921950723295
2023-08-10,0.16232494055599017
2023-08-11,0.1629401893816534
2023-08-14,0.16041383482838764
2023-08-15,0.1659789905349069
2023-08-16,0.17011674298704987
2023-08-17,0.16985635989873865
2023-08-18,0.1698541519200417
2023-08-21,0.17954253559291664
2023-08-22,0.17935656309048503
2023-08-23,0.18017099560186936
2023-08-24,0.18032750085058002
2023-08-25,0.18073419390326026
2023-08-28,0.17942668804576725
2023-08-29,0.19083592512259026
2023-08-30,0.19107523595377948
2023-08-31,0.17675043397643767
2023-09-01,0.1757074908104242
2023-09-05,0.17521230215027503
2023-09-06,0.17809088819309696
2023-09-07,0.17825687279967872
2023-09-08,0.17821199010720762
2023-09-11,0.17663528409816343
2023-09-12,0.17727082470297348
2023-09-13,0.17777429548440388
2023-09-14,0.1680499976789214
2023-09-15,0.17457277805982863
2023-09-18,0.17457453515788854
2023-09-19,0.17325440534326766
2023-09-20,0.1771221286146725
2023-09-21,0.17709837708210924
2023-09-22,0.17699951783685666
2023-09-25,0.1785589469087122
2023-09-26,0.1790614806666235
2023-09-27,0.17449719944334519
2023-09-28,0.1724750745059059
2023-09-29,0.16995763440829967
2023-10-02,0.17330029342391726
2023-10-03,0.17064315469682997
2023-10-04,0.1732411791932851
2023-10-05,0.16900492945338838
2023-10-06,0.16709220209363979
2023-10-09,0.16698674372146305
2023-10-10,0.16619677014076764
2023-10-11,0.15285465558578537
2023-10-12,0.1528970793532603
2023-10-13,0.15433778726527178
2023-10-16,0.15613939383324513
2023-10-17,0.15542626343632485
2023-10-18,0.15890521079689146
2023-10-19,0.16255764124282227
2023-10-20,0.17028020976507446
2023-10-23,0.16289675233963122
2023-10-24,0.1638844322924909
2023-10-25,0.17509765320330087
2023-10-26,0.17970768505332538
2023-10-27,0.17734847744270893
2023-10-30,0.18112989608012112
2023-10-31,0.18173874823038275
2023-11-01,0.18612831404160718
2023-11-02,0.18899710039783657
2023-11-03,0.18969621874931725
2023-11-06,0.18875688019852094
2023-11-07,0.18418019047566203
2023-11-08,0.18405410790834248
2023-11-09,0.18395888922134754
2023-11-10,0.19118217827201475
2023-11-13,0.18811946249597136
2023-11-14,0.18638582923051358
2023-11-15,0.1843283243254948
2023-11-16,0.18425457366434533
2023-11-17,0.18004811050300432
2023-11-20,0.18075555891594028
2023-11-21,0.18083615915467355
2023-11-22,0.180260465063663
2023-11-24,0.18029670457883737
2023-11-27,0.17869113682714718
2023-11-28,0.17774555580374793
2023-11-29,0.17914305369355638
2023-11-30,0.17209507870860297
2023-12-01,0.16737861133184576
2023-12-04,0.16128284217885464
2023-12-05,0.16184716078290573
2023-12-06,0.1642296967874518
2023-12-07,0.14905030033724997
2023-12-08,0.12928006923176566
2023-12-11,0.13607627058362662
2023-12-12,0.13460414529354217
2023-12-13,0.1349306959345448
2023-12-14,0.12806230110183378
2023-12-15,0.11929119853556605
2023-12-18,0.12070601151067066
2023-12-19,0.12085647958488634
2023-12-20,0.12845345040875722
2023-12-21,0.13130681923031576
2023-12-22,0.1283638054267858
2023-12-26,0.11847895535390318
2023-12-27,0.11845759030386079
2023-12-28,0.10907980624614501
2023-12-29,0.11024419167973991
2024-01-02,0.1123241878470605
2024-01-03,0.11408647531752253
2024-01-04,0.1126016724531878
2024-01-05,0.11268990997797174
2024-01-08,0.122243758995483
2024-01-09,0.12169367815861225
2024-01-10,0.1241050797289237
2024-01-11,0.12346589204506674
2024-01-12,0.12153202667902024
2024-01-16,0.1217432672260488
2024-01-17,0.12272582497427492
2024-01-18,0.11873676460009214
2024-01-19,0.12113974777384943
2024-01-22,0.11721157874873682
2024-01-23,0.11166316945949488
2024-01-24,0.11178384882568226
2024-01-25,0.10989083469995505
2024-01-26,0.10929527245636203
2024-01-29,0.1126344267933568
2024-01-30,0.11283491958091771
2024-01-31,0.13312157661526003
2024-02-01,0.13258124035029595
2024-02-02,0.16242152681687586
2024-02-05,0.1573314257423478
2024-02-06,0.1548417784577855
2024-02-07,0.15815196516874097
2024-02-08,0.1581129928129261
2024-02-09,0.15962620411514128
2024-02-12,0.1604000003167746
2024-02-13,0.16538239986565467
2024-02-14,0.16534582601775052
2024-02-15,0.16417071036416298
2024-02-16,0.16481200329845383
2024-02-20,0.16919282970470614
2024-02-21,0.1638469969180746
2024-02-22,0.18316785637609898
2024-02-23,0.18328905576026794
2024-02-26,0.18358921571375594
2024-02-27,0.1827198700011576
2024-02-28,0.1834102985932521
2024-02-29,0.18265232606652326
2024-03-01,0.18245303989266318
2024-03-04,0.18608653784944523
2024-03-05,0.19092416701623097
2024-03-06,0.19063896306273148
2024-03-07,0.1941779103781952
2024-03-08,0.19359596503789925
2024-03-11,0.19383465826267032
2024-03-12,0.19583040170904678
2024-03-13,0.19658788194189256
2024-03-14,0.18219439204292445
2024-03-15,0.18262008551759704
2024-03-18,0.1627004902694169
2024-03-19,0.16192028117483084
2024-03-20,0.1644413402869855
2024-03-21,0.16156014687227294
2024-03-22,0.1616744060204181
2024-03-25,0.16026920350142304
2024-03-26,0.15934064028764358
2024-03-27,0.1534204265753865
2024-03-28,0.1516904457572129
2024-04-01,0.15028739046298967
2024-04-02,0.15356662182624478
2024-04-03,0.14988170340010193
2024-04-04,0.1522651179310139
2024-04-05,0.12837631359318685
2024-04-08,0.12769537671622955
2024-04-09,0.12737397376932055
2024-04-10,0.12830417338441963
2024-04-11,0.13154019890071417
2024-04-12,0.14227218045278045
2024-04-15,0.14993734068140693
2024-04-16,0.14507286325623345
2024-04-17,0.1412337916043035
2024-04-18,0.1412721612884466
2024-04-19,0.1432200920748287
2024-04-22,0.1427649454584845
2024-04-23,0.1485786852473817
2024-04-24,0.14348381266450305
2024-04-25,0.14413321223821893
2024-04-26,0.15275774125911723
2024-04-29,0.1542820313324934
2024-04-30,0.16059626648633055
2024-05-01,0.1599645481143708
2024-05-02,0.16126260124054898
2024-05-03,0.16678741101525577
2024-05-06,0.1706563401378805
2024-05-07,0.17075996938260385
2024-05-08,0.17065572219737782
2024-05-09,0.17047851790110088
2024-05-10,0.17024787296223265
2024-05-13,0.17012027169832217
2024-05-14,0.16798902975776928
2024-05-15,0.16930456914603467
2024-05-16,0.167399067436243
2024-05-17,0.1654130162089251
2024-05-20,0.16631603432726016
2024-05-21,0.16847597818366525
2024-05-22,0.1696656541129688
2024-05-23,0.16656889531039404
2024-05-24,0.15888340022520056
2024-05-28,0.14920031243181417
2024-05-29,0.15143355253408228
2024-05-30,0.1537552511134492
2024-05-31,0.1536750826808993
2024-06-03,0.14136279335686439
2024-06-04,0.14140288918578892
2024-06-05,0.14048601255473203
2024-06-06,0.13943321174252526
2024-06-07,0.13768703081531442
2024-06-10,0.13064960511925708
2024-06-11,0.12848336703525445
2024-06-12,0.10889328716757338
2024-06-13,0.10788513863146486
2024-06-14,0.10435143012576328
2024-06-17,0.09932724945778705
2024-06-18,0.09541164405663488
2024-06-20,0.09463133423981993
2024-06-21,0.09573877841708477
2024-06-24,0.09673010379470723
2024-06-25,0.10273126595291313
2024-06-26,0.10567884741463425
2024-06-27,0.10384487508070349
2024-06-28,0.10370494585797412
2024-07-01,0.10717785966665411
2024-07-02,0.11372568648283798
2024-07-03,0.1127690943826283
2024-07-05,0.11260898647727298
2024-07-08,0.10843963682138824
2024-07-09,0.10595810792287044
2024-07-10,0.10586643696762567
2024-07-11,0.1390711570873971
2024-07-12,0.136029414165939
2024-07-15,0.13028455806352315
2024-07-16,0.13028390915480506
2024-07-17,0.14319105119399744
2024-07-18,0.1448894485627967
2024-07-19,0.14645349993833115
2024-07-22,0.14997611984743145
2024-07-23,0.14966137416028952
2024-07-24,0.1925789878783737
2024-07-25,0.19342892759013564
2024-07-26,0.19347822404520634
2024-07-29,0.1935051799923312
2024-07-30,0.1949427826609811
2024-07-31,0.20366407535249278
2024-08-01,0.21029893779282782
2024-08-02,0.2207247650232767
2024-08-05,0.2462942187431338
2024-08-06,0.24856064989235288
2024-08-07,0.24506025138820592
2024-08-08,0.25353918625927563
2024-08-09,0.2537657210015119
2024-08-12,0.2540256152943732
2024-08-13,0.2597015382505378
2024-08-14,0.2550206604569448
2024-08-15,0.2610364065243733
2024-08-16,0.2590549132299152
2024-08-19,0.26195109087498175
2024-08-20,0.2615492712304696
2024-08-21,0.25915191949905864
2024-08-22,0.25060096438050566
2024-08-23,0.25427931076981247
2024-08-26,0.25358463135663645
2024-08-27,0.25299097858400965
2024-08-28,0.2496176391402502
2024-08-29,0.24933964912759218
2024-08-30,0.2503790521717985
2024-09-03,0.25790164903800317
2024-09-04,0.25789775169751256
2024-09-05,0.23233695642521598
2024-09-06,0.2468848397942468
2024-09-09,0.2480823348336291
2024-09-10,0.24777937345768816
2024-09-11,0.25134148539144113
2024-09-12,0.24500440025644651
2024-09-13,0.23957798255336785
2024-09-16,0.22959172655983198
2024-09-17,0.19745411289566964
2024-09-18,0.1962985126003733
2024-09-19,0.20508749355955233
2024-09-20,0.19635702050322343
2024-09-23,0.19636503294680216
2024-09-24,0.1964927693029846
2024-09-25,0.1876338553050662
2024-09-26,0.18795367250705347
2024-09-27,0.17912719564267407
2024-09-30,0.17976600256620465
2024-10-01,0.17910451944614747
2024-10-02,0.178384312194425
2024-10-03,0.17835780232889756
2024-10-04,0.17798540610921856
2024-10-07,0.17924731740514038
2024-10-08,0.1798753373385465
2024-10-09,0.17950815266663908
2024-10-10,0.17710655307497797
2024-10-11,0.17718260501164035
2024-10-14,0.1753094599033711
2024-10-15,0.1630127775969621
2024-10-16,0.16279979694305594
2024-10-17,0.16223925175703027
2024-10-18,0.1334274533779074
2024-10-21,0.1301931497744303
2024-10-22,0.13026341362608865
2024-10-23,0.13533378252721745
2024-10-24,0.14484708801505944
2024-10-25,0.14590778917845118
2024-10-28,0.14541970419481576
2024-10-29,0.1454345377061194
2024-10-30,0.14521737519994413
2024-10-31,0.1502188147458158
2024-11-01,0.15077091188694855
2024-11-04,0.15127787273357843
2024-11-05,0.15624973512134854
2024-11-06,0.20185999784748393
2024-11-07,0.20360167124361248
2024-11-08,0.20376376075656244
2024-11-11,0.2037283077626464
2024-11-12,0.20119434154168891
2024-11-13,0.2009791944951452
2024-11-14,0.20386120051252393
2024-11-15,0.2055738180552552
2024-11-18,0.20066270413308754
2024-11-19,0.20032854271238704
2024-11-20,0.20035786236339506
2024-11-21,0.20176229030040582
2024-11-22,0.2015627202913468
2024-11-25,0.20110512506779837
2024-11-26,0.19512885966240012
2024-11-27,0.1966189901026075
2024-11-29,0.19735047697885963
2024-12-02,0.19866557511942487
2024-12-03,0.1986973797272303
2024-12-04,0.19925988211912235
2024-12-05,0.19071875721164241
2024-12-06,0.18313365161405198
2024-12-09,0.182984487273284
2024-12-10,0.18308578508720322
2024-12-11,0.1855291007617817
2024-12-12,0.18886225980499213
2024-12-13,0.1685602835706357
2024-12-16,0.1685119821334161
2024-12-17,0.16665202076785676
2024-12-18,0.18982810242512674
2024-12-19,0.14082050064671048
2024-12-20,0.13727001863400404
2024-12-23,0.14052943586229333
2024-12-24,0.14574544161649916
2024-12-26,0.14565379134937334
2024-12-27,0.15287904432263383
2024-12-30,0.15390581562163386
2024-12-31,0.14975800113947174
2025-01-02,0.14921813945195886
2025-01-03,0.15919922904165265
2025-01-06,0.16305944811793044
2025-01-07,0.16954032490797308
2025-01-08,0.1695506568830095
2025-01-10,0.17299461186901458
2025-01-13,0.17225438809307858
2025-01-14,0.17198663885496335
2025-01-15,0.18865699999548488
2025-01-16,0.1952528806281039
2025-01-17,0.1994472070095065
2025-01-21,0.19873838747618905
2025-01-22,0.1996450903526646
2025-01-23,0.19976430205696483
2025-01-24,0.2001836670036955
2025-01-27,0.20679258363063957
2025-01-28,0.2104456972243698
2025-01-29,0.2098871744113148
2025-01-30,0.20986086613692811
2025-01-31,0.20930344960948327
2025-02-03,0.2120026226432423
2025-02-04,0.1969421628569101
2025-02-05,0.19890752887664295
2025-02-06,0.1985268980547055
2025-02-07,0.1999634430304088
2025-02-10,0.19525435073273278
2025-02-11,0.19536147728939485
2025-02-12,0.19090680582408204
2025-02-13,0.19321854176220493
2025-02-14,0.19126507866488743
2025-02-18,0.19168315976007186
2025-02-19,0.18269192034749415
2025-02-20,0.18027855521716435
2025-02-21,0.19190966529382777
2025-02-24,0.19452635476938776
2025-02-25,0.19860032913396963
2025-02-26,0.19774164705271302
2025-02-27,0.20524835513615558
2025-02-28,0.1951474776864036
2025-03-03,0.20511233626153363
2025-03-04,0.19864918317878133
2025-03-05,0.20168630807846993
2025-03-06,0.20423161055870817
2025-03-07,0.20340494777216428
2025-03-10,0.23655325835823918
2025-03-11,0.2341642887464034
2025-03-12,0.23208119656314896
2025-03-13,0.2356514481657856
2025-03-14,0.2533852682890965
2025-03-17,0.2533705291557201
2025-03-18,0.2551634215415567
2025-03-19,0.25597528707997086
2025-03-20,0.2563338197881261
2025-03-21,0.2597509846412284
2025-03-24,0.2742083180453011
2025-03-25,0.2759630121784464
2025-03-26,0.280406110026946
2025-03-27,0.2804882748858804
2025-03-28,0.28310518808888135
2025-03-31,0.2828505142757518
2025-04-01,0.2863557346028954
2025-04-02,0.2875217820012148
2025-04-03,0.327651748405255
2025-04-04,0.3596396413114011
2025-04-07,0.3602926783057625
2025-04-08,0.3592554762319758
2025-04-09,0.4981094858759697
2025-04-10,0.5090666627915656
2025-04-11,0.5096728545753998
2025-04-14,0.5033365834358259
2025-04-15,0.5032149611663809
2025-04-16,0.507379868900713
2025-04-17,0.5100410972285551
2025-04-21,0.5167150584025985
2025-04-22,0.5095165317869528
2025-04-23,0.5158612796411437
2025-04-24,0.5179477572582161
2025-04-25,0.518247668777847
2025-04-28,0.5116589124979969
2025-04-29,0.5116202807267984
2025-04-30,0.5097660678789535
2025-05-01,0.5101255183049187
2025-05-02,0.5113125715550745
2025-05-05,0.5105229035882104
2025-05-06,0.5034138619690213
2025-05-07,0.5020809901780819
2025-05-08,0.5007286985176695
2025-05-09,0.5007437977527673
2025-05-12,0.5106775551107199
2025-05-13,0.5107763964877464
2025-05-14,0.5108234557792275
2025-05-15,0.5131663875527163
2025-05-16,0.4829042348312858
2025-05-19,0.44403858457880535
2025-05-20,0.4446921846671634
2025-05-21,0.4457161076419828
2025-05-22,0.3042216991551232
2025-05-23,0.277572350032693
2025-05-27,0.27958163239006806
2025-05-28,0.27982258184171693
2025-05-29,0.27916362001375783
2025-05-30,0.26441102005983147
2025-06-02,0.2488887255432486
2025-06-03,0.22298933133951127
2025-06-04,0.2134766870468449
2025-06-05,0.21457965444166527
2025-06-06,0.21368615120772105
2025-06-09,0.20874227821075836
2025-06-10,0.21033664725901358
2025-06-11,0.2108218992521779
2025-06-12,0.2083613198082019
2025-06-13,0.20561352610331854
2025-06-16,0.2057525887734753
2025-06-17,0.20459813602782695
2025-06-18,0.20193142423823765
2025-06-20,0.20319587338024414
2025-06-23,0.2027746826837363
2025-06-24,0.20289498409387174
2025-06-25,0.162109301064668
2025-06-26,0.16389910059816765
2025-06-27,0.16270686787163033
2025-06-30,0.15267103279962713
2025-07-01,0.15222398802655562
2025-07-02,0.1527330613617239
2025-07-03,0.15331420375894403
2025-07-07,0.15235748231745044
2025-07-08,0.15247154849040442
2025-07-09,0.14832727421839634
2025-07-10,0.13432906611201648
2025-07-11,0.13297656091617974
2025-07-14,0.13308223336285993
2025-07-15,0.1322663533696767
2025-07-16,0.1317880809711499
2025-07-17,0.13180778059876333
2025-07-18,0.13166190051956167
2025-07-21,0.11403907972837936
2025-07-22,0.10073861314080924
2025-07-23,0.10129951746410136
2025-07-24,0.10003622841306407
2025-07-25,0.09986260789736143
2025-07-28,0.10089699152830708
2025-07-29,0.1063913982399516
2025-07-30,0.10183881477387534
2025-07-31,0.09917698620362776
2025-08-01,0.13644522418293473
2025-08-04,0.14029223465470736
2025-08-05,0.13837843897932972
2025-08-06,0.1413631766691945
2025-08-07,0.14129538619184853
2025-08-08,0.14437677385684153
2025-08-11,0.14275500460461074
2025-08-12,0.1466893572968405
2025-08-13,0.14555009835128363
2025-08-14,0.1450425065704916
2025-08-15,0.14436604859727056
2025-08-18,0.13539559399261064
2025-08-19,0.14178097186715533
2025-08-20,0.14393362955916808
2025-08-21,0.14325962311689486
2025-08-22,0.15634995329238607
2025-08-25,0.15616193697897332
2025-08-26,0.1556133922550517
2025-08-27,0.15563568841505954
2025-08-28,0.1557250179431324
2025-08-29,0.1575668549548576
2025-09-02,0.15974545237911814
2025-09-03,0.1623232955755321
2025-09-04,0.16379406922379422
2025-09-05,0.16319785362608
2025-09-08,0.16291715615884766
2025-09-09,0.1674964077025449
2025-09-10,0.16275804934258006
2025-09-11,0.16456602288912667
2025-09-12,0.16629550078248267
2025-09-15,0.134479217414394
2025-09-16,0.13117896754187267
2025-09-17,0.13137660760132003
2025-09-18,0.1300893241935722
2025-09-19,0.1304740404359478
2025-09-22,0.12632396191557235
2025-09-23,0.13005797561705243
2025-09-24,0.1267991739824604
2025-09-25,0.12995313468973355
2025-09-26,0.13044667535527452
2025-09-29,0.12974605877883977
2025-09-30,0.1299801219770311
2025-10-01,0.12203521081751387
2025-10-02,0.11862211376284172
2025-10-03,0.11811648064240673
2025-10-06,0.10482469115305051
2025-10-07,0.10834219625356356
2025-10-08,0.10889565291996706
2025-10-09,0.10916646422400846
2025-10-10,0.15230947869450417
2025-10-13,0.16054327974749893
2025-10-14,0.16154526605500824
2025-10-15,0.15947076099728896
2025-10-16,0.15851103097987881
2025-10-17,0.15791050861903463
2025-10-20,0.16265757771368566
2025-10-21,0.1578213735905429
2025-10-22,0.15833544274963435
2025-10-23,0.1566852441106319
2025-10-24,0.15498854490551858
2025-10-27,0.16079982785709449
2025-10-28,0.1623114931797245
2025-10-29,0.16222272686445305
2025-10-30,0.18007094178871574
2025-10-31,0.17966093818304563
2025-11-03,0.17946366747192827
2025-11-04,0.18436838325451335
2025-11-05,0.1845604970291773
2025-11-06,0.18929523850272179
2025-11-07,0.18845733929593042
2025-11-10,0.19671211035143527
2025-11-11,0.19667703294849462
2025-11-12,0.19732271561024534
2025-11-13,0.20838938874457108
2025-11-14,0.2084932706575768
2025-11-17,0.2067298891517254
2025-11-18,0.20985720196070182
2025-11-19,0.20905585398218354
2025-11-20,0.21182761256005864
2025-11-21,0.18892936398664403
2025-11-24,0.1892683120814863
2025-11-25,0.18838011687626907
2025-11-26,0.18843438549987823
2025-11-28,0.18807317179838143
2025-12-01,0.18747793198118065
2025-12-02,0.182546298322162
2025-12-03,0.1832856883514459
2025-12-04,0.1829077527956273
2025-12-05,0.18205384981377526
2025-12-08,0.18220755709297434
2025-12-09,0.17247987554533753
2025-12-10,0.17110745283408113
2025-12-11,0.17051451432773107
2025-12-12,0.15456682383448767
2025-12-15,0.15302353941514937
2025-12-16,0.15251898936689987
2025-12-17,0.150522399893674
2025-12-18,0.15368553934359813
2025-12-19,0.14773221527310126
2025-12-22,0.14834464595158667
2025-12-23,0.13945492434434587
2025-12-24,0.1395714735235068
2025-12-26,0.1387723295359254
2025-12-29,0.1221509611298946
2025-12-30,0.12167093005522477
2025-12-31,0.12232503662795911
2026-01-02,0.11349772606879381
2026-01-05,0.11757584319810502
2026-01-06,0.11012582042874725
2026-01-07,0.111002396041343
2026-01-08,0.09576259184123095
2026-01-09,0.09434311825473442
2026-01-12,0.0940565206611033
2026-01-13,0.0948050217676738
2026-01-14,0.09815584909278864
2026-01-15,0.09800164173053695
2026-01-16,0.0962084503902129
2026-01-20,0.1154613173170853
2026-01-21,0.12154589448235095
2026-01-22,0.12973349878746554
2026-01-23,0.13101777005112278
2026-01-26,0.13029170804025478
2026-01-27,0.13700830539541617
2026-01-28,0.1370795835896657
2026-01-29,0.1370772497973466
2026-01-30,0.1374236492658589
2026-02-02,0.13165723736701965
2026-02-03,0.1288501361439368
2026-02-04,0.1313535402210861
2026-02-05,0.14098117536003302
2026-02-06,0.14417000731555218
2026-02-09,0.14679085168926528
2026-02-10,0.14718742621801348
2026-02-11,0.14637908534867983
2026-02-12,0.15570251189579545
2026-02-13,0.1555397437269002
2026-02-17,0.15561365457357595
2026-02-18,0.1531907073262184
2026-02-19,0.15314052521625512
2026-02-20,0.15577656800951795
2026-02-23,0.15973935603467312
2026-02-24,0.1593117668635073
2026-02-25,0.1679191283896041
2026-02-26,0.16855090513503215
2026-02-27,0.16795610311798279
2026-03-02,0.16836750861819696
2026-03-03,0.16897941936583807
2026-03-04,0.15957383830673433
2026-03-05,0.15517144267083588
2026-03-06,0.1509147270435827
2026-03-09,0.1510839659147561
2026-03-10,0.150408305615151
2026-03-11,0.14726261435234492
2026-03-12,0.15234385363172992
2026-03-13,0.15307100358705683
2026-03-16,0.1594042288769169
2026-03-17,0.16064708071819053
2026-03-18,0.16334472052870266
2026-03-19,0.16211854130742298
2026-03-20,0.15885262493570965
2026-03-23,0.15744618660958018
2026-03-24,0.1545510003004284
2026-03-25,0.15541782497562656
2026-03-26,0.16812485162741822
2026-03-27,0.1712905409818771
2026-03-30,0.17129633686179138
2026-03-31,0.20548422804878094
2026-04-01,0.20442410834413946
2026-04-02,0.20461208488402977
2026-04-06,0.20338835504248093
2026-04-07,0.2009000679210637
2026-04-08,0.20594129848157228
2026-04-09,0.2025265846415117
2026-04-10,0.2009821046057164
2026-04-13,0.20237826860316602
2026-04-14,0.20846761457920465
2026-04-15,0.2119568098679297
2026-04-16,0.21083143462037812
2026-04-17,0.21194941011233423
2026-04-20,0.2069721263374254
2026-04-21,0.2064646437126008
2026-04-22,0.20921575828836872
2026-04-23,0.2127355549916043
2026-04-24,0.20686805470466355
2026-04-27,0.20428449945407026
2026-04-28,0.20223833925971746
2026-04-29,0.2023367959928697
2026-04-30,0.19810763141909177
2026-05-01,0.1950547889631567
2026-05-04,0.18637111586042002
2026-05-05,0.1854977344512692
2026-05-06,0.18516231732645722
2026-05-07,0.18527617249747977
2026-05-08,0.16475481216350754
2026-05-11,0.14165896554070875
2026-05-12,0.14125641281221896
2026-05-13,0.1105096141999512
2026-05-14,0.11064680682915738
2026-05-15,0.11264853038358368
2026-05-18,0.11525306089067469
2026-05-19,0.12278447429208587
2026-05-20,0.11836905675272534
2026-05-21,0.11737746548719566
2026-05-22,0.11738912450417786
2026-05-26,0.11737151447149688
2026-05-27,0.10891883472555133
2026-05-28,0.10117482318156513
2026-05-29,0.10203303632880091
2026-06-01,0.10175668434657162
2026-06-02,0.10246032604459583
2026-06-03,0.10481677819379426
2026-06-04,0.1056048556407893
2026-06-05,0.12956116515768412
2026-06-08,0.12573565891642696
2026-06-09,0.1280628854392233
2026-06-10,0.13727082593207568
2026-06-11,0.13854991542901587
2026-06-12,0.13849562804132748
2026-06-15,0.14496727730280812
2026-06-16,0.14498284405138012
2026-06-17,0.158795932222244
2026-06-18,0.15520023804180252
2026-06-22,0.15821924116420102
2026-06-23,0.15758594102181608
2026-06-24,0.15834570305778492
2026-06-25,0.1618555626442945
2026-06-26,0.15932565036424062
2026-06-29,0.16688381575830794
2026-06-30,0.16891073726949285
2026-07-01,0.18010346506196598
2026-07-02,0.17910997693213102
2026-07-06,0.18181947859590228
2026-07-07,0.18306926666627063
2026-07-08,0.18385644883379315
2026-07-09,0.18581714916668998
2026-07-10,0.18704030860522522
2026-07-13,0.18660571720674304
2026-07-14,0.18763774645385115
2026-07-15,0.19174571498534457
2026-07-16,0.1926450973664736
2026-07-17,0.1949460491310838
2026-07-20,0.18981720778300454
2026-07-21,0.17369695239957664
2026-07-22,0.17444439354933994
2026-07-23,0.20264673095573119
2026-07-24,0.19621819213640446
2026-07-27,0.19564710661357146
2026-07-28,0.19611636345429057
2026-07-29,0.1939253626850869
2026-07-30,0.19992448745177926
2026-07-31,0.1980839394918673
